# Blender 5.0.1
# www.blender.org
mtllib boule-de-petanque.mtl
o boule3-boule1-175978
v -0.146332 0.306791 0.190945
v -0.153269 0.314677 0.171709
v -0.153461 0.294308 0.204507
v -0.131637 0.324388 0.171591
v -0.136745 0.320137 0.175532
v -0.128008 0.315467 0.189976
v -0.118143 0.320436 0.188043
v -0.124193 0.330401 0.165568
v -0.166337 0.291722 0.197482
v -0.172418 0.298754 0.180716
v -0.179213 0.289137 0.190457
v -0.113062 0.311528 0.204793
v -0.108584 0.326838 0.182718
v -0.100252 0.332415 0.177344
v -0.100354 0.318454 0.201280
v -0.136885 0.310859 0.191373
v -0.143479 0.318057 0.173928
v -0.141779 0.327059 0.157899
v -0.143490 0.334434 0.139890
v -0.111125 0.350686 0.129156
v -0.094770 0.358790 0.119594
v -0.115763 0.352501 0.119808
v -0.147014 0.324617 0.158147
v -0.075983 0.340961 0.172500
v -0.092297 0.343263 0.160180
v -0.095746 0.338039 0.169017
v -0.090716 0.326103 0.192887
v -0.139617 0.299456 0.206407
v -0.089961 0.348857 0.149046
v -0.113866 0.340816 0.151276
v -0.081080 0.333752 0.184495
v -0.071322 0.359511 0.132965
v -0.076822 0.362780 0.119515
v -0.091913 0.356211 0.129142
v -0.110199 0.346007 0.141928
v -0.113380 0.335727 0.162591
v -0.110663 0.361031 0.095263
v -0.123450 0.352320 0.112443
v -0.150304 0.324215 0.155862
v -0.162137 0.313305 0.165977
v -0.107753 0.349373 0.135414
v -0.126190 0.342781 0.136326
v -0.127960 0.343378 0.133137
v -0.090898 0.352890 0.138625
v -0.152813 0.323869 0.152934
v -0.130742 0.343266 0.130700
v -0.125770 0.304603 0.208307
v -0.082322 0.366049 0.106067
v -0.092267 0.366419 0.094986
v -0.070886 0.348170 0.160505
v -0.071104 0.353840 0.146734
v -0.102211 0.366789 0.083905
v -0.135515 0.341552 0.128968
v -0.137458 0.354646 0.085724
v -0.132295 0.350895 0.106690
v -0.127962 0.361618 0.069855
v -0.154166 0.341738 0.107041
v -0.148800 0.345388 0.102849
v -0.156038 0.346566 0.086942
v -0.165857 0.341488 0.088828
v -0.161797 0.336162 0.113246
v -0.115087 0.364203 0.076880
v -0.168363 0.344398 0.069567
v -0.175460 0.335190 0.094198
v -0.183634 0.329247 0.099418
v -0.181071 0.337472 0.073081
v -0.174508 0.315044 0.149308
v -0.189020 0.302646 0.157075
v -0.169802 0.313071 0.158592
v -0.144840 0.340970 0.121529
v -0.142153 0.347673 0.104537
v -0.136292 0.343759 0.123543
v -0.133470 0.343377 0.126166
v -0.139548 0.343277 0.121224
v -0.147027 0.350861 0.085415
v -0.190708 0.329823 0.081475
v -0.141809 0.356470 0.067955
v -0.194039 0.313067 0.127826
v -0.172125 0.325748 0.127538
v -0.191747 0.318764 0.116736
v -0.200344 0.322173 0.089868
v -0.210102 0.296415 0.141397
v -0.204602 0.293146 0.154845
v -0.191999 0.305509 0.147643
v -0.175603 0.320120 0.136705
v -0.172256 0.330010 0.115878
v -0.188269 0.323921 0.107871
v -0.177792 0.316151 0.142965
v -0.160429 0.325247 0.143102
v -0.205441 0.314964 0.101863
v -0.158674 0.324684 0.146304
v -0.193147 0.309142 0.138293
v -0.155930 0.324887 0.148781
v -0.155654 0.351324 0.066053
v -0.199102 0.289877 0.168296
v -0.189157 0.289507 0.179376
v -0.210538 0.307756 0.113857
v -0.210320 0.302086 0.127626
v -0.150910 0.326026 0.150271
v -0.185355 0.215286 0.248516
v -0.166349 0.265724 0.210216
v -0.159149 0.221261 0.261113
v -0.185058 0.160984 0.286879
v -0.146797 0.170676 0.302957
v -0.153841 0.108150 0.327260
v 0.114824 -0.339353 0.119424
v 0.048849 -0.348168 0.137788
v 0.080940 -0.311708 0.197145
v -0.015846 -0.371584 0.065404
v 0.044564 -0.369191 0.065769
v 0.025243 -0.376543 0.014224
v 0.375560 0.036566 -0.016091
v 0.364296 0.094853 -0.030460
v 0.366170 0.045043 -0.080905
v -0.215517 0.184390 0.249030
v -0.195673 0.238586 0.217388
v -0.197687 0.098153 0.306183
v -0.011027 -0.246661 0.285607
v -0.048795 -0.201070 0.315763
v 0.026086 -0.207258 0.314470
v 0.156680 0.312741 -0.142311
v 0.125553 0.344324 -0.090902
v 0.095495 0.328184 -0.160552
v -0.068013 0.054114 0.367311
v -0.063399 0.102989 0.357552
v -0.020802 0.044545 0.374248
v 0.094075 -0.201816 0.304897
v 0.084620 -0.257398 0.262948
v -0.228811 0.124590 0.273103
v -0.085711 0.310461 0.196852
v -0.138925 0.323799 0.135437
v -0.103025 0.320738 0.170293
v 0.178853 -0.316754 -0.101737
v 0.180713 -0.313212 -0.109152
v 0.139082 -0.323910 -0.135693
v -0.235150 0.061001 0.288872
v -0.211598 -0.132943 0.282921
v -0.226410 -0.069751 0.293858
v -0.164383 -0.093497 0.326679
v -0.234341 -0.004441 0.295862
v -0.197877 -0.032857 0.319747
v -0.097205 0.324668 0.166221
v -0.044714 0.151109 0.342983
v -0.079040 0.143575 0.340008
v -0.060634 0.200822 0.313789
v 0.021951 -0.281643 0.250495
v -0.127168 0.238686 0.263297
v -0.143785 0.280699 0.207386
v 0.198562 -0.262723 -0.185039
v 0.195830 -0.238698 -0.217644
v 0.170037 -0.285643 -0.179392
v 0.190509 0.191985 -0.263638
v 0.247073 0.165123 -0.233133
v 0.227002 0.221502 -0.205065
v 0.218720 0.221886 0.213225
v 0.232904 0.250854 0.159306
v 0.254314 0.212937 0.180372
v 0.192772 -0.306787 0.106488
v 0.161290 -0.326113 0.101258
v 0.164815 -0.304126 0.151480
v -0.019276 -0.334122 0.174821
v 0.000978 -0.359459 0.115676
v -0.056450 -0.355338 0.114594
v -0.095338 -0.328296 0.160296
v 0.265011 -0.267281 -0.031487
v 0.219851 -0.296894 -0.078671
v 0.221037 -0.300468 -0.059381
v 0.067850 -0.371506 0.003513
v 0.244160 -0.213135 -0.194045
v 0.202566 -0.275119 -0.161126
v 0.065567 -0.370062 -0.037392
v -0.131326 -0.291281 0.201126
v -0.163322 -0.245417 0.235838
v -0.069314 -0.256224 0.268469
v -0.046768 -0.051185 0.371051
v -0.040360 -0.102195 0.361140
v -0.099911 -0.071375 0.356940
v -0.066003 -0.304062 0.213870
v 0.068824 -0.090841 0.359891
v 0.059286 -0.017469 0.372395
v 0.132530 -0.030506 0.352166
v 0.110699 -0.360466 0.021074
v 0.142914 -0.349505 -0.008175
v 0.131983 -0.347943 -0.064606
v -0.121907 -0.211406 0.288026
v 0.226567 0.069640 -0.294113
v 0.262290 0.038984 -0.269019
v 0.269196 0.103547 -0.243898
v 0.111019 -0.351791 -0.081098
v 0.103902 -0.352338 -0.087875
v 0.087099 -0.365243 -0.040715
v 0.056608 0.355225 -0.114850
v 0.069803 0.366205 -0.059900
v 0.016002 0.371472 -0.065660
v 0.299455 0.039339 0.226597
v 0.333993 0.058782 0.166068
v 0.328770 -0.015150 0.185120
v 0.126163 -0.342355 -0.097676
v -0.103772 0.086983 0.352322
v -0.112047 0.135617 0.333941
v -0.151521 -0.155971 0.308564
v -0.190353 -0.192097 0.263383
v -0.013457 -0.306560 0.219995
v 0.339967 -0.122747 -0.109694
v 0.329073 -0.118764 -0.142441
v 0.314423 -0.176123 -0.113129
v 0.254092 -0.244992 0.134279
v 0.259228 -0.267062 0.064151
v 0.225380 -0.289505 0.089540
v -0.188612 0.035374 0.325023
v -0.152766 -0.023789 0.344338
v -0.077304 -0.138365 0.342604
v -0.107148 0.344075 0.112383
v -0.074510 0.353395 0.109829
v 0.198251 0.300460 -0.114143
v 0.214031 0.270234 -0.154236
v 0.163479 0.245305 -0.236094
v 0.002275 0.371307 0.068183
v -0.017390 0.361468 0.107471
v 0.211754 0.132831 -0.283177
v -0.063315 0.367425 0.059207
v -0.095552 0.353166 0.092991
v -0.103745 0.352226 0.087619
v -0.169881 0.285530 0.179137
v -0.025483 0.375494 0.029720
v -0.025087 0.376431 -0.014479
v 0.029899 0.376301 -0.007087
v -0.065411 0.369950 0.037136
v 0.147133 0.334285 0.095647
v 0.094279 0.353683 0.092482
v 0.099294 0.360532 0.051970
v 0.260348 -0.177024 0.208498
v 0.304018 -0.120498 0.188806
v 0.283059 -0.187354 0.165470
v 0.102987 0.362821 -0.017788
v 0.131483 0.291169 -0.201379
v 0.319996 -0.193583 0.052614
v 0.327627 -0.151365 0.111225
v 0.352727 -0.126277 0.047715
v 0.209770 -0.298056 -0.099158
v 0.214312 -0.287996 -0.117498
v 0.235307 -0.061114 -0.289128
v 0.228968 -0.124701 -0.273359
v 0.264720 -0.091772 -0.253376
v 0.204804 -0.311881 -0.058730
v 0.297282 0.159979 -0.169363
v 0.315343 0.092177 -0.186362
v 0.328041 0.122153 -0.141857
v 0.062919 -0.360574 0.092928
v 0.006363 -0.074234 0.370062
v -0.004935 -0.150749 0.346064
v 0.234499 0.004329 -0.296118
v 0.245048 -0.287383 -0.003933
v 0.324607 0.190506 -0.030939
v 0.290993 0.240626 -0.004915
v 0.288479 0.232678 -0.072525
v 0.244812 0.287271 -0.011524
v 0.212406 0.311633 0.018556
v 0.213419 0.304692 -0.064904
v 0.255384 -0.226364 -0.161947
v 0.329407 -0.070562 -0.170872
v 0.295971 -0.094478 -0.214869
v 0.314902 -0.116049 -0.173372
v 0.297868 0.185987 0.138765
v 0.269441 0.226719 0.136249
v 0.289692 0.229283 0.078036
v 0.277523 -0.026869 -0.254858
v 0.297112 0.037675 -0.230192
v -0.100216 0.298823 0.207705
v 0.153758 0.286555 0.191755
v 0.108820 0.307391 0.190222
v 0.103880 0.325033 0.161501
v 0.225482 -0.211518 -0.217058
v 0.215675 -0.184502 -0.249286
v 0.256256 -0.154198 -0.230768
v 0.172764 0.335690 0.005882
v 0.317149 -0.025807 -0.203561
v 0.281401 -0.157734 -0.196538
v 0.248597 0.264183 -0.104999
v 0.271275 0.222733 -0.139409
v -0.130090 0.043841 0.351598
v 0.343655 -0.028734 -0.154122
v 0.344612 -0.075813 -0.134809
v 0.361277 -0.018534 -0.108641
v -0.063193 0.312168 0.202591
v -0.045679 0.317823 0.198468
v -0.005154 0.293885 0.236840
v -0.048723 0.326994 0.182188
v 0.013575 0.312782 0.210898
v 0.106584 -0.358947 -0.049477
v 0.096386 -0.365160 -0.002515
v -0.066761 0.362686 0.080694
v -0.016887 0.274751 0.258281
v -0.004550 0.243183 0.288653
v -0.045433 0.264720 0.265211
v -0.097474 0.187833 0.312543
v 0.282011 -0.246552 -0.048456
v 0.309991 -0.210460 -0.047738
v 0.279988 -0.240722 -0.079578
v 0.303580 -0.167949 -0.149394
v 0.172646 -0.321262 -0.098255
v 0.166829 -0.335225 -0.049498
v 0.156002 -0.342078 -0.036055
v 0.172113 -0.336189 0.000536
v -0.095249 0.328636 0.159422
v 0.043355 0.346378 0.143720
v -0.007948 0.346356 0.149925
v -0.005335 0.353933 0.131191
v 0.029178 -0.326325 0.187711
v 0.099639 -0.356020 0.077071
v 0.080834 -0.365802 0.047731
v 0.154715 0.341521 -0.044791
v 0.044551 0.367432 0.074415
v 0.055994 0.371680 0.035471
v 0.006770 0.375758 0.035948
v -0.150519 0.299460 0.173633
v -0.156485 0.298003 0.170842
v 0.170625 -0.297635 -0.158061
v 0.166437 -0.297164 -0.163326
v -0.133120 0.298297 0.189148
v 0.189343 -0.292966 -0.144920
v 0.315831 0.180071 -0.102288
v -0.110556 -0.002873 0.360891
v -0.094958 0.232665 0.281635
v -0.075092 0.256938 0.266115
v -0.003392 -0.013532 0.377216
v 0.035688 0.056858 0.371455
v -0.049503 0.296727 0.228001
v 0.012601 0.122275 0.356889
v 0.030519 0.161267 0.339918
v 0.071518 0.104841 0.355505
v -0.025586 0.112125 0.359510
v 0.107763 0.037046 0.359886
v 0.170081 0.046184 0.333853
v 0.184806 0.099558 0.313775
v 0.222451 0.063521 0.298353
v 0.128972 -0.105991 0.338613
v 0.196365 -0.090481 0.309513
v 0.159515 -0.158852 0.303097
v 0.075466 0.162072 0.332458
v 0.104265 0.197707 0.304201
v 0.150092 0.153952 0.310289
v 0.346156 0.143965 -0.045621
v 0.349191 0.112415 -0.089865
v 0.346730 -0.066320 0.134123
v 0.363261 -0.028908 0.099109
v 0.068637 -0.151013 0.339127
v 0.324914 0.023558 -0.191192
v 0.279439 -0.214916 -0.135681
v 0.271361 -0.238522 -0.110225
v 0.361621 -0.070486 -0.083245
v 0.299425 -0.230182 -0.003998
v 0.338545 -0.150386 -0.073769
v 0.309405 -0.200371 -0.082422
v 0.337365 -0.165806 -0.036824
v 0.373680 -0.017322 -0.052142
v 0.377215 -0.018501 0.003013
v 0.353723 0.118478 0.058758
v 0.360329 0.071703 0.087347
v 0.342026 0.117373 0.108795
v 0.322126 0.188821 0.056375
v 0.306021 0.116432 0.188053
v 0.265595 0.074775 0.257716
v -0.062335 0.003337 0.372262
v 0.347750 0.073983 -0.127500
v 0.347284 0.024201 -0.146557
v 0.186388 -0.321671 -0.066720
v 0.154586 -0.330941 -0.096172
v 0.174803 -0.328692 -0.063776
v 0.238264 -0.277030 -0.095707
v -0.124134 0.304139 0.185932
v -0.034954 0.227558 0.299116
v 0.188901 -0.297978 -0.134925
v 0.144565 -0.223875 0.267473
v 0.248359 -0.218679 0.181925
v 0.284632 -0.246937 0.025588
v 0.294304 -0.214613 0.099765
v 0.364982 -0.095396 -0.018486
v 0.276908 -0.105606 0.233980
v 0.274405 -0.054598 0.253549
v 0.308416 -0.064569 0.208075
v 0.174930 -0.275709 0.189671
v 0.137709 -0.277695 0.215642
v 0.170027 -0.246442 0.230076
v -0.062727 0.333625 0.165080
v -0.060280 0.339860 0.152829
v -0.052196 0.346559 0.140256
v 0.100637 0.243447 0.270382
v 0.153115 0.204768 0.277736
v 0.113666 0.276425 0.230606
v 0.176725 0.240489 0.231208
v 0.058754 0.300173 0.221234
v 0.063526 0.315390 0.197482
v 0.214524 0.282315 0.129724
v 0.211161 0.300064 0.089059
v 0.252053 0.260534 0.105623
v 0.261961 0.267731 0.047717
v 0.349365 0.142800 0.012987
v 0.367608 0.080531 0.031646
v 0.374283 0.016974 0.047438
v 0.349137 -0.106604 0.096763
v 0.371307 -0.047711 0.049870
v 0.181813 0.326416 0.054370
v 0.092687 0.342633 0.128598
v 0.044177 0.355977 0.117673
v 0.028108 0.337470 0.166824
v -0.079569 0.347327 0.124626
v 0.263667 0.018858 0.269585
v 0.219283 0.008868 0.307201
v 0.248958 0.182137 0.217695
v 0.285142 0.163814 0.185525
v 0.268719 0.129894 0.231231
v 0.195661 0.163588 0.278349
v 0.228784 0.114512 0.277631
v 0.168157 0.307177 0.141079
v 0.359464 0.022499 0.113515
v 0.185609 -0.037233 0.326642
v 0.238178 -0.076844 0.282705
v 0.245569 -0.027852 0.285430
v 0.219363 -0.123103 0.281573
v 0.196829 -0.189113 0.260888
v 0.125135 -0.310581 0.174563
v 0.212376 -0.273940 0.149869
v 0.131822 -0.349391 0.056354
v 0.216300 -0.309282 -0.014584
v 0.186762 -0.327893 -0.016063
v 0.165635 -0.336107 0.047229
v 0.150785 -0.334851 -0.088344
v 0.144472 -0.341147 -0.073534
v 0.247313 -0.276347 -0.071678
v -0.003765 0.329997 0.183260
v 0.055543 0.281578 0.245205
v 0.032522 0.264351 0.267487
v -0.124918 0.270515 0.231710
v 0.229067 -0.260531 -0.149455
v 0.234325 -0.294434 0.032306
v 0.326705 -0.189419 -0.006331
v 0.190638 -0.323033 0.044087
v 0.209144 -0.313708 0.022139
v 0.209400 -0.237026 0.206296
v 0.132786 0.101187 0.338576
v 0.016547 0.204111 0.317089
v -0.013614 0.182236 0.330272
v 0.041113 0.227827 0.298146
v 0.198619 0.201690 0.249798
v 0.243798 -0.147985 0.247461
v -0.073904 0.294008 0.224895
v -0.107734 0.272092 0.238398
v 0.239513 -0.259424 -0.134221
v -0.066448 0.371626 -0.003045
v -0.102028 0.359804 0.051419
v -0.092653 0.365652 -0.015642
v -0.042515 0.369476 -0.065037
v -0.080777 0.359785 -0.081115
v -0.042583 0.349738 -0.135797
v 0.099082 -0.158759 -0.328141
v 0.147888 -0.109943 -0.329762
v 0.085781 -0.076474 -0.359846
v 0.183322 -0.161494 -0.288123
v -0.292541 -0.229730 -0.064976
v -0.317339 -0.204002 -0.015440
v -0.273918 -0.259721 -0.009168
v 0.001263 0.359734 -0.114720
v 0.088366 0.066727 -0.361137
v 0.079137 0.130628 -0.345459
v 0.028802 0.079633 -0.368104
v -0.274014 -0.039119 0.256639
v -0.284855 0.027075 0.246163
v -0.081614 0.294746 -0.221487
v -0.113260 0.308852 -0.185364
v -0.111820 0.264697 -0.245007
v -0.021666 0.033368 -0.375615
v 0.031413 -0.012683 -0.376213
v -0.185528 0.321733 0.067574
v -0.172375 0.321152 0.098193
v 0.096595 -0.324740 -0.167000
v 0.094962 -0.328813 -0.159808
v 0.092586 0.261025 -0.256762
v 0.080543 0.306479 -0.205416
v -0.178023 0.316822 0.102097
v -0.153415 0.310754 -0.149857
v -0.122850 0.327048 -0.143213
v -0.165486 0.326252 -0.093365
v 0.095698 0.007797 -0.365337
v -0.127547 0.355011 -0.014986
v -0.127185 0.350868 0.056779
v 0.070128 -0.363028 -0.077110
v -0.222686 -0.221686 0.209247
v -0.251075 -0.165162 0.228441
v -0.355846 0.097847 -0.079592
v -0.370224 0.069334 -0.025483
v -0.367458 0.050923 -0.070129
v 0.025116 -0.200601 -0.319089
v 0.061650 -0.193050 -0.318786
v 0.031923 -0.153985 -0.343454
v 0.178891 -0.037501 -0.330590
v 0.195760 -0.098653 -0.307650
v -0.016020 -0.312573 -0.211449
v 0.048071 -0.327067 -0.182727
v 0.044365 -0.317622 -0.199559
v 0.184266 -0.215629 -0.249495
v 0.007957 -0.374002 -0.051940
v 0.068718 -0.356672 -0.103548
v 0.141424 0.088472 -0.338899
v -0.031599 0.234019 -0.294725
v -0.001440 0.199834 -0.320477
v 0.023620 0.249374 -0.282637
v 0.183651 0.030216 -0.328711
v -0.087871 0.135471 -0.341417
v -0.130554 0.183764 -0.302992
v -0.170368 0.118915 -0.315368
v 0.141418 -0.226670 -0.267057
v 0.118744 -0.259861 -0.247114
v 0.140641 -0.286975 -0.201377
v 0.146294 0.154843 -0.311912
v -0.144643 -0.312829 0.154180
v -0.197086 -0.271298 0.173467
v 0.162713 -0.285706 -0.185964
v 0.177971 -0.252071 -0.217899
v -0.266227 0.091683 0.251363
v -0.302962 -0.030911 -0.223278
v -0.324419 -0.080837 -0.175507
v -0.278962 -0.100639 -0.233796
v 0.150098 -0.301031 -0.171853
v -0.072342 0.323584 -0.180667
v -0.092160 0.340404 -0.134888
v 0.127447 0.212311 -0.285188
v 0.145304 -0.000368 -0.348684
v -0.141256 -0.339964 -0.084205
v -0.127172 -0.351375 -0.054567
v -0.088022 -0.351101 -0.107774
v -0.065952 -0.193091 -0.317868
v -0.037223 -0.249919 -0.280768
v -0.005087 -0.223486 -0.304487
v 0.029311 0.336026 -0.169763
v 0.035433 0.297411 -0.230008
v 0.053231 0.194704 -0.319228
v -0.168799 0.299089 0.156636
v -0.197801 0.281298 0.155645
v -0.304009 -0.053810 0.217181
v -0.285828 -0.102706 0.224155
v -0.254078 0.215604 0.177290
v -0.243913 0.247581 0.147269
v -0.201440 0.249664 0.198898
v -0.177866 0.284108 0.173563
v -0.226320 0.211419 0.215753
v -0.257472 0.154160 0.228929
v -0.343556 0.123603 0.095816
v -0.316440 0.164169 0.124082
v -0.313712 0.139281 0.157043
v -0.133048 -0.119310 -0.332750
v -0.195370 -0.132379 -0.294869
v -0.131709 -0.165015 -0.313180
v -0.299411 0.095066 0.209251
v -0.124869 -0.260776 -0.243016
v -0.172583 -0.209608 -0.262536
v -0.189936 -0.252748 -0.206581
v 0.061569 -0.333865 -0.165572
v 0.056753 -0.343289 -0.146964
v -0.067983 -0.366340 0.061402
v 0.063233 -0.312347 -0.202779
v -0.272895 -0.216542 0.145478
v -0.238754 -0.270361 0.111567
v -0.278703 -0.236849 0.093637
v 0.157323 -0.152299 -0.307826
v -0.055513 0.189000 -0.322228
v 0.007381 0.145303 -0.348552
v 0.003943 -0.292469 -0.239003
v -0.348680 -0.134166 0.054314
v -0.362704 -0.073298 0.074748
v -0.337982 -0.117092 0.120701
v -0.356747 -0.026228 0.120587
v -0.356457 0.024237 0.121831
v -0.330753 -0.031071 0.179235
v -0.000355 -0.367556 -0.086875
v -0.150339 -0.346383 -0.003871
v -0.099234 -0.363633 0.022895
v -0.110381 -0.360196 -0.026192
v -0.371191 -0.014900 -0.067357
v -0.375525 0.020692 -0.032892
v -0.376519 -0.026738 0.006543
v -0.117908 -0.344755 0.099088
v -0.179465 -0.311521 0.115350
v -0.170474 0.332092 0.056186
v -0.323645 0.193367 0.019186
v -0.297596 0.230208 0.030695
v -0.323591 0.187112 0.052675
v 0.026634 -0.375619 -0.028925
v -0.028370 -0.376485 0.008415
v -0.339401 0.052800 0.156529
v -0.161024 -0.337685 0.051194
v -0.053514 -0.372949 -0.025813
v -0.320219 -0.097063 0.174746
v -0.301481 -0.152103 0.168765
v -0.025721 0.319428 -0.199742
v -0.191565 -0.325357 0.005692
v -0.167639 -0.336250 -0.037889
v -0.222875 -0.303669 -0.026441
v -0.204537 0.311853 0.058414
v -0.219786 0.300920 0.060328
v -0.244354 0.287681 0.006394
v -0.219054 0.297136 0.078864
v -0.263082 0.268783 0.032337
v 0.162107 -0.266804 -0.212669
v 0.161051 -0.234371 -0.248656
v -0.201617 0.262841 0.180941
v -0.229387 0.299278 -0.018202
v -0.226474 0.295319 -0.063446
v -0.204075 0.316844 -0.021976
v -0.130099 0.342628 -0.090700
v -0.037016 -0.323989 -0.190582
v -0.080395 -0.324208 -0.176283
v -0.030998 -0.339131 -0.163358
v -0.075693 -0.362734 -0.072959
v 0.103046 -0.320801 -0.170719
v 0.103216 -0.293682 -0.213969
v 0.111882 -0.281795 -0.225306
v 0.086748 -0.266659 -0.253095
v -0.180158 0.313269 0.109071
v -0.288248 0.224438 0.095014
v -0.252477 0.260644 0.103955
v -0.254214 0.251026 0.121836
v 0.135239 -0.056485 -0.348163
v 0.131870 -0.183106 -0.302957
v 0.159510 -0.193909 -0.282235
v -0.316531 0.035737 0.202503
v -0.284096 0.190923 0.159101
v -0.284827 0.161714 0.187599
v -0.251643 0.195012 0.202768
v -0.125200 0.343174 0.095165
v -0.119194 0.344535 0.097916
v 0.105408 -0.345222 -0.111248
v 0.109555 -0.345599 -0.105943
v -0.141252 0.341193 0.078334
v 0.085341 -0.346750 -0.123073
v -0.316833 -0.177480 0.103165
v -0.012919 0.290805 -0.240570
v -0.152072 0.343129 -0.040817
v -0.177780 0.332464 -0.019600
v -0.088624 0.228167 -0.287579
v -0.160038 0.233109 -0.250283
v -0.211484 0.311581 0.026428
v -0.180664 0.269539 -0.193082
v -0.213862 0.266147 -0.161210
v -0.212239 0.223270 -0.218367
v -0.147112 0.290485 -0.191185
v -0.197009 0.171137 -0.272947
v -0.241327 0.120060 -0.264471
v -0.280457 0.123546 -0.220592
v -0.281066 0.073297 -0.241289
v -0.116526 0.077248 -0.350854
v -0.167755 0.024078 -0.337515
v -0.096025 0.011183 -0.365121
v -0.245165 0.233550 -0.167058
v -0.281191 0.214755 -0.131756
v -0.288578 0.168949 -0.175332
v -0.331120 -0.178745 0.030855
v -0.301714 -0.222773 0.043461
v -0.212705 -0.211005 -0.229922
v -0.272683 -0.181870 -0.187548
v -0.253660 -0.226134 -0.164710
v -0.044251 0.094449 -0.363011
v -0.201125 -0.311713 0.070362
v -0.032063 -0.361176 -0.105678
v -0.017997 -0.351522 -0.136974
v -0.197032 -0.312726 -0.077375
v -0.071799 -0.299896 -0.218099
v -0.132262 -0.329965 -0.127514
v -0.077169 -0.340446 -0.144174
v -0.131430 -0.313735 -0.164119
v -0.247614 -0.276136 -0.070908
v -0.264026 -0.244956 -0.113506
v -0.348131 -0.131252 -0.064313
v -0.330968 -0.139856 -0.116085
v -0.352134 -0.093571 -0.099039
v -0.368887 -0.079623 -0.010872
v -0.346242 -0.022470 -0.148927
v -0.308882 0.026331 -0.215602
v -0.054998 0.270286 -0.257934
v -0.266448 -0.263150 0.048108
v -0.229637 -0.298047 0.031718
v 0.084951 -0.310251 -0.198010
v 0.121773 -0.312674 -0.173453
v 0.097053 -0.304431 -0.201456
v 0.026608 -0.339824 -0.162717
v -0.150641 0.336292 0.081943
v -0.197209 0.313598 -0.072797
v 0.086187 -0.342677 -0.133463
v -0.034651 -0.031953 -0.374771
v -0.090981 -0.147731 -0.335511
v -0.058255 -0.280227 -0.246467
v -0.105325 -0.225425 -0.284172
v -0.200871 -0.286704 -0.141669
v -0.196954 -0.080422 -0.312059
v -0.232511 -0.042758 -0.294509
v -0.238987 -0.096936 -0.275889
v -0.003489 -0.123464 -0.356975
v 0.018033 -0.084904 -0.367632
v -0.029076 -0.081696 -0.367641
v -0.208512 0.298569 0.099346
v -0.210994 0.292416 0.111634
v -0.217793 0.282724 0.122954
v -0.298491 0.217770 -0.077524
v -0.314265 0.170937 -0.120675
v -0.318297 0.200586 -0.031139
v -0.341733 0.144205 -0.070383
v -0.290787 0.240678 0.004957
v -0.368874 0.077546 0.020705
v -0.366880 0.062990 0.062707
v -0.376107 0.028744 0.015261
v -0.372568 -0.009781 0.060053
v -0.348216 -0.145226 -0.014212
v -0.327126 -0.174595 -0.071229
v -0.296033 -0.199031 -0.123856
v -0.352958 0.072577 0.112439
v -0.317847 0.182209 0.090893
v -0.288024 0.212400 0.120040
v -0.277615 0.244096 0.076411
v -0.194193 0.290745 0.142262
v -0.275305 0.008510 -0.258336
v -0.246586 0.054995 -0.280677
v -0.353970 0.062777 -0.115382
v -0.360274 0.011484 -0.112352
v -0.338965 0.034018 -0.162826
v -0.319437 0.125045 -0.157738
v -0.312404 0.080562 -0.196182
v -0.353774 0.125533 0.039845
v -0.343650 0.156117 -0.006661
v -0.246264 -0.167497 -0.232208
v -0.306185 -0.146377 -0.165579
v -0.198067 0.066509 -0.314593
v -0.199760 -0.012408 -0.320274
v -0.236805 0.007688 -0.294081
v -0.156537 -0.023020 -0.342947
v -0.092959 -0.052632 -0.362291
v 0.058822 -0.117756 -0.354072
v -0.021383 -0.170788 -0.336241
v 0.109700 -0.213063 -0.292006
v 0.041542 -0.291195 -0.236984
v 0.075217 -0.282223 -0.239540
v 0.079076 -0.233775 -0.285988
v 0.124943 -0.307296 -0.180667
v 0.129607 -0.297157 -0.193868
v 0.013229 -0.330421 -0.182522
v -0.254007 0.270824 0.068034
v -0.283040 0.248706 -0.023437
v -0.261270 0.268848 -0.044501
v -0.140937 0.349136 0.027467
v 0.037101 -0.359345 -0.110232
v 0.006632 -0.266704 -0.267406
v -0.116809 -0.299350 -0.198475
v 0.053423 -0.245337 -0.282214
v 0.039847 -0.266146 -0.265073
v -0.057439 -0.116766 -0.354603
v -0.250120 0.172435 -0.224248
v -0.224698 0.281097 -0.114189
v -0.192382 0.297954 -0.129472
v -0.252574 0.265094 -0.092019
v -0.338106 0.123546 -0.113862
v -0.149620 -0.071182 -0.339411
v -0.191157 0.323796 0.033509
v -0.156226 0.343146 0.018933
v 0.024761 -0.356036 -0.123619
v 0.166990 -0.344246 -0.074836
v 0.155422 -0.346061 -0.090951
v 0.164564 -0.341338 -0.092709
v 0.148635 -0.344849 -0.105718
v 0.144915 -0.340654 -0.123073
v 0.153621 -0.341432 -0.109613
v 0.181117 -0.329951 -0.102569
v 0.160714 -0.336229 -0.115382
v 0.170460 -0.330531 -0.117840
v 0.178825 -0.337797 -0.078108
v 0.173501 -0.335471 -0.097704
v 0.187799 -0.330674 -0.085924
v 0.142446 -0.346968 -0.107287
v 0.143647 -0.334546 -0.140144
v 0.155156 -0.350696 -0.071562
v 0.117378 -0.362690 -0.081645
v 0.125042 -0.351296 -0.114648
v 0.133275 -0.349972 -0.109294
v 0.188903 -0.307852 -0.147462
v 0.175616 -0.317640 -0.143053
v 0.172556 -0.316604 -0.148952
v 0.138828 -0.341923 -0.126521
v 0.147039 -0.350070 -0.089533
v 0.142262 -0.355489 -0.073331
v 0.138135 -0.353602 -0.089823
v 0.173570 -0.321314 -0.137218
v 0.170325 -0.326537 -0.128682
v 0.185427 -0.324985 -0.110436
v 0.159421 -0.326026 -0.143146
v 0.190798 -0.314882 -0.129009
v 0.188663 -0.320181 -0.118685
v 0.206265 -0.310124 -0.116078
v 0.201519 -0.316838 -0.104909
v 0.195616 -0.293475 -0.166772
v 0.186134 -0.305197 -0.156243
v 0.168180 -0.314772 -0.157594
v 0.161046 -0.314988 -0.164468
v 0.155232 -0.325686 -0.148427
v 0.150826 -0.326476 -0.150180
v 0.186355 -0.293129 -0.177093
v 0.129369 -0.360282 -0.075101
v 0.105388 -0.365098 -0.088186
v 0.134344 -0.342921 -0.127396
v 0.196773 -0.323550 -0.093739
v 0.189966 -0.311225 -0.138751
v 0.206063 -0.304844 -0.128902
v 0.200738 -0.296518 -0.154250
v 0.205859 -0.299563 -0.141725
v 0.157786 -0.325499 -0.146125
v 0.177094 -0.292786 -0.187411
v 0.115492 -0.313637 -0.200763
v 0.129330 -0.317112 -0.186862
v 0.120149 -0.321741 -0.185064
v 0.137415 -0.321349 -0.173360
v 0.142067 -0.327710 -0.156915
v 0.132654 -0.325287 -0.169681
v 0.103499 -0.332901 -0.175109
v 0.125722 -0.330867 -0.164072
v 0.115669 -0.335850 -0.161314
v 0.103658 -0.320086 -0.197491
v 0.111250 -0.327698 -0.180106
v 0.094684 -0.327210 -0.189675
v 0.143681 -0.319407 -0.171865
v 0.127327 -0.307188 -0.204035
v 0.165104 -0.295193 -0.193952
v 0.152794 -0.316266 -0.169802
v 0.095734 -0.355050 -0.130237
v 0.110435 -0.348557 -0.136025
v 0.113570 -0.349772 -0.130200
v 0.148217 -0.326590 -0.153527
v 0.137598 -0.312834 -0.188166
v 0.140220 -0.302394 -0.202265
v 0.131795 -0.342787 -0.131605
v 0.135970 -0.341457 -0.129623
v 0.146396 -0.309055 -0.187773
v 0.112705 -0.345405 -0.142078
v 0.116111 -0.340559 -0.150773
v 0.099300 -0.338126 -0.167351
v 0.127561 -0.342339 -0.136842
v 0.093915 -0.348197 -0.148764
v 0.096088 -0.342987 -0.159126
v 0.076216 -0.347759 -0.159519
v 0.080963 -0.341046 -0.170688
v 0.086866 -0.364408 -0.108825
v 0.098396 -0.357461 -0.121352
v 0.117888 -0.351466 -0.121501
v 0.096127 -0.364753 -0.098507
v 0.153114 -0.297601 -0.200496
v 0.152347 -0.324766 -0.152306
v 0.085710 -0.334333 -0.181860
v 0.094786 -0.351948 -0.139060
v 0.076420 -0.353040 -0.146697
v 0.081744 -0.361365 -0.121349
v 0.076622 -0.358320 -0.133872
v 0.129207 -0.342894 -0.133874
v 0.119288 -0.362307 -0.080603
v 0.117236 -0.367615 -0.057344
v 0.223652 -0.303870 -0.099183
v 0.236186 -0.309465 -0.025004
v 0.206724 -0.330783 -0.004287
v 0.209297 -0.326896 -0.038906
v 0.143980 -0.359155 -0.049524
v 0.152320 -0.358448 -0.021967
v 0.122776 -0.368588 -0.035190
v 0.162165 -0.351404 -0.048938
v 0.257202 -0.270657 -0.113101
v 0.243353 -0.266646 -0.147934
v 0.268418 -0.252460 -0.128137
v 0.224563 -0.312220 -0.065397
v 0.206412 -0.322643 -0.074045
v 0.100257 -0.374660 -0.041787
v 0.058895 -0.384644 -0.027197
v 0.082567 -0.376815 -0.057991
v 0.132764 -0.366744 0.005782
v 0.094258 -0.378473 -0.005680
v 0.216558 -0.313090 -0.085252
v 0.185700 -0.342763 -0.014161
v 0.179759 -0.344243 -0.036873
v 0.257533 -0.240919 -0.166868
v 0.171293 -0.350406 0.006259
v 0.193147 -0.265300 -0.211007
v 0.205916 -0.278186 -0.180057
v 0.196051 -0.331704 -0.060990
v 0.243238 -0.292666 -0.085873
v 0.239054 -0.284445 -0.118924
v 0.225592 -0.287440 -0.136707
v 0.220222 -0.282268 -0.155024
v 0.268335 -0.268651 -0.089544
v 0.224731 -0.265771 -0.176272
v 0.212140 -0.261833 -0.196605
v 0.257294 -0.288179 -0.054212
v 0.236563 -0.234965 -0.202596
v 0.207208 -0.235076 -0.232426
v 0.187829 -0.293185 -0.175448
v 0.163195 -0.295576 -0.194994
v 0.161894 -0.282460 -0.214986
v 0.029916 -0.310255 -0.234619
v 0.059378 -0.288938 -0.255334
v 0.064198 -0.310049 -0.227929
v 0.174609 -0.265477 -0.226383
v 0.134989 -0.290544 -0.222650
v 0.116685 -0.298014 -0.223118
v 0.121180 -0.278509 -0.244870
v 0.073215 -0.371890 -0.092272
v 0.094653 -0.364699 -0.100148
v 0.050806 -0.329090 -0.203263
v 0.072903 -0.327865 -0.198466
v 0.152615 -0.272772 -0.233491
v 0.133339 -0.252978 -0.265406
v 0.171845 -0.241248 -0.253944
v 0.055127 -0.345385 -0.172804
v 0.062438 -0.336671 -0.186948
v 0.094810 -0.269316 -0.265882
v 0.084878 -0.287387 -0.249828
v 0.058747 -0.367431 -0.117150
v 0.053256 -0.361978 -0.135349
v 0.013378 -0.359493 -0.150887
v 0.030147 -0.370310 -0.118903
v -0.002315 -0.367261 -0.131486
v 0.096147 -0.298320 -0.232310
v 0.082728 -0.317552 -0.210995
v -0.002233 -0.351070 -0.170079
v 0.036852 -0.358118 -0.150259
v 0.030256 -0.344278 -0.180960
v 0.050658 -0.375590 -0.092409
v 0.008570 -0.378801 -0.092756
v 0.062726 -0.378305 -0.071564
v 0.008809 -0.331541 -0.205412
v 0.029540 -0.384757 -0.057028
v 0.054676 -0.376653 -0.022858
v 0.119216 -0.362842 0.007392
v 0.094433 -0.367930 0.006099
v 0.265857 -0.259695 -0.089935
v 0.266944 -0.247852 -0.112608
v 0.214879 -0.315294 -0.006468
v 0.236316 -0.297013 -0.017263
v 0.210770 -0.317359 0.006861
v 0.276462 -0.269102 -0.057802
v 0.259278 -0.290443 -0.024441
v 0.259622 -0.275635 -0.042724
v 0.139708 -0.353838 0.021147
v 0.149021 -0.351468 0.011110
v 0.175843 -0.336454 0.014845
v 0.266917 -0.223875 -0.175632
v 0.256882 -0.223378 -0.170349
v 0.244093 -0.218498 -0.211881
v 0.190915 -0.331624 0.003808
v 0.122461 -0.369552 0.024260
v 0.162468 -0.353589 0.027146
v 0.232510 -0.303249 -0.021497
v 0.048566 -0.377879 -0.015007
v 0.082974 -0.380980 0.011070
v 0.046698 -0.387092 -0.011526
v 0.270121 -0.228023 -0.147876
v 0.263718 -0.232855 -0.143590
v 0.251600 -0.230861 -0.170435
v 0.200270 -0.334177 0.019533
v 0.233289 -0.312639 0.001936
v 0.260867 -0.272138 -0.067650
v 0.267751 -0.257960 -0.078359
v 0.274557 -0.239493 -0.114264
v 0.204090 -0.225975 -0.229610
v 0.239532 -0.221605 -0.194682
v 0.280416 -0.234644 -0.136065
v 0.283672 -0.250070 -0.095877
v 0.207243 -0.217860 -0.234577
v 0.249591 -0.285538 -0.041478
v 0.213502 -0.218878 -0.242342
v 0.045004 -0.278301 -0.256413
v 0.069294 -0.274365 -0.257683
v 0.044231 -0.288132 -0.246332
v 0.161946 -0.229138 -0.256239
v 0.019912 -0.299702 -0.232731
v -0.011514 -0.338777 -0.171642
v -0.000373 -0.334516 -0.186501
v -0.005978 -0.345527 -0.163619
v 0.080413 -0.260328 -0.264864
v 0.116066 -0.241819 -0.270696
v 0.110434 -0.252765 -0.264248
v 0.140326 -0.241594 -0.260615
v 0.027744 -0.302845 -0.232422
v 0.177226 -0.224990 -0.264936
v -0.006716 -0.382095 -0.078233
v -0.001112 -0.372269 -0.079196
v 0.016107 -0.387472 -0.041984
v 0.137740 -0.236416 -0.278126
v 0.097732 -0.252380 -0.281012
v 0.059930 -0.271793 -0.273398
v 0.026910 -0.293331 -0.255804
v -0.013769 -0.368978 -0.102237
v -0.007185 -0.364572 -0.106701
v 0.000923 -0.315526 -0.229427
v -0.003847 -0.320026 -0.206828
v -0.008255 -0.354595 -0.139785
v -0.023472 -0.355900 -0.157991
v -0.018645 -0.356484 -0.135418
v 0.007487 -0.372513 -0.082345
v 0.016849 -0.375464 -0.055458
v 0.009390 -0.317590 -0.211202
v -0.016262 -0.336867 -0.196063
v -0.020216 -0.371326 -0.117801
v 0.022685 -0.388931 0.018965
v 0.273504 -0.192547 -0.200842
v 0.015804 -0.383861 0.067300
v -0.001552 -0.386912 0.049266
v 0.273045 -0.271178 0.063765
v 0.242145 -0.287799 0.103351
v 0.235051 -0.303037 0.071223
v 0.061081 -0.381856 0.050933
v 0.314793 -0.229763 -0.017128
v 0.294495 -0.254967 0.020826
v 0.288263 -0.262065 -0.020149
v 0.186387 -0.335502 0.069625
v 0.349076 -0.174123 -0.001394
v 0.331199 -0.201147 0.044833
v 0.115838 -0.362298 0.086359
v 0.267352 -0.258777 0.117041
v 0.154927 -0.338965 0.115036
v 0.152908 -0.349382 0.081815
v 0.199374 -0.314521 0.116034
v 0.224104 -0.286924 0.139939
v 0.175668 -0.313014 0.152599
v 0.309380 -0.229271 -0.062520
v 0.046660 -0.372589 0.105465
v 0.031913 -0.379075 0.086075
v 0.335407 -0.194158 -0.044622
v 0.124112 -0.335930 0.154483
v 0.107052 -0.354727 0.121796
v 0.071631 -0.354698 0.145506
v 0.059933 -0.364446 0.125319
v 0.301687 -0.198593 -0.147487
v 0.303564 -0.229772 0.084882
v 0.261465 -0.288416 0.024886
v 0.324217 -0.193962 -0.097260
v 0.326277 -0.163871 -0.137455
v 0.342743 -0.164735 -0.087086
v 0.352953 -0.129373 -0.104323
v 0.356432 -0.149853 -0.051830
v 0.338789 -0.113557 -0.156629
v 0.302154 -0.166773 -0.181941
v 0.249537 -0.185574 -0.235615
v 0.230205 -0.161587 -0.270403
v 0.274310 -0.151804 -0.232226
v 0.314542 -0.103079 -0.206521
v 0.281249 -0.098386 -0.251869
v 0.240329 -0.099679 -0.290739
v -0.012360 -0.384773 0.062625
v 0.004590 -0.381622 0.080415
v -0.023873 -0.381652 0.076755
v -0.009204 -0.374260 0.109350
v -0.035334 -0.377673 0.090712
v 0.020269 -0.376723 0.098944
v 0.034554 -0.370113 0.118062
v 0.018484 -0.368956 0.125070
v 0.047345 -0.361834 0.137649
v 0.157056 -0.205391 -0.292181
v 0.184996 -0.167277 -0.300032
v 0.189289 -0.195609 -0.279517
v -0.042590 -0.279540 -0.268768
v 0.036903 -0.255791 -0.292265
v 0.005344 -0.268663 -0.282833
v 0.018122 -0.234809 -0.311038
v -0.057120 -0.385828 0.002869
v -0.081639 -0.381173 -0.013244
v -0.057684 -0.383371 -0.042943
v -0.027092 -0.247367 -0.300459
v -0.100564 -0.357701 -0.118708
v -0.107080 -0.367595 -0.074506
v -0.146675 -0.350380 -0.088651
v 0.108960 -0.217846 -0.304778
v 0.135486 -0.181771 -0.317530
v -0.151611 -0.331726 -0.138276
v -0.088949 -0.341560 -0.166107
v 0.065414 -0.234404 -0.304943
v 0.002995 -0.177912 -0.347198
v 0.050219 -0.154496 -0.354719
v 0.078940 -0.188676 -0.332248
v -0.078474 -0.230689 -0.304657
v -0.040453 -0.203635 -0.330299
v -0.047222 -0.313172 -0.227771
v -0.087135 -0.291037 -0.244719
v -0.060071 -0.361406 -0.133951
v -0.071138 -0.374502 -0.082701
v 0.099427 -0.134274 -0.352570
v 0.148752 -0.118015 -0.340836
v 0.196321 -0.106336 -0.319961
v -0.071071 -0.261547 -0.280593
v -0.109627 -0.258044 -0.271250
v -0.054311 -0.337745 -0.187499
v -0.022720 -0.388708 -0.023151
v -0.084045 -0.319482 -0.207467
v -0.146903 -0.309540 -0.186450
v -0.132729 -0.284665 -0.231343
v -0.017185 -0.388120 0.034634
v -0.033505 -0.388046 0.020751
v -0.132281 -0.364795 -0.039459
v -0.106786 -0.374136 -0.027406
v 0.221854 -0.190233 -0.256371
v -0.082006 -0.381259 0.006722
v -0.062787 -0.384437 0.019842
v -0.098419 -0.376665 0.023618
v -0.121760 -0.370207 -0.015742
v -0.101715 -0.376504 -0.005170
v -0.110352 -0.373363 0.003496
v -0.069333 -0.379178 0.059444
v -0.044217 -0.386020 0.034074
v -0.027926 -0.386065 0.047961
v -0.008663 -0.360352 0.129654
v -0.045741 -0.365519 0.102342
v -0.011755 -0.360821 0.124836
v 0.354137 -0.109411 -0.097637
v 0.341231 -0.096395 -0.143534
v 0.343595 -0.093946 -0.144295
v 0.007166 -0.366350 0.120692
v 0.051870 -0.357169 0.139956
v 0.057132 -0.353521 0.142572
v 0.063280 -0.351243 0.144711
v 0.015651 -0.361492 0.127240
v -0.037965 -0.371322 0.093251
v -0.036649 -0.374497 0.091982
v 0.203299 -0.283719 0.165638
v 0.184131 -0.296498 0.174077
v 0.159080 -0.306854 0.175149
v 0.364368 -0.137890 -0.020018
v 0.356317 -0.149981 0.003003
v 0.362182 -0.126098 -0.048007
v 0.135223 -0.319332 0.178476
v 0.003903 -0.369516 0.117803
v 0.293155 -0.223793 0.097481
v 0.316801 -0.201621 0.067709
v 0.313666 -0.203474 0.074794
v 0.139702 -0.314262 0.173384
v 0.082281 -0.338288 0.171207
v 0.149177 -0.322747 0.155013
v 0.070799 -0.353736 0.145390
v -0.039173 -0.368409 0.094416
v 0.354331 -0.137171 -0.077099
v 0.108478 -0.337892 0.153497
v 0.360296 -0.107544 -0.094763
v 0.357734 -0.098762 -0.120291
v 0.365723 -0.116491 -0.069748
v 0.326239 -0.105802 -0.180841
v 0.088336 -0.333923 0.166552
v 0.074569 -0.339293 0.166410
v 0.070326 -0.340658 0.165303
v 0.285097 -0.242343 0.102297
v 0.352184 -0.159306 -0.025404
v -0.015095 -0.365615 0.134914
v -0.051251 -0.370670 0.109918
v -0.049364 -0.368905 0.107320
v 0.036979 -0.350015 0.152450
v 0.026064 -0.352702 0.144648
v 0.023617 -0.357257 0.154641
v 0.066375 -0.342753 0.166187
v 0.063991 -0.345790 0.168642
v 0.004035 -0.358841 0.140832
v 0.334130 -0.188635 0.070206
v 0.306297 -0.216226 0.107578
v 0.319184 -0.201951 0.088480
v 0.004514 -0.360100 0.143713
v 0.136503 -0.314984 0.170398
v 0.166443 -0.301521 0.164612
v 0.201191 -0.283387 0.159657
v 0.063818 -0.341999 0.158845
v 0.107332 -0.335189 0.154555
v 0.071425 -0.346086 0.148609
v 0.019216 -0.357113 0.133109
v 0.104163 -0.328048 0.166217
v -0.044100 -0.366241 0.100360
v 0.009486 -0.357294 0.132754
v 0.078550 -0.338473 0.168551
v 0.244968 -0.270452 0.130005
v 0.198825 -0.297200 0.147916
v 0.083645 -0.338457 0.172326
v 0.084944 -0.338818 0.173474
v 0.069845 -0.352888 0.145325
v 0.343260 -0.114748 -0.129093
v 0.343073 -0.111673 -0.126756
v 0.350990 -0.127106 -0.086779
v 0.148035 -0.320122 0.155699
v 0.248589 -0.256440 0.146934
v 0.240366 -0.260248 0.145960
v 0.274141 -0.237562 0.127796
v 0.196964 -0.293871 0.149422
v 0.283761 -0.239832 0.103058
v 0.316740 -0.212887 0.066253
v 0.314998 -0.209960 0.067767
v 0.339146 -0.184360 0.023251
v 0.229976 -0.271106 0.160429
v 0.270365 -0.074691 -0.264887
v 0.296798 -0.075183 -0.236852
v 0.297629 -0.076969 -0.231664
v 0.239887 -0.269936 0.132926
v 0.242673 -0.264757 0.132672
v 0.344967 -0.118213 -0.129247
v 0.296912 -0.097445 -0.228134
v 0.347863 -0.165115 -0.007896
v 0.352858 -0.134553 -0.075980
v 0.326590 -0.096712 -0.171991
v 0.290684 -0.087849 -0.231233
v 0.306997 -0.086577 -0.209109
v 0.321018 -0.087515 -0.187562
v 0.290452 -0.081172 -0.234319
v 0.291341 -0.078366 -0.236326
v 0.270022 -0.096199 -0.260825
v 0.269129 -0.094038 -0.259418
v 0.238948 -0.096571 -0.289379
v 0.238824 -0.078420 -0.291444
v 0.237167 -0.080218 -0.289135
v 0.291230 -0.092096 -0.231461
v 0.237566 -0.093462 -0.288018
v 0.236298 -0.090608 -0.286770
v 0.168916 -0.302720 0.159073
v 0.125560 -0.322822 0.160154
v 0.192410 -0.292520 0.152822
v 0.282014 -0.072973 -0.259541
v 0.315143 -0.076620 -0.216858
v 0.351904 -0.112346 -0.096835
v 0.283200 -0.229798 0.116708
v 0.254121 -0.251363 0.133542
v 0.288202 -0.228241 0.120066
v 0.271174 -0.244038 0.138005
v 0.316905 -0.201931 0.086798
v 0.359101 -0.127017 -0.049538
v 0.352558 -0.151343 0.001452
v 0.356018 -0.136262 -0.032850
v 0.336524 -0.176195 0.040866
v 0.336854 -0.178065 0.049735
v 0.177773 -0.296834 0.160159
v 0.211275 -0.278213 0.153308
v 0.353714 -0.162219 0.027179
v 0.340534 -0.176439 0.049973
v 0.347056 -0.092300 -0.144427
v 0.340678 -0.085317 -0.169900
v 0.196614 -0.286199 0.164170
v 0.357425 -0.108591 -0.094677
v 0.240629 -0.076460 -0.293960
v 0.326627 -0.081004 -0.192687
v 0.350984 -0.124705 -0.084966
v 0.352176 -0.142197 -0.044759
v 0.068963 -0.341209 0.155578
v 0.274117 -0.082852 -0.251921
v 0.236950 -0.082815 -0.288544
v 0.327702 -0.101920 -0.170512
v 0.135433 -0.316943 0.162943
v 0.125057 -0.320239 0.165361
v 0.323420 -0.085015 -0.187390
v 0.324112 -0.082331 -0.191566
v 0.242435 -0.074501 -0.296474
v -0.047475 -0.367139 0.104725
v 0.296603 -0.095242 -0.225978
v 0.324800 -0.103221 -0.179599
v 0.080674 -0.338790 0.155399
v 0.234628 -0.267469 0.138425
v 0.269655 -0.244154 0.116683
v 0.088119 -0.338338 0.154287
v -0.042457 -0.366963 0.098379
v -0.040815 -0.367685 0.096398
v 0.143028 -0.318396 0.157699
v 0.286584 -0.233368 0.101137
v 0.303558 -0.212460 0.091133
v 0.337659 -0.180723 0.024802
v 0.221300 -0.273814 0.146402
v 0.349692 -0.153439 -0.000836
v 0.354694 -0.133853 -0.043938
v 0.341853 -0.169833 0.013884
v 0.317394 -0.203080 0.065086
v 0.336633 -0.098001 -0.150271
v 0.350918 -0.119523 -0.089570
v 0.350108 -0.150772 -0.011407
v 0.341316 -0.105044 -0.133886
v 0.351513 -0.145239 -0.028660
v 0.348710 -0.158624 -0.014547
v 0.236732 -0.085413 -0.287951
v 0.236516 -0.088010 -0.287360
v 0.313057 -0.204014 0.086726
v 0.260328 -0.248827 0.125470
v 0.306054 -0.210069 0.091656
v 0.284780 -0.229332 0.108099
v 0.296028 -0.223144 0.092747
v 0.338164 -0.173765 0.029065
v 0.073147 -0.140460 -0.352205
v 0.123003 -0.123385 -0.345957
v -0.153590 -0.334872 -0.101532
v -0.147966 -0.344426 -0.082391
v -0.143588 -0.349701 -0.056186
v -0.145221 -0.350330 -0.079847
v -0.132138 -0.363784 -0.038689
v 0.023033 -0.162218 -0.348882
v 0.026334 -0.163569 -0.350649
v -0.014833 -0.184766 -0.339808
v 0.170928 -0.108227 -0.328944
v 0.063882 -0.130795 -0.352549
v 0.099280 -0.113202 -0.351621
v 0.137225 -0.102192 -0.341408
v 0.197142 -0.081276 -0.326730
v 0.171531 -0.087880 -0.334743
v 0.110740 -0.125095 -0.347257
v 0.183108 -0.100945 -0.321184
v 0.121104 -0.118953 -0.344117
v -0.127729 -0.266928 -0.243463
v -0.142534 -0.291207 -0.206537
v -0.145810 -0.290073 -0.202033
v -0.123329 -0.266647 -0.249400
v -0.141346 -0.294270 -0.207809
v -0.134899 -0.248839 -0.264962
v -0.104193 -0.220412 -0.301318
v -0.133736 -0.249703 -0.261194
v -0.061070 -0.213730 -0.316240
v -0.053049 -0.205450 -0.320972
v -0.084082 -0.372306 0.080162
v -0.122495 -0.269297 -0.250683
v 0.022645 -0.141960 -0.358188
v 0.071912 -0.119660 -0.361279
v 0.070515 -0.121577 -0.358086
v -0.112746 -0.370471 0.046385
v -0.136579 -0.365205 0.009371
v -0.138189 -0.362254 0.002557
v 0.046631 -0.129890 -0.364923
v 0.097470 -0.109472 -0.361574
v 0.043616 -0.148177 -0.350563
v 0.078991 -0.135173 -0.350847
v 0.113122 -0.105027 -0.353647
v 0.122018 -0.103628 -0.348833
v 0.184051 -0.087474 -0.324579
v -0.155324 -0.275296 -0.222199
v -0.147743 -0.269359 -0.229694
v -0.165822 -0.301354 -0.171186
v 0.020477 -0.153131 -0.348742
v -0.018454 -0.176505 -0.338090
v -0.031866 -0.180359 -0.334492
v 0.148241 -0.093073 -0.348689
v 0.125160 -0.113882 -0.342603
v 0.024710 -0.142654 -0.355414
v 0.122535 -0.101120 -0.354061
v 0.188278 -0.095405 -0.318005
v -0.002468 -0.153603 -0.358621
v 0.022066 -0.141453 -0.360786
v -0.097470 -0.369858 0.062556
v -0.109250 -0.366972 0.044087
v -0.134747 -0.361326 0.004471
v -0.123468 -0.362615 0.017919
v -0.166295 -0.289740 -0.201382
v -0.148767 -0.263433 -0.246253
v -0.022588 -0.165210 -0.349242
v -0.048082 -0.179766 -0.342887
v -0.167812 -0.337940 -0.085498
v -0.156729 -0.350122 -0.044866
v -0.159737 -0.350270 -0.048321
v -0.165364 -0.329995 -0.103267
v -0.163233 -0.317829 -0.134465
v -0.157426 -0.341000 -0.071066
v -0.102527 -0.220856 -0.298201
v -0.157767 -0.331460 -0.103013
v -0.157891 -0.336336 -0.086531
v -0.155926 -0.346018 -0.055012
v -0.168915 -0.328595 -0.108820
v -0.081355 -0.225332 -0.300478
v -0.172749 -0.322875 -0.126828
v -0.168867 -0.299563 -0.178488
v -0.042805 -0.178360 -0.338487
v -0.067335 -0.193126 -0.328395
v -0.153693 -0.329992 -0.119756
v -0.132028 -0.362883 -0.037789
v -0.154174 -0.350618 -0.041080
v -0.084424 -0.376077 0.043027
v -0.144408 -0.349958 -0.072645
v -0.150986 -0.337234 -0.111845
v -0.098743 -0.231313 -0.286951
v -0.064121 -0.204706 -0.315642
v -0.098561 -0.235523 -0.284918
v -0.136374 -0.355022 -0.030004
v -0.123755 -0.361640 -0.008328
v -0.115686 -0.363437 0.010554
v -0.037253 -0.373040 0.092563
v -0.065721 -0.374810 0.065151
v -0.022240 -0.167856 -0.343906
v -0.067932 -0.196658 -0.321944
v -0.075494 -0.372564 0.056647
v -0.092624 -0.372815 0.034267
v -0.124738 -0.365913 -0.020242
v -0.130878 -0.360856 -0.031406
v -0.128042 -0.362689 -0.025395
v -0.098610 -0.368845 0.030472
v -0.097409 -0.242478 -0.284821
v -0.038213 -0.370724 0.093491
v -0.086637 -0.367251 0.066234
v -0.150304 -0.312277 -0.169079
v -0.150599 -0.318816 -0.161659
v -0.173141 -0.334343 -0.101846
v -0.140923 -0.354851 -0.020667
v -0.160968 -0.350569 -0.049558
v -0.162216 -0.351057 -0.050719
v -0.088591 -0.207451 -0.318286
v -0.081048 -0.366932 0.067395
v -0.115767 -0.363216 0.023735
v -0.146841 -0.349612 -0.042657
v -0.152981 -0.353614 -0.032785
v -0.155030 -0.356634 -0.030025
v -0.079546 -0.368988 0.079380
v 0.086692 -0.129120 -0.349677
v -0.089844 -0.367572 0.048154
v -0.068801 -0.370835 0.066214
v -0.152596 -0.351695 -0.036903
v -0.158508 -0.307230 -0.160828
v -0.021404 -0.184730 -0.336429
v -0.053415 -0.201064 -0.321119
v -0.152682 -0.313661 -0.159487
v -0.174518 -0.313659 -0.152668
v -0.122555 -0.235675 -0.285688
v -0.120033 -0.238565 -0.275100
v 0.076552 -0.129553 -0.350731
v 0.129620 -0.108787 -0.341813
v 0.180421 -0.093289 -0.322839
v 0.183425 -0.089915 -0.322791
v -0.150747 -0.344310 -0.063960
v -0.150895 -0.342197 -0.075243
v -0.137154 -0.354873 -0.024746
v -0.156489 -0.317561 -0.142948
v -0.135023 -0.356850 -0.037238
v 0.008865 -0.155121 -0.348519
v -0.165696 -0.311965 -0.147527
v -0.159796 -0.291874 -0.189375
v -0.153974 -0.285706 -0.201226
v -0.126622 -0.254016 -0.254662
v -0.080158 -0.212914 -0.306040
v -0.146298 -0.283317 -0.209260
v -0.005627 -0.172586 -0.341752
v 0.022386 -0.155405 -0.348282
v -0.107549 -0.247072 -0.273340
v -0.125282 -0.258546 -0.251414
v 0.010037 -0.151818 -0.350912
v 0.052743 -0.132166 -0.354782
v -0.102448 -0.365377 0.037146
v -0.075404 -0.367509 0.067767
v -0.127262 -0.249223 -0.260155
v -0.145681 -0.276957 -0.217971
v -0.096467 -0.220092 -0.297369
v -0.084887 -0.213517 -0.304685
v -0.058468 -0.193172 -0.324260
v -0.025810 -0.171995 -0.340334
v -0.027654 -0.365453 0.133349
v 0.000084 -0.359159 0.152008
v 0.070145 -0.337225 0.182851
v 0.038170 -0.348164 0.171540
v 0.067867 -0.340684 0.177288
v -0.056240 -0.368115 0.115892
v -0.030001 -0.363486 0.138128
v -0.061203 -0.365398 0.121815
v 0.034555 -0.351910 0.164526
v -0.053071 -0.369740 0.112097
v 0.071402 -0.335315 0.185920
v 0.024927 -0.349297 0.171668
v -0.019694 -0.359419 0.150097
v 0.007987 -0.355332 0.160547
v 0.159676 -0.307914 0.176277
v 0.171715 -0.300622 0.179597
v 0.125661 -0.320383 0.183502
v 0.251839 -0.253227 0.156782
v 0.207443 -0.281876 0.172144
v 0.215422 -0.274081 0.174909
v 0.168286 -0.299967 0.183883
v 0.329086 -0.192163 0.083233
v 0.343417 -0.175864 0.057407
v 0.142280 -0.307753 0.192750
v 0.117841 -0.320511 0.188394
v 0.296032 -0.220771 0.125556
v 0.281227 -0.234346 0.134644
v 0.301210 -0.218588 0.116764
v 0.088166 -0.333720 0.181555
v 0.349613 -0.165856 0.049224
v 0.191743 -0.283881 0.186441
v 0.091098 -0.328407 0.189611
v 0.089633 -0.331063 0.185583
v 0.237826 -0.257596 0.170898
v 0.368690 -0.120406 -0.041864
v 0.366032 -0.107849 -0.081115
v 0.368311 -0.108702 -0.068690
v 0.320214 -0.202431 0.088894
v 0.278983 -0.229777 0.146641
v 0.313832 -0.201358 0.114485
v 0.365315 -0.136296 -0.011996
v 0.354397 -0.159859 0.031832
v 0.248435 -0.253085 0.162340
v 0.336183 -0.078649 -0.181669
v 0.350750 -0.086910 -0.147048
v 0.274862 -0.236857 0.143118
v 0.327030 -0.192014 0.091277
v 0.295669 -0.069350 -0.244923
v 0.271550 -0.067387 -0.271917
v 0.360185 -0.146524 0.031018
v 0.341206 -0.173294 0.075508
v 0.313838 -0.069849 -0.220997
v 0.361728 -0.107627 -0.095018
v 0.361152 -0.097584 -0.110648
v 0.329981 -0.072042 -0.195275
v 0.352218 -0.081668 -0.146541
v 0.283662 -0.056805 -0.261776
v 0.317646 -0.060409 -0.218320
v 0.300433 -0.064624 -0.240375
v 0.344025 -0.069096 -0.170521
v 0.242597 -0.071571 -0.297036
v 0.364391 -0.139190 0.004096
v 0.269064 -0.061779 -0.275693
v 0.258404 -0.243686 0.158768
v 0.370383 -0.112579 -0.048219
v 0.368672 -0.125471 -0.022700
v 0.370717 -0.100390 -0.068392
v 0.368397 -0.100253 -0.080138
v 0.361916 -0.082573 -0.119980
v 0.370134 -0.121947 -0.017491
v 0.243215 -0.058405 -0.299427
v 0.288735 -0.230133 0.122791
v 0.365010 -0.098374 -0.096344
v 0.242879 -0.066468 -0.298015
v 0.327910 -0.080969 -0.193380
v -0.147777 -0.360941 -0.000854
v -0.154595 -0.357974 0.008319
v -0.173479 -0.347440 -0.036208
v -0.170206 -0.349125 -0.035166
v -0.079441 -0.370283 0.093196
v -0.155412 -0.357697 -0.004187
v -0.131539 -0.365713 0.032606
v -0.103212 -0.370014 0.067420
v -0.164271 -0.352178 -0.033278
v -0.141010 -0.362733 0.025544
v -0.083335 -0.368710 0.095977
v -0.110711 -0.367919 0.066974
v -0.097692 -0.367075 0.088408
v -0.129104 -0.364578 0.050233
v 0.211214 -0.073258 -0.319756
v -0.188605 -0.323884 -0.107987
v -0.182642 -0.316943 -0.135390
v -0.181241 -0.335208 -0.083173
v 0.214862 -0.067026 -0.318691
v 0.197061 -0.065272 -0.330346
v 0.121446 -0.094172 -0.358614
v -0.026926 -0.156657 -0.356284
v -0.025179 -0.161543 -0.354224
v -0.058577 -0.181698 -0.340224
v 0.186499 -0.079064 -0.333453
v 0.160179 -0.085741 -0.345273
v 0.173402 -0.078440 -0.340590
v 0.035898 -0.130328 -0.365976
v 0.022081 -0.141746 -0.361772
v 0.172692 -0.087174 -0.337711
v 0.007515 -0.143903 -0.362553
v 0.147258 -0.077183 -0.352959
v -0.092605 -0.200268 -0.321726
v -0.112178 -0.216518 -0.304501
v -0.119736 -0.217206 -0.301111
v -0.135661 -0.249553 -0.265971
v -0.133805 -0.239713 -0.277147
v -0.177063 -0.335382 -0.091107
v -0.157531 -0.276586 -0.223818
v -0.166718 -0.281035 -0.213035
v -0.156284 -0.266315 -0.238366
v 0.043629 -0.114338 -0.370455
v 0.021716 -0.132743 -0.366223
v -0.006635 -0.138304 -0.364739
v -0.178155 -0.277245 -0.208693
v -0.178463 -0.293370 -0.185032
v -0.188181 -0.302116 -0.159556
v 0.121390 -0.085455 -0.359721
v 0.135338 -0.085313 -0.355847
v 0.102386 -0.096410 -0.363925
v -0.178332 -0.324657 -0.122207
v 0.095522 -0.093728 -0.366483
v 0.071714 -0.109607 -0.367507
v -0.070117 -0.184569 -0.336473
v -0.053539 -0.164802 -0.349533
v -0.113229 -0.207306 -0.309201
v -0.095471 -0.192920 -0.325356
v -0.068336 -0.193608 -0.330588
v -0.081993 -0.197379 -0.326360
v -0.170833 -0.346544 -0.053377
v -0.162978 -0.268269 -0.231589
v -0.174078 -0.297318 -0.182897
v -0.178620 -0.311970 -0.151378
v 0.083277 -0.110033 -0.364932
v -0.158869 -0.250125 -0.253704
v -0.130988 -0.221691 -0.293044
v -0.141153 -0.239729 -0.273459
v -0.179409 -0.341800 -0.055760
v 0.072051 -0.119680 -0.363249
v -0.175122 -0.344173 -0.054567
v 0.086307 -0.314344 0.204840
v 0.020334 -0.335032 0.184127
v 0.077438 -0.319067 0.193696
v 0.349334 -0.069680 -0.142323
v 0.362201 -0.083743 -0.090812
v -0.063905 -0.355939 0.124061
v -0.002131 -0.343556 0.165633
v -0.026499 -0.345864 0.161961
v 0.074522 -0.330716 0.186490
v 0.040916 -0.334212 0.180744
v 0.078681 -0.327126 0.187704
v 0.305916 -0.037366 -0.231533
v 0.315276 -0.037267 -0.222308
v 0.332529 -0.046620 -0.184471
v 0.038425 -0.333205 0.198973
v -0.001378 -0.343947 0.183820
v 0.299055 -0.196438 0.132089
v 0.329406 -0.167315 0.100116
v 0.322172 -0.180615 0.125389
v 0.083884 -0.325282 0.188648
v 0.121146 -0.305550 0.194866
v 0.367614 -0.124693 0.038392
v 0.364392 -0.115266 0.010282
v 0.376949 -0.099731 -0.011668
v 0.162095 -0.283917 0.196075
v 0.281254 -0.048948 -0.254272
v 0.315711 -0.050733 -0.208198
v 0.349138 -0.060255 -0.141520
v 0.213939 -0.255565 0.185262
v 0.211686 -0.264241 0.180472
v 0.249092 -0.241305 0.164094
v 0.089184 -0.326806 0.189101
v 0.292947 -0.208980 0.132635
v 0.323287 -0.178307 0.098519
v 0.090191 -0.327560 0.189313
v 0.348837 -0.144018 0.054303
v 0.361091 -0.126592 0.009803
v 0.366600 -0.096532 -0.041045
v 0.261061 -0.226344 0.161126
v 0.081805 -0.316568 0.205782
v -0.039529 -0.351830 0.163536
v -0.075293 -0.356705 0.138509
v -0.069951 -0.352208 0.131226
v 0.079109 -0.319815 0.208700
v 0.199934 -0.265835 0.203635
v 0.173019 -0.276503 0.202584
v 0.367359 -0.059797 -0.116901
v 0.376863 -0.077865 -0.063992
v 0.364489 -0.073930 -0.088537
v 0.349156 -0.151946 0.084573
v 0.090985 -0.312911 0.206435
v 0.129550 -0.296673 0.203991
v 0.095269 -0.312465 0.209284
v 0.097556 -0.312968 0.211258
v 0.096447 -0.312622 0.210256
v 0.149802 -0.290930 0.212181
v 0.287529 -0.209775 0.159529
v 0.246341 -0.238490 0.185895
v 0.367126 -0.105831 -0.040719
v 0.347436 -0.154371 0.055205
v 0.238796 -0.051513 -0.294699
v 0.297210 -0.037169 -0.241342
v 0.288976 -0.036404 -0.251504
v 0.238447 -0.042092 -0.295413
v 0.281569 -0.034918 -0.262225
v 0.348742 -0.046110 -0.168691
v 0.318323 -0.037235 -0.219834
v 0.321609 -0.037242 -0.217692
v 0.242373 -0.035683 -0.301148
v 0.262036 -0.033766 -0.287081
v 0.275828 -0.033363 -0.273903
v 0.244964 -0.035186 -0.300280
v 0.247598 -0.034761 -0.299511
v -0.147693 -0.228044 -0.269650
v -0.115027 -0.201696 -0.306180
v 0.117545 -0.076810 -0.355586
v 0.067223 -0.098728 -0.365269
v 0.060487 -0.092307 -0.365039
v 0.190776 -0.054000 -0.325842
v -0.207163 -0.285991 -0.165633
v -0.195456 -0.260364 -0.214851
v -0.192039 -0.271844 -0.187438
v 0.229052 -0.038644 -0.307371
v 0.241249 -0.037518 -0.299506
v 0.240125 -0.039353 -0.297864
v 0.216496 -0.040893 -0.315247
v 0.204328 -0.042328 -0.323907
v -0.077611 -0.170827 -0.333488
v -0.117506 -0.192921 -0.307205
v -0.176333 -0.339877 -0.005784
v -0.165001 -0.344672 -0.005380
v -0.147911 -0.349636 0.034797
v -0.176393 -0.339755 -0.043668
v -0.174594 -0.343050 -0.039478
v -0.170173 -0.257826 -0.228380
v -0.172860 -0.247864 -0.232515
v 0.015195 -0.118436 -0.363579
v -0.083110 -0.161865 -0.336548
v -0.040769 -0.133515 -0.358023
v -0.036239 -0.138824 -0.353319
v -0.185669 -0.281955 -0.180725
v 0.008604 -0.110042 -0.366332
v -0.019127 -0.119342 -0.370941
v 0.155237 -0.054500 -0.346575
v 0.136733 -0.056607 -0.360998
v 0.109938 -0.068894 -0.360170
v 0.084219 -0.073816 -0.373732
v -0.109288 -0.174645 -0.331274
v -0.066634 -0.146194 -0.355505
v 0.189999 -0.043588 -0.336234
v 0.187555 -0.043879 -0.339292
v 0.192751 -0.043334 -0.333450
v -0.182667 -0.331946 -0.042240
v -0.194849 -0.328265 -0.050191
v -0.196709 -0.314215 -0.091542
v -0.195218 -0.296632 -0.138774
v -0.189910 -0.316220 -0.101790
v 0.031702 -0.094955 -0.377080
v -0.109473 -0.354606 0.087124
v -0.116368 -0.358413 0.100474
v -0.145718 -0.203781 -0.299025
v -0.152836 -0.218263 -0.274138
v -0.174752 -0.232664 -0.259797
v -0.189887 -0.301689 -0.142167
v -0.177929 -0.338245 -0.048838
v -0.178806 -0.340076 -0.053986
v -0.179071 -0.340892 -0.054930
v -0.151149 -0.355021 0.056707
v -0.178546 -0.346636 0.008582
v 0.233938 -0.037557 -0.305087
v -0.200225 -0.327096 -0.058753
v -0.209496 -0.308720 -0.113729
v -0.196960 -0.327167 -0.054754
v -0.201296 -0.327364 -0.059821
v -0.202380 -0.327819 -0.060807
v -0.197699 -0.333520 -0.042387
v -0.195234 -0.330286 -0.045515
v -0.136337 -0.352098 0.064723
v 0.374504 0.092214 -0.058360
v 0.335254 0.182657 -0.079961
v 0.371292 0.112833 -0.039578
v 0.357486 0.155895 -0.006419
v 0.365599 0.134138 -0.022200
v 0.375200 0.072506 -0.078347
v 0.362250 0.020937 -0.143276
v 0.353077 0.006892 -0.165789
v 0.327701 0.115669 -0.177246
v 0.373371 0.053925 -0.099314
v 0.369039 0.036673 -0.121038
v 0.334382 0.199817 0.019684
v 0.319643 0.221501 0.029720
v 0.302987 0.242686 0.037597
v 0.263327 0.281526 -0.059386
v 0.284595 0.263139 0.043222
v 0.264666 0.282637 0.046538
v 0.293830 0.213022 -0.142983
v 0.347042 0.177867 0.007592
v 0.227687 0.102951 -0.299601
v 0.306854 0.059625 -0.233424
v 0.239440 0.034717 -0.306064
v 0.243420 0.300968 0.047508
v 0.221086 0.317932 0.046117
v 0.178791 0.346483 -0.008652
v 0.197929 0.333332 0.042392
v 0.183075 0.227530 -0.258618
v 0.151634 0.279913 -0.225401
v 0.241940 0.253616 -0.171165
v 0.116573 0.358300 -0.100676
v 0.202087 0.303655 -0.138155
v 0.115375 0.323395 -0.185022
v 0.294934 -0.029640 -0.253674
v 0.312392 -0.023677 -0.232512
v 0.341623 -0.005310 -0.188329
v 0.245696 -0.034705 -0.301078
v 0.243786 -0.034631 -0.302636
v 0.243583 -0.034623 -0.302801
v 0.253862 0.200409 -0.218090
v 0.208697 0.167911 -0.283616
v 0.282555 0.131674 -0.234549
v 0.151384 0.354894 -0.056846
v 0.328011 -0.015537 -0.210651
v 0.075451 0.356593 -0.138765
v 0.059008 -0.139712 0.359210
v 0.143741 -0.140598 0.334102
v 0.132802 -0.069028 0.360049
v 0.133915 -0.297631 0.211902
v 0.103833 -0.274860 0.256423
v 0.102042 -0.294623 0.234252
v 0.264960 -0.165544 0.233436
v 0.308867 -0.117832 0.206944
v 0.276335 -0.066376 0.267050
v 0.063223 0.018251 0.384292
v 0.025082 -0.094459 0.377448
v 0.102910 -0.253900 0.277522
v 0.165561 -0.201079 0.290225
v 0.099285 -0.231979 0.297311
v 0.310422 -0.001285 0.236061
v 0.313920 0.104859 0.206261
v 0.268350 0.052649 0.277996
v 0.338930 -0.055813 0.184727
v 0.043061 -0.116796 0.369500
v 0.342802 -0.116434 0.145118
v 0.195522 0.106620 0.320063
v 0.251246 0.141654 0.262425
v 0.092997 -0.209344 0.315570
v 0.355320 0.042121 0.155192
v 0.352670 0.122442 0.112890
v 0.368796 -0.069995 0.105965
v 0.209367 -0.140007 0.297718
v 0.205345 -0.003422 0.331465
v 0.084117 -0.186247 0.332093
v 0.072744 -0.162949 0.346694
v 0.145040 0.202931 0.299676
v 0.174318 0.231882 0.260537
v 0.065482 0.145281 0.355821
v 0.139235 0.053637 0.360224
v -0.138419 0.026122 0.363512
v -0.112841 0.014158 0.372897
v -0.138435 0.055959 0.360117
v -0.153950 0.052119 0.353382
v -0.163988 0.035901 0.351852
v -0.087544 0.000145 0.379901
v -0.062811 -0.015761 0.384448
v -0.085860 0.073050 0.373195
v 0.350508 -0.015790 -0.170572
v 0.340491 -0.043413 -0.183592
v 0.337170 -0.027604 -0.194319
v 0.331051 -0.040327 -0.200642
v 0.332450 -0.030528 -0.201410
v -0.171707 0.038187 0.347636
v -0.171601 0.047751 0.345717
v 0.108367 0.173750 0.331783
v 0.383753 -0.055191 0.042929
v -0.033224 0.094105 0.376867
v -0.038920 -0.033380 0.386485
v -0.016139 -0.052516 0.385987
v 0.290724 0.206224 0.158217
v 0.005275 -0.072951 0.382964
v 0.382547 0.010095 0.075464
v 0.384724 0.058784 0.026053
v 0.017772 0.118445 0.371011
v 0.379613 0.070572 -0.055493
v 0.377462 0.091953 -0.035006
v 0.389798 -0.005207 -0.014003
v 0.283053 0.166537 0.210281
v 0.195256 0.259668 0.215625
v 0.207176 0.285391 0.166398
v 0.375835 0.031287 -0.099748
v -0.189252 0.043383 0.338055
v 0.379069 0.050275 -0.077154
v 0.361475 -0.001930 -0.146718
v 0.369950 0.013820 -0.123021
v 0.226937 0.310524 0.064486
v 0.202731 0.327424 0.061428
v 0.207569 0.314085 0.098253
v 0.311334 0.229148 0.051698
v 0.292592 0.251114 0.058605
v 0.328140 0.206500 0.042422
v 0.272124 0.272152 0.063067
v 0.365198 0.137002 0.001548
v 0.209695 0.308222 0.114439
v 0.342824 0.183420 0.030883
v 0.355223 0.160169 0.017207
v 0.250158 0.292030 0.065035
v 0.372639 0.114179 -0.015921
v -0.047872 -0.247597 0.297402
v 0.063079 -0.181752 0.339162
v -0.050184 -0.153859 0.354722
v -0.115200 -0.323526 0.184746
v -0.035570 -0.058131 0.383873
v -0.125934 -0.122627 0.348006
v -0.151444 -0.280072 0.225108
v -0.109469 -0.197379 0.317933
v -0.013436 -0.300402 0.248286
v 0.051334 -0.159961 0.351871
v -0.227492 -0.103228 0.299318
v -0.208496 -0.168146 0.283319
v 0.072601 -0.203479 0.324619
v -0.221304 0.032194 0.319326
v -0.239259 -0.035033 0.305804
v -0.198351 0.027882 0.334455
v -0.156848 -0.057807 0.352205
v -0.243425 0.034272 0.302574
v -0.182876 -0.227725 0.258318
v -0.174815 0.021382 0.347799
v -0.079914 -0.024770 0.380780
v -0.127002 0.002119 0.368581
v -0.150946 0.012763 0.359214
v 0.084175 -0.303170 0.230415
v 0.086932 -0.265970 0.271620
v 0.086793 -0.285156 0.251465
v 0.084591 -0.245816 0.290663
v 0.079798 -0.224911 0.308394
v 0.037492 -0.138340 0.362609
v -0.103240 -0.010437 0.375795
v -0.057277 -0.040725 0.383483
v -0.015026 -0.076802 0.381948
v 0.004133 -0.096536 0.377729
v 0.021702 -0.117123 0.371258
v 0.221453 -0.032546 -0.319561
v 0.080003 0.024421 -0.381064
v 0.147720 0.090188 -0.349638
v 0.103342 0.010086 -0.376071
v 0.174947 -0.021735 -0.348052
v 0.198491 -0.028235 -0.334699
v -0.087002 0.265729 -0.271929
v 0.020886 0.256725 -0.292925
v -0.084650 0.245561 -0.290976
v 0.151069 -0.013117 -0.359477
v 0.127116 -0.002472 -0.368848
v 0.074502 0.293820 -0.245481
v 0.091884 0.240054 -0.293418
v 0.088216 0.178913 -0.335241
v 0.039627 0.351709 -0.163828
v -0.038460 0.333036 -0.199287
v 0.001410 0.343805 -0.184132
v 0.016719 0.182024 -0.344613
v -0.021683 0.116806 -0.371571
v -0.037486 0.138031 -0.362923
v -0.063100 0.181461 -0.339480
v -0.051342 0.159661 -0.352189
v 0.057351 0.040381 -0.383773
v 0.035630 0.057793 -0.384171
v 0.015073 0.076470 -0.382252
v -0.004100 0.096211 -0.378036
v -0.072635 0.203199 -0.324935
v -0.084265 0.302961 -0.230708
v -0.086873 0.284932 -0.251765
v -0.079212 0.319610 -0.208998
v -0.079844 0.224643 -0.308710
v 0.136790 -0.026372 -0.364432
v 0.152188 -0.052736 -0.354398
v 0.162311 -0.036262 -0.352931
v -0.322797 0.179767 -0.124689
v -0.343475 0.115495 -0.144069
v -0.349614 0.151074 -0.083642
v 0.169872 -0.048308 -0.346845
v 0.111279 -0.014319 -0.373667
v -0.336006 0.027383 0.195817
v -0.329823 0.039916 0.202198
v -0.339367 0.042939 0.185192
v 0.061416 0.015719 -0.384950
v 0.086061 -0.000236 -0.380531
v 0.169968 -0.038573 -0.348794
v -0.196687 -0.107315 -0.319312
v 0.037619 0.033369 -0.386875
v -0.253290 -0.176585 -0.238333
v -0.064993 -0.018613 -0.384212
v -0.290760 -0.206467 -0.157950
v -0.314052 -0.104619 -0.206256
v -0.195683 0.210814 -0.263397
v -0.200750 0.265194 -0.203624
v -0.150587 0.290383 -0.212365
v 0.014937 0.052515 -0.386282
v -0.140820 -0.054115 -0.359746
v -0.206694 0.003041 -0.330788
v -0.384674 -0.058869 -0.024753
v -0.382748 -0.010328 -0.073876
v -0.352814 -0.122298 -0.112483
v -0.276746 0.064476 -0.267157
v -0.309722 0.117006 -0.206088
v -0.265843 0.164588 -0.233103
v -0.133984 0.068801 -0.359830
v -0.043981 0.116742 -0.369609
v -0.026091 0.094436 -0.377601
v -0.339615 0.054849 -0.183685
v -0.006379 0.072948 -0.383180
v -0.383789 0.054899 -0.041673
v -0.369219 0.068999 -0.104774
v -0.277856 -0.036613 -0.271266
v -0.355557 -0.041189 -0.154826
v -0.098273 0.312520 -0.211607
v -0.102713 0.294204 -0.234531
v -0.134614 0.297142 -0.212135
v -0.376930 0.098902 0.012987
v -0.389567 0.004997 0.015696
v -0.376546 0.077107 0.065446
v -0.104479 0.274471 -0.256648
v -0.103548 0.253552 -0.277696
v -0.288268 0.208977 -0.159066
v -0.073515 0.162807 -0.346768
v -0.150969 0.170554 -0.316635
v -0.059847 0.139617 -0.359293
v -0.099931 0.231679 -0.297443
v -0.093668 0.209095 -0.315670
v -0.209941 0.139745 -0.297529
v -0.084830 0.186052 -0.332174
v -0.247143 0.237763 -0.185664
v -0.331200 0.030290 0.202963
v -0.292469 -0.251376 -0.058042
v -0.311243 -0.229359 -0.051107
v -0.271957 -0.272461 -0.062514
v -0.328068 -0.206656 -0.041791
v -0.342756 -0.183522 -0.030199
v -0.365085 -0.137005 -0.000722
v -0.249937 -0.292376 -0.064476
v -0.377229 -0.091891 0.036001
v -0.379293 -0.070497 0.056579
v -0.226658 -0.310899 -0.063904
v -0.207332 -0.314527 -0.097637
v -0.372475 -0.114144 0.016831
v -0.367855 0.123826 -0.037250
v -0.378643 -0.050201 0.078327
v -0.355142 -0.160218 -0.016456
v -0.375289 -0.031232 0.101007
v -0.369264 -0.013803 0.124359
v -0.366715 0.059144 0.118438
v -0.360640 0.001890 0.148125
v -0.349512 0.015670 0.172033
v -0.347756 0.045594 0.170247
v -0.320279 0.036895 0.219202
v -0.306049 -0.237332 0.045545
v -0.281350 -0.266475 -0.043929
v -0.252830 -0.295259 0.031390
v -0.299299 -0.246973 -0.038917
v -0.330328 -0.206022 -0.022693
v -0.315680 -0.226755 -0.031815
v -0.219976 -0.318756 -0.046024
v -0.241488 -0.302549 -0.047500
v -0.262015 -0.285063 -0.046798
v -0.266641 -0.263147 0.108244
v -0.343096 -0.184986 -0.011647
v -0.374941 -0.082654 0.067976
v -0.347130 -0.110586 0.138902
v -0.374461 -0.064204 0.087652
v -0.353853 -0.163858 0.001215
v -0.328696 -0.182384 0.103625
v -0.362492 -0.142850 0.015763
v -0.368927 -0.122176 0.031848
v -0.373090 -0.102042 0.049312
v -0.305438 -0.053648 0.236278
v -0.273564 0.033275 0.275752
v -0.309601 -0.123718 0.202126
v -0.301657 -0.182188 0.166856
v -0.192600 -0.313717 0.128684
v -0.349671 -0.003359 0.172395
v -0.359196 -0.016305 0.150729
v -0.371654 -0.046883 0.108141
v -0.366549 -0.030862 0.129238
v -0.260382 -0.187431 0.221572
v -0.227816 -0.255480 0.186748
v -0.338071 0.007846 0.194017
v -0.309134 0.024596 0.236261
v -0.324513 0.017195 0.215379
v -0.292092 0.029973 0.256455
v -0.261879 0.033655 0.286826
v -0.246702 0.034391 0.299895
v -0.243649 0.034282 0.302392
v -0.249734 0.034455 0.297367
v 0.158734 0.249670 0.253970
v 0.130797 0.221265 0.293181
v 0.147502 0.227647 0.269862
v 0.109875 0.354484 -0.087107
v -0.191290 0.043114 0.335599
v -0.163784 0.054940 0.340371
v -0.193527 0.042873 0.333320
v 0.077354 0.170545 0.333462
v 0.095255 0.192535 0.325372
v 0.053329 0.164465 0.349440
v 0.197148 0.326565 0.055742
v 0.194959 0.327312 0.052152
v 0.199187 0.311310 0.098053
v 0.083719 0.162861 0.335244
v -0.112486 0.073214 0.356638
v -0.060417 0.087110 0.367314
v -0.066253 0.096007 0.364177
v 0.114830 0.201272 0.306245
v 0.116765 0.192063 0.307759
v -0.008923 0.107488 0.368558
v -0.012305 0.113382 0.363600
v 0.037982 0.134130 0.355970
v 0.152227 0.217512 0.274759
v 0.172576 0.247142 0.233236
v 0.185672 0.281502 0.181176
v 0.170087 0.257350 0.228699
v -0.168698 0.064046 0.337560
v -0.118898 0.080033 0.356242
v -0.147241 0.077032 0.352654
v -0.208868 0.041312 0.320942
v -0.201948 0.051374 0.319059
v 0.030181 0.141355 0.353905
v 0.006457 0.138019 0.364556
v -0.225076 0.038919 0.310050
v -0.239928 0.039304 0.297551
v -0.242160 0.035606 0.300816
v -0.238276 0.042042 0.295132
v 0.159954 0.347272 -0.030425
v -0.196970 0.065147 0.330056
v -0.243058 0.058293 0.299171
v -0.238648 0.051432 0.294453
v -0.095578 0.093539 0.366191
v 0.188258 0.301652 0.160064
v 0.178110 0.276775 0.209084
v -0.043752 0.114103 0.370204
v 0.179166 0.339149 0.054342
v 0.189939 0.317670 0.095237
v 0.178483 0.337182 0.048982
v 0.190160 0.304402 0.136114
v 0.188832 0.323445 0.108588
v 0.097900 0.366962 -0.088607
v 0.064061 0.355827 -0.124317
v 0.195336 0.296100 0.139472
v 0.191936 0.271224 0.188167
v 0.201345 0.326825 0.060253
v 0.199976 0.326517 0.058954
v 0.181322 0.333327 0.036308
v 0.179533 0.339294 0.008212
v 0.147370 0.349990 -0.034332
v 0.129347 0.364451 -0.050365
v 0.154853 0.357822 -0.008377
v 0.070108 0.352096 -0.131481
v 0.195532 0.330531 0.044585
v 0.194185 0.328600 0.048161
v 0.176829 0.338964 0.043650
v 0.179430 0.340214 0.055472
v 0.179811 0.341408 0.056426
v 0.173730 0.347253 0.036229
v 0.174875 0.342543 0.039443
v 0.061361 0.365286 -0.122070
v 0.002170 0.343396 -0.165975
v 0.026445 0.345712 -0.162366
v -0.020325 0.334879 -0.184457
v -0.366191 0.103324 0.039880
v -0.361778 0.128461 -0.008705
v -0.362281 0.118137 -0.006945
v -0.346730 0.151994 -0.055930
v -0.360159 0.146180 -0.030853
v -0.081011 0.316838 -0.206263
v -0.348658 0.067996 0.141735
v -0.362817 0.085981 0.091840
v -0.361537 0.076676 0.092968
v -0.328103 0.058524 0.188890
v -0.317411 0.060281 0.218183
v -0.343783 0.068940 0.170456
v -0.084333 0.314810 -0.204477
v -0.088302 0.313287 -0.204791
v -0.071577 0.320805 -0.193089
v -0.169967 0.286529 -0.190661
v -0.142969 0.307266 -0.192978
v -0.130171 0.301807 -0.195082
v -0.370533 0.100151 0.068469
v -0.096940 0.312056 -0.210316
v -0.326834 0.046661 0.192031
v -0.133434 0.294852 -0.203689
v -0.092039 0.312246 -0.206574
v -0.039163 0.334939 -0.180176
v -0.078748 0.326309 -0.188178
v -0.074575 0.330192 -0.186827
v -0.173434 0.277829 -0.195052
v -0.024952 0.349137 -0.171993
v -0.095500 0.311886 -0.209067
v -0.368715 0.091744 0.040780
v -0.293238 0.208590 -0.132470
v -0.319990 0.184950 -0.102725
v -0.314037 0.200918 -0.114327
v -0.220600 0.250295 -0.187806
v -0.302214 0.048650 0.227480
v -0.192326 0.283380 -0.186527
v -0.350467 0.058098 0.140365
v 0.019764 0.359291 -0.150401
v -0.071526 0.335109 -0.186238
v -0.370017 0.121657 0.017621
v -0.084110 0.324180 -0.189210
v -0.089611 0.325842 -0.189459
v -0.091867 0.327956 -0.190006
v -0.090817 0.326833 -0.189662
v -0.211780 0.262680 -0.181037
v -0.279315 0.229302 -0.146532
v -0.238288 0.257099 -0.170870
v -0.254324 0.231029 -0.165054
v -0.264138 0.222517 -0.167772
v -0.295195 0.199424 -0.135990
v -0.327554 0.169995 -0.095316
v -0.351003 0.140029 -0.055826
v -0.282272 0.034699 0.261353
v -0.245937 0.034977 0.299088
v -0.317630 0.036858 0.220999
v -0.315137 0.036852 0.223011
v -0.292251 0.036170 0.247830
v -0.269955 0.045014 0.265218
v -0.341288 0.172898 -0.075331
v -0.361690 0.082381 0.119989
v -0.303180 0.036788 0.234989
v -0.283458 0.056692 0.261574
v -0.211191 0.068040 0.320540
v -0.242936 0.061233 0.298657
v 0.177388 0.335251 0.090596
v 0.181556 0.334791 0.083801
v 0.171262 0.346151 0.054068
v -0.242278 0.074388 0.296218
v -0.214730 0.073115 0.317052
v -0.197055 0.081150 0.326437
v -0.172105 0.071089 0.341355
v -0.143989 0.083204 0.352594
v -0.021863 0.132487 0.366002
v -0.173346 0.078304 0.340290
v -0.121482 0.094009 0.358307
v -0.111342 0.092569 0.361958
v -0.071803 0.109396 0.367232
v -0.188064 0.078713 0.332286
v -0.172644 0.087034 0.337409
v -0.097538 0.109277 0.361282
v -0.148232 0.092919 0.348382
v -0.242722 0.066356 0.297760
v 0.026739 0.156343 0.356142
v 0.174618 0.313185 0.153222
v 0.170439 0.301221 0.177521
v 0.177527 0.305384 0.165156
v 0.162669 0.350666 0.051431
v 0.088363 0.207051 0.318326
v 0.081756 0.196990 0.326372
v 0.107241 0.216717 0.305857
v -0.007701 0.143621 0.362358
v -0.022248 0.141477 0.361561
v -0.036091 0.130054 0.365746
v 0.188545 0.312548 0.134326
v 0.186058 0.320088 0.122426
v -0.160150 0.085597 0.344966
v 0.161104 0.272616 0.227515
v 0.148632 0.262961 0.246558
v 0.146535 0.253563 0.257416
v -0.083366 0.109826 0.364651
v 0.002275 0.153307 0.358447
v 0.177479 0.293463 0.185548
v 0.163868 0.267177 0.231950
v 0.069907 0.184211 0.336427
v 0.182400 0.307368 0.155915
v 0.109031 0.211430 0.308908
v 0.139512 0.240421 0.273422
v 0.182232 0.320701 0.126503
v 0.122355 0.235232 0.285858
v 0.131166 0.237961 0.279631
v 0.135494 0.249096 0.266208
v 0.166260 0.289256 0.201817
v 0.172224 0.292023 0.192631
v 0.175537 0.343779 0.055247
v -0.072154 0.119463 0.362979
v 0.068109 0.193233 0.330570
v 0.173406 0.333900 0.102495
v 0.025053 0.161270 0.354061
v 0.047857 0.179416 0.342811
v 0.058312 0.181310 0.340190
v -0.046770 0.129648 0.364677
v 0.155686 0.357530 0.004185
v 0.170459 0.348938 0.035190
v 0.164532 0.351991 0.033309
v 0.141307 0.362584 -0.025553
v 0.131806 0.365578 -0.032690
v 0.148069 0.360774 0.000876
v 0.155301 0.356447 0.030067
v 0.083543 0.368602 -0.096174
v 0.110943 0.367800 -0.067146
v 0.113000 0.370346 -0.046510
v 0.136853 0.365056 -0.009414
v 0.079609 0.370176 -0.093416
v 0.103454 0.369894 -0.067585
v 0.056397 0.368003 -0.116147
v 0.051409 0.370559 -0.110173
v 0.084296 0.372194 -0.080359
v -0.118563 0.320042 -0.188706
v -0.088960 0.333267 -0.181974
v -0.090413 0.330611 -0.185990
v -0.126469 0.319870 -0.183794
v -0.172385 0.300106 -0.179737
v -0.135963 0.318836 -0.178734
v -0.352795 0.078739 0.146064
v -0.168911 0.299479 -0.184034
v -0.208023 0.281358 -0.172174
v -0.215938 0.273585 -0.174935
v -0.296292 0.220319 -0.125424
v -0.184765 0.295983 -0.174179
v -0.160364 0.307409 -0.176458
v -0.281570 0.233860 -0.134507
v -0.275222 0.236377 -0.142988
v -0.085763 0.338365 -0.173916
v -0.327169 0.191594 -0.091116
v -0.252292 0.252713 -0.156708
v -0.248861 0.252595 -0.162291
v -0.230486 0.270594 -0.160408
v -0.361525 0.107404 0.095077
v -0.361931 0.098234 0.106590
v -0.357507 0.098564 0.120315
v -0.364901 0.126915 0.045003
v -0.366918 0.128266 0.030653
v -0.367433 0.115959 0.059670
v -0.320386 0.201996 -0.088712
v -0.329228 0.191732 -0.083040
v -0.334237 0.188223 -0.070013
v -0.258802 0.243201 -0.158701
v -0.271547 0.243544 -0.137890
v -0.301503 0.218094 -0.116573
v -0.306533 0.215768 -0.107408
v -0.289040 0.229656 -0.122649
v -0.349636 0.165492 -0.049056
v -0.368921 0.117523 0.045859
v -0.365252 0.096855 0.096009
v -0.364214 0.139146 -0.003794
v -0.329741 0.071903 0.195171
v -0.362447 0.143732 -0.000978
v -0.364260 0.137588 0.020167
v -0.300212 0.064498 0.240203
v -0.343486 0.175462 -0.057195
v -0.352202 0.084572 0.144220
v -0.365542 0.116243 0.069841
v -0.313225 0.070053 0.221290
v -0.335935 0.078500 0.181597
v -0.353703 0.161859 -0.026992
v -0.354416 0.159457 -0.031581
v -0.293001 0.068819 0.247784
v -0.340432 0.085159 0.169847
v -0.281806 0.072860 0.259341
v -0.268298 0.067886 0.274568
v -0.271781 0.062145 0.272496
v -0.314904 0.076491 0.216728
v -0.327668 0.080826 0.193287
v -0.000073 0.359016 -0.152336
v 0.015161 0.365487 -0.135223
v 0.027299 0.365386 -0.133588
v 0.006153 0.358390 -0.153685
v 0.059550 0.366276 -0.119910
v 0.030223 0.363556 -0.137888
v -0.023654 0.357097 -0.154980
v -0.027646 0.351020 -0.167688
v -0.069763 0.337793 -0.181927
v -0.032559 0.352347 -0.163977
v -0.064134 0.345582 -0.168979
v -0.068000 0.340478 -0.177616
v -0.112351 0.124902 0.346896
v -0.121162 0.118780 0.343815
v -0.070960 0.138850 0.351182
v 0.146894 0.309020 0.187002
v 0.150784 0.317689 0.162001
v 0.151769 0.331225 0.138953
v -0.240473 0.076349 0.293704
v -0.122582 0.100922 0.353863
v -0.171481 0.087741 0.334446
v 0.122261 0.269057 0.251158
v 0.096955 0.242837 0.285398
v 0.121770 0.265288 0.251935
v -0.072036 0.119583 0.360486
v -0.020557 0.142169 0.359558
v -0.023188 0.142141 0.356682
v -0.183966 0.087346 0.324286
v -0.122044 0.103452 0.348540
v -0.183039 0.100814 0.320886
v -0.170897 0.108091 0.328637
v -0.237410 0.093350 0.287763
v 0.066900 0.192765 0.328039
v 0.109179 0.369617 -0.010607
v 0.085584 0.374286 -0.043040
v 0.105646 0.372718 -0.014289
v 0.049520 0.368793 -0.107576
v 0.134605 0.248344 0.265083
v 0.132078 0.247931 0.263102
v 0.153944 0.273085 0.225360
v -0.196244 0.106207 0.319663
v -0.238790 0.096459 0.289123
v 0.170749 0.331543 0.103162
v 0.045899 0.365407 -0.102597
v 0.083958 0.367223 -0.069599
v 0.047632 0.367027 -0.104981
v 0.105683 0.222167 0.297513
v 0.103486 0.222635 0.294902
v 0.168172 0.299707 0.176386
v -0.024923 0.161564 0.349106
v -0.073747 0.141282 0.352552
v 0.125190 0.365399 0.020354
v 0.128709 0.361915 0.025576
v 0.153646 0.350165 0.041120
v 0.168948 0.324745 0.117585
v 0.156346 0.349600 0.045003
v -0.050396 0.154232 0.354482
v -0.099526 0.134068 0.352278
v -0.148763 0.117855 0.340525
v 0.141509 0.292935 0.207910
v -0.236141 0.090496 0.286514
v 0.158251 0.300479 0.173274
v 0.160135 0.319233 0.133165
v 0.157097 0.312930 0.151208
v 0.132594 0.284151 0.231748
v 0.109407 0.257558 0.271501
v -0.079532 0.132033 0.350087
v -0.126600 0.113249 0.341932
v -0.089880 0.124205 0.349168
v 0.127073 0.260504 0.248242
v 0.124807 0.252826 0.256435
v 0.147516 0.281502 0.210388
v -0.123349 0.123785 0.346069
v 0.151171 0.336956 0.112655
v 0.152481 0.313559 0.160264
v 0.150564 0.340117 0.092305
v 0.166313 0.317479 0.134242
v 0.162691 0.334692 0.089412
v 0.160536 0.333539 0.093189
v -0.192701 0.088323 0.317214
v -0.237010 0.080106 0.288879
v -0.025847 0.163867 0.350482
v -0.003231 0.177587 0.347050
v 0.163019 0.317520 0.134858
v 0.156178 0.332145 0.103528
v 0.099430 0.225829 0.290651
v 0.069619 0.203071 0.315017
v 0.089798 0.215221 0.302371
v 0.060745 0.213481 0.316361
v 0.096344 0.238298 0.285905
v 0.079665 0.366855 -0.069646
v 0.111553 0.364135 -0.031864
v 0.040185 0.203249 0.330265
v 0.017878 0.186069 0.338392
v 0.152062 0.351302 0.036797
v 0.152835 0.353309 0.032606
v 0.135309 0.360691 -0.003026
v -0.187982 0.095298 0.317824
v 0.152856 0.348261 0.046229
v 0.119285 0.258868 0.256883
v 0.137633 0.280259 0.222213
v 0.161082 0.350023 0.050042
v 0.105560 0.364792 -0.034043
v 0.134719 0.356588 0.013610
v 0.159515 0.349675 0.048526
v 0.021702 0.164944 0.348078
v -0.026155 0.146762 0.350866
v -0.058932 0.134402 0.351691
v -0.070872 0.126671 0.352547
v 0.152605 0.346134 0.053558
v 0.126646 0.249912 0.258976
v 0.130411 0.249622 0.259283
v 0.134520 0.357670 0.007026
v 0.136443 0.362588 -0.005952
v 0.097556 0.369583 -0.062602
v 0.140066 0.352977 0.048936
v 0.131770 0.359799 0.031753
v 0.110255 0.366487 -0.042524
v 0.143325 0.351500 0.068255
v 0.132698 0.361923 0.038378
v 0.087388 0.225065 0.296169
v 0.092557 0.223350 0.294621
v 0.131405 0.360161 -0.004573
v 0.078210 0.230247 0.304759
v 0.121534 0.363170 0.006217
v 0.147030 0.349923 0.089424
v 0.132749 0.363091 0.039434
v 0.132860 0.364410 0.040287
v 0.146431 0.348761 0.084661
v 0.073598 0.369761 -0.063181
v 0.039329 0.368296 -0.094672
v 0.069132 0.371730 -0.064895
v 0.064296 0.193540 0.324605
v 0.038370 0.370612 -0.093746
v 0.069580 0.379064 -0.059604
v 0.098725 0.376527 -0.023660
v -0.120680 0.102305 0.351719
v 0.122090 0.370024 0.015835
v 0.160775 0.298722 0.175491
v 0.037410 0.372928 -0.092819
v 0.090617 0.371736 -0.038650
v 0.033808 0.177349 0.336248
v -0.013343 0.149781 0.351464
v 0.017996 0.164606 0.345992
v 0.039139 0.196050 0.328446
v 0.100485 0.367207 -0.031394
v 0.095773 0.366809 -0.041464
v 0.078760 0.368665 -0.080080
v 0.036806 0.374386 -0.092237
v -0.238668 0.078308 0.291188
v 0.162039 0.294244 0.184478
v 0.150133 0.271257 0.226429
v 0.069748 0.216836 0.309627
v -0.073390 0.120387 0.357398
v -0.071735 0.123807 0.354254
v 0.014587 0.174597 0.339102
v -0.013207 0.157017 0.347099
v 0.029919 0.180456 0.334393
v -0.129145 0.108725 0.341660
v -0.137139 0.102037 0.341146
v 0.040972 0.367574 -0.096653
v -0.175488 0.094845 0.324686
v 0.155486 0.326545 0.123375
v 0.149722 0.342755 0.077536
v 0.149170 0.275479 0.218683
v 0.035490 0.377561 -0.090968
v 0.152952 0.306190 0.170177
v -0.236358 0.087899 0.287105
v 0.014535 0.168656 0.341494
v 0.063664 0.202536 0.316580
v 0.052866 0.198201 0.321884
v -0.025167 0.157749 0.348380
v 0.148726 0.289937 0.198303
v 0.127070 0.359377 0.005740
v 0.077785 0.367314 -0.065932
v 0.044256 0.366129 -0.100616
v 0.022197 0.182309 0.335883
v -0.048516 0.142368 0.350706
v 0.094982 0.369449 -0.035527
v 0.132773 0.357204 0.024860
v 0.042614 0.366852 -0.098635
v 0.151679 0.342965 0.068304
v 0.152298 0.344255 0.061307
v 0.060553 0.207373 0.316249
v -0.236576 0.085302 0.287698
v -0.236793 0.082703 0.288288
v -0.240172 0.099567 0.290484
v -0.251378 0.254541 -0.145901
v -0.287927 0.229032 -0.121940
v -0.347397 0.158051 -0.008861
v -0.333361 0.180272 -0.040496
v -0.319399 0.196485 -0.072897
v -0.006104 0.358074 -0.141753
v -0.004559 0.359807 -0.143857
v -0.066254 0.342462 -0.166123
v -0.070235 0.340296 -0.164844
v -0.079520 0.336755 -0.164556
v -0.017749 0.354547 -0.141804
v -0.031933 0.351220 -0.150896
v -0.086668 0.334287 -0.163479
v 0.010806 0.360675 -0.129291
v -0.352738 0.129143 0.104409
v -0.356290 0.149558 0.051996
v -0.354147 0.136908 0.077227
v -0.341465 0.174730 -0.047561
v -0.316247 0.203068 -0.089451
v -0.084194 0.337879 -0.172442
v -0.359065 0.107621 0.094763
v -0.363326 0.126314 0.046061
v -0.003915 0.369370 -0.118154
v -0.082520 0.337691 -0.171019
v -0.125449 0.319952 -0.172921
v -0.158423 0.306370 -0.174379
v -0.174298 0.297645 -0.169526
v -0.206435 0.282099 -0.165533
v -0.267140 0.244826 -0.119515
v -0.231346 0.268271 -0.141239
v -0.263604 0.245565 -0.124514
v -0.026360 0.353788 -0.139509
v -0.009341 0.359845 -0.127482
v -0.131234 0.316998 -0.169788
v -0.075614 0.344106 -0.150320
v -0.012301 0.362096 -0.125849
v -0.065788 0.345208 -0.149666
v 0.038121 0.371210 -0.093507
v -0.351255 0.125414 0.080859
v -0.351877 0.142250 0.039350
v -0.353011 0.133831 0.052389
v -0.074623 0.338864 -0.165937
v -0.018559 0.368793 -0.125440
v 0.009250 0.374130 -0.109676
v -0.006121 0.366403 -0.120466
v -0.057424 0.352699 -0.143260
v -0.063741 0.350118 -0.145590
v -0.048691 0.346763 -0.151429
v -0.360029 0.127811 0.045515
v -0.353181 0.152896 -0.007442
v -0.357379 0.149475 -0.003182
v -0.047547 0.361624 -0.138039
v -0.153364 0.312384 -0.158359
v -0.108403 0.331247 -0.157229
v -0.099726 0.332498 -0.158257
v -0.224697 0.286369 -0.139902
v -0.176411 0.312460 -0.152722
v -0.199852 0.297386 -0.147799
v -0.316917 0.212426 -0.066023
v -0.339162 0.183940 -0.023028
v -0.331302 0.200717 -0.044596
v -0.320494 0.094792 0.183818
v -0.306840 0.086464 0.208854
v -0.279575 0.086611 0.244458
v -0.052084 0.356622 -0.140448
v -0.131041 0.327373 -0.155947
v -0.070530 0.351860 -0.145967
v -0.291003 0.091975 0.231299
v -0.072577 0.354239 -0.146060
v -0.071646 0.352971 -0.145969
v -0.124975 0.335409 -0.154806
v -0.078709 0.337962 -0.168212
v -0.114701 0.336569 -0.154194
v -0.156432 0.318950 -0.154919
v -0.242990 0.263380 -0.133228
v -0.282196 0.236020 -0.105513
v -0.255375 0.257939 -0.124772
v -0.098353 0.330531 -0.162991
v -0.285821 0.228793 -0.119740
v -0.303825 0.229283 -0.084663
v -0.267779 0.258245 -0.116889
v -0.285300 0.241605 -0.102158
v -0.226284 0.269616 -0.146441
v -0.136663 0.315096 -0.166098
v -0.251528 0.253074 -0.142050
v -0.221768 0.272244 -0.157803
v -0.284054 0.228766 -0.113210
v -0.291703 0.222861 -0.103109
v -0.259554 0.247376 -0.130216
v -0.323875 0.082186 0.191473
v -0.326385 0.080862 0.192594
v -0.296576 0.075061 0.236687
v -0.345249 0.091651 0.146981
v -0.291174 0.078253 0.236085
v -0.276835 0.075313 0.256244
v -0.352210 0.103049 0.113078
v -0.347271 0.108683 0.113511
v -0.354251 0.132405 0.048489
v -0.131866 0.324087 -0.157273
v -0.271101 0.078962 0.257241
v -0.324041 0.200749 -0.053607
v -0.337979 0.175667 -0.045410
v -0.245180 0.269338 -0.130044
v -0.313079 0.204079 -0.088063
v -0.344730 0.118013 0.129289
v -0.338537 0.113380 0.156624
v -0.343614 0.115201 0.126956
v -0.324543 0.103065 0.179544
v -0.349042 0.173759 0.001613
v -0.350901 0.152139 0.029106
v -0.345691 0.161848 -0.000094
v -0.352092 0.158975 0.025597
v -0.176391 0.303603 -0.154310
v -0.348929 0.153223 0.006631
v -0.328500 0.102386 0.168179
v -0.268933 0.093927 0.259204
v -0.325983 0.105646 0.180786
v -0.314292 0.102942 0.206424
v -0.299919 0.218410 -0.089323
v -0.314744 0.206906 -0.068532
v -0.269812 0.096081 0.260620
v -0.281032 0.098271 0.251684
v -0.296675 0.097324 0.227990
v -0.299165 0.081971 0.222416
v -0.272777 0.081983 0.253304
v -0.331437 0.096236 0.161605
v -0.325562 0.089922 0.177393
v -0.320351 0.084737 0.191280
v -0.101062 0.330451 -0.160952
v -0.168645 0.302093 -0.160142
v -0.189486 0.289511 -0.162217
v -0.212535 0.276953 -0.158408
v -0.337377 0.090402 0.158773
v -0.001826 0.358400 -0.130512
v -0.347758 0.165349 0.007526
v -0.198573 0.294613 -0.148629
v -0.217189 0.281407 -0.143683
v -0.283918 0.238899 -0.103041
v -0.352675 0.134290 0.076106
v -0.296428 0.095128 0.225750
v -0.182400 0.293859 -0.160582
v -0.199899 0.288442 -0.150952
v -0.246159 0.256172 -0.141367
v -0.283562 0.229326 -0.116903
v -0.314331 0.202226 -0.074771
v -0.327919 0.189352 -0.047907
v -0.337678 0.180278 -0.024593
v -0.354978 0.142859 0.016314
v -0.352392 0.108251 0.102351
v -0.357764 0.121107 0.065009
v -0.342835 0.111464 0.126798
v -0.351150 0.128046 0.083382
v -0.341004 0.096209 0.143511
v -0.348270 0.106094 0.114597
v -0.355757 0.122799 0.065639
v -0.354320 0.139364 0.028453
v -0.343463 0.108437 0.124940
v -0.292937 0.222895 -0.099044
v -0.135505 0.181613 0.317226
v -0.108786 0.217683 0.304566
v -0.156900 0.205320 0.291897
v -0.184911 0.167338 0.299636
v -0.093094 0.191543 0.326535
v -0.055972 0.215097 0.320291
v -0.230048 0.161476 0.270148
v 0.015046 0.256221 0.293467
v 0.065152 0.300941 0.239177
v 0.049436 0.275010 0.271906
v -0.017901 0.234028 0.311292
v -0.188992 0.195618 0.279273
v 0.016786 0.289814 0.260251
v -0.221697 0.190121 0.256118
v -0.213346 0.218766 0.242087
v 0.101527 0.357191 0.118964
v 0.060537 0.361256 0.133658
v 0.088987 0.341131 0.166566
v -0.059773 0.271681 0.273143
v -0.022702 0.266612 0.283544
v -0.026753 0.293219 0.255548
v -0.051182 0.245936 0.298134
v -0.097575 0.252269 0.280756
v 0.086625 0.319880 0.205421
v -0.177070 0.224878 0.264681
v -0.137582 0.236304 0.277870
v -0.015949 0.387360 0.041729
v 0.006874 0.381982 0.077978
v 0.022667 0.388586 0.023251
v 0.107097 0.367404 0.074839
v 0.071469 0.374203 0.083140
v 0.055536 0.335494 0.190741
v 0.081733 0.381041 0.013921
v 0.107123 0.373896 0.028176
v 0.039909 0.383337 0.059235
v -0.000765 0.315414 0.229171
v 0.023628 0.355788 0.157736
v 0.016419 0.336756 0.195808
v 0.056979 0.385765 -0.002322
v 0.020373 0.371214 0.117545
v 0.016823 0.388088 -0.034243
v 0.033144 0.388013 -0.020363
v 0.035666 0.318527 0.221995
v 0.001188 0.386884 -0.048875
v -0.022788 0.388821 -0.018893
v -0.046541 0.386980 0.011270
v 0.110703 0.373193 -0.003412
v 0.101958 0.376363 0.005236
v 0.082166 0.381151 -0.006694
v 0.062871 0.384350 -0.019858
v 0.023957 0.381563 -0.076920
v 0.027935 0.385987 -0.048031
v 0.044226 0.385941 -0.034145
v 0.012367 0.384697 -0.062697
v -0.107978 0.354260 -0.122126
v -0.293294 0.255813 -0.023876
v -0.261293 0.287894 -0.029620
v -0.275756 0.267000 -0.068660
v -0.047454 0.372384 -0.105623
v -0.116600 0.361890 -0.086619
v -0.061325 0.381704 -0.051012
v -0.286866 0.263581 0.015954
v -0.060818 0.364128 -0.125675
v -0.199957 0.313994 -0.116138
v -0.242594 0.287306 -0.103246
v -0.155622 0.338478 -0.115243
v -0.266760 0.223763 0.175379
v -0.280260 0.234532 0.135812
v -0.301441 0.198479 0.147418
v -0.082817 0.380868 -0.011324
v -0.122304 0.369440 -0.024513
v -0.342545 0.164517 0.087194
v -0.332086 0.198563 0.048019
v -0.235424 0.302592 -0.071139
v -0.200114 0.334065 -0.019788
v -0.186213 0.335448 -0.069643
v -0.016335 0.383803 -0.067081
v -0.276305 0.268990 0.057547
v -0.259121 0.290332 0.024186
v -0.313159 0.231800 0.014877
v -0.283515 0.249958 0.095621
v -0.324010 0.193770 0.097333
v -0.149980 0.354208 -0.063999
v -0.032587 0.378958 -0.086042
v -0.286835 0.138184 0.224974
v -0.162312 0.353477 -0.027402
v -0.301913 0.166632 0.181851
v -0.326032 0.163725 0.137451
v -0.306729 0.232484 0.062277
v -0.262061 0.176352 0.228483
v -0.233133 0.312527 -0.002192
v -0.221264 0.191606 0.255390
v -0.243937 0.218386 0.211626
v -0.285637 0.196022 0.178814
v -0.004650 0.381531 -0.080557
v -0.034717 0.369957 -0.118361
v -0.020386 0.376604 -0.099162
v -0.207086 0.217748 0.234322
v -0.016691 0.375351 0.055203
v -0.000413 0.371533 0.079406
v -0.161790 0.229026 0.255986
v -0.009232 0.317478 0.210947
v 0.000531 0.334403 0.186246
v -0.008651 0.331429 0.205156
v -0.080257 0.260216 0.264608
v 0.012393 0.370635 0.096558
v 0.018802 0.356373 0.135163
v -0.115910 0.241708 0.270441
v -0.171687 0.241136 0.253688
v -0.203933 0.225864 0.229355
v -0.110277 0.252653 0.263995
v -0.069137 0.274253 0.257427
v -0.044848 0.278189 0.256158
v -0.207051 0.234965 0.232171
v -0.011932 0.374579 0.076101
v -0.029382 0.384645 0.056772
v -0.008414 0.378689 0.092500
v -0.140169 0.241482 0.260360
v 0.004004 0.319913 0.206572
v -0.094652 0.269203 0.265627
v -0.019756 0.299590 0.232475
v -0.044073 0.288020 0.246079
v 0.007342 0.364461 0.106446
v 0.008412 0.354483 0.139530
v -0.133182 0.252866 0.265150
v -0.059222 0.288826 0.255079
v 0.011671 0.338665 0.171389
v -0.048409 0.377767 0.014752
v -0.027587 0.302732 0.232166
v 0.006134 0.345415 0.163366
v 0.002471 0.367149 0.131231
v -0.054519 0.376541 0.022602
v -0.029759 0.310143 0.234364
v -0.058738 0.384532 0.026942
v 0.002390 0.350959 0.169823
v -0.094101 0.378361 0.005424
v -0.119060 0.362730 -0.007647
v -0.132607 0.366632 -0.006038
v -0.210614 0.317246 -0.007117
v -0.190758 0.331512 -0.004064
v -0.175686 0.336342 -0.015098
v -0.094276 0.367818 -0.006354
v -0.148864 0.351355 -0.011363
v -0.139550 0.353726 -0.021402
v -0.214721 0.315183 0.006213
v -0.206567 0.330671 0.004034
v -0.232352 0.303137 0.021242
v -0.236158 0.296901 0.017007
v -0.171136 0.350294 -0.006515
v -0.239375 0.221493 0.194427
v -0.255228 0.224320 0.169810
v -0.259465 0.275523 0.042468
v -0.268529 0.226373 0.153141
v -0.274399 0.239381 0.114011
v -0.236030 0.309353 0.024749
v -0.247880 0.230993 0.177184
v -0.236407 0.234852 0.202340
v -0.257375 0.240807 0.166612
v -0.267594 0.257848 0.078104
v -0.266788 0.247740 0.112353
v -0.265701 0.259584 0.089680
v -0.268260 0.252348 0.127882
v -0.268179 0.268538 0.089289
v -0.263562 0.232743 0.143334
v -0.260710 0.272026 0.067397
v -0.249434 0.285426 0.041222
v -0.257137 0.288067 0.053956
v -0.152516 0.270966 0.235164
v -0.060742 0.335977 0.188241
v -0.048461 0.328531 0.204261
v -0.062671 0.309280 0.228943
v -0.084162 0.286714 0.250405
v -0.094697 0.296992 0.234138
v -0.068696 0.326315 0.201991
v -0.120551 0.277240 0.246156
v -0.162065 0.279885 0.217686
v -0.163930 0.292206 0.198794
v -0.134311 0.288270 0.225499
v -0.033971 0.358232 0.150106
v -0.080049 0.316376 0.213298
v -0.174897 0.263800 0.227608
v -0.073493 0.379740 0.046124
v -0.080838 0.377355 0.055675
v -0.059095 0.379322 0.068218
v -0.051385 0.345282 0.173635
v -0.028194 0.344048 0.181237
v -0.012072 0.359415 0.150648
v -0.028081 0.370492 0.118199
v -0.048303 0.376059 0.090961
v -0.115301 0.296067 0.225922
v -0.055040 0.368211 0.115806
v -0.069874 0.372855 0.090117
v -0.049402 0.362524 0.134735
v -0.090408 0.366350 0.097058
v -0.194003 0.263233 0.212267
v -0.091525 0.372071 0.069790
v -0.122017 0.368902 0.032476
v -0.217565 0.312686 0.083080
v -0.226050 0.311289 0.063358
v -0.210060 0.326392 0.036939
v -0.185817 0.342546 0.012794
v -0.180327 0.344023 0.033983
v -0.209301 0.321624 0.069025
v -0.152185 0.358443 0.019733
v -0.116067 0.368371 0.053465
v -0.117494 0.363720 0.075566
v -0.143660 0.359608 0.045494
v -0.241055 0.282783 0.118015
v -0.197738 0.331073 0.057516
v -0.099179 0.375005 0.039587
v -0.208258 0.275401 0.181034
v -0.213134 0.260088 0.197271
v -0.226400 0.302168 0.097179
v -0.244536 0.291623 0.084647
v -0.257907 0.269846 0.112550
v -0.244655 0.265192 0.147690
v -0.226229 0.263809 0.176679
v -0.162552 0.351539 0.044957
v -0.222931 0.279666 0.155187
v -0.191016 0.289576 0.177304
v -0.228451 0.285082 0.136144
v 0.241509 0.296311 0.062937
v 0.220743 0.311414 0.060944
v 0.279473 0.261692 0.059256
v 0.260491 0.279001 0.061098
v 0.339651 0.184068 0.029674
v 0.326108 0.203957 0.038857
v 0.359804 0.143724 0.004782
v 0.349728 0.163896 0.017228
v 0.296018 0.242768 0.053649
v 0.312565 0.223845 0.048040
v 0.374939 0.049891 -0.080259
v 0.376806 0.066842 -0.060960
v 0.351514 -0.008188 -0.160945
v 0.361258 0.003649 -0.140251
v 0.366067 0.123961 -0.010498
v 0.372331 0.104199 -0.025779
v 0.373072 0.032938 -0.099560
v 0.374569 0.085520 -0.043370
v 0.341771 -0.020024 -0.181641
v 0.328524 -0.028645 -0.201975
v 0.367165 0.018293 -0.119905
v 0.065705 0.381768 0.001797
v 0.049875 0.383523 -0.009910
v 0.082259 0.377848 0.011863
v 0.033525 0.386586 -0.020907
v 0.034044 0.385280 -0.021618
v 0.098812 0.373929 0.021930
v 0.169368 0.344564 0.051617
v 0.250237 0.287036 0.053763
v 0.290234 0.247820 0.047294
v 0.362682 0.127008 -0.014237
v 0.349120 0.161192 0.007166
v 0.323695 0.205166 0.031699
v 0.362605 0.022057 -0.126454
v 0.371319 0.056662 -0.082763
v 0.369895 0.096425 -0.042789
v 0.344167 -0.005962 -0.171786
v 0.043221 0.384158 -0.032999
v 0.078987 0.376321 0.000729
v 0.041990 0.382779 -0.031553
v 0.035049 0.383628 -0.022944
v 0.037667 0.381689 -0.026276
v 0.039134 0.381510 -0.028097
v 0.036279 0.382409 -0.024527
v 0.040602 0.381880 -0.029890
v 0.246312 -0.034969 -0.299887
v 0.243071 -0.035099 -0.301859
v -0.060383 0.359574 -0.129233
v -0.050236 0.367287 -0.112499
v 0.018349 0.384735 -0.035610
v -0.037946 0.372716 -0.096316
v -0.025655 0.378146 -0.080131
v 0.002655 0.384190 -0.049605
v -0.011500 0.381167 -0.064869
v 0.148857 -0.029576 -0.356628
v 0.170804 -0.036455 -0.345038
v 0.104569 -0.009061 -0.373090
v 0.126713 -0.019318 -0.364858
v -0.015724 0.084984 -0.377776
v 0.002560 0.067101 -0.380810
v 0.082987 0.004222 -0.377678
v 0.061404 0.017507 -0.382266
v 0.041123 0.033362 -0.383057
v 0.020843 0.049218 -0.383847
v -0.031384 0.104282 -0.371018
v -0.047043 0.123581 -0.364260
v -0.098649 0.295600 -0.228768
v -0.101797 0.279313 -0.248470
v -0.100846 0.261110 -0.266666
v -0.099896 0.242908 -0.284860
v -0.089864 0.203919 -0.316993
v -0.080953 0.183801 -0.330379
v -0.072043 0.163685 -0.343766
v -0.059542 0.143633 -0.354012
v -0.094880 0.223413 -0.300927
v -0.086257 0.331907 -0.180255
v 0.086554 0.010282 -0.374657
v 0.134440 -0.014728 -0.360146
v 0.041166 0.042532 -0.380099
v -0.050414 0.142986 -0.353491
v -0.074172 0.186713 -0.327946
v -0.093000 0.270454 -0.257164
v 0.008164 0.068864 -0.378287
v -0.018510 0.100475 -0.370867
v 0.169991 -0.030608 -0.343668
v -0.088437 0.229895 -0.295378
v -0.033373 0.368918 -0.103288
v -0.001644 0.378888 -0.065637
v 0.049580 -0.368121 0.112083
v 0.033217 -0.369612 0.102851
v 0.001633 -0.379471 0.065602
v -0.036794 -0.382804 0.025083
v -0.003076 -0.384800 0.049624
v -0.038357 -0.382163 0.027048
v -0.039988 -0.382187 0.029060
v -0.035403 -0.384068 0.023302
v -0.034278 -0.385869 0.021819
v 0.025089 -0.378840 0.079941
v -0.041578 -0.382877 0.030985
v -0.043021 -0.384183 0.032695
v 0.085913 -0.332679 0.180172
v 0.093049 -0.271042 0.257195
v -0.242896 0.034876 0.301555
v -0.171960 0.030413 0.342962
v -0.086554 -0.010613 0.374883
v -0.105257 0.008716 0.373158
v -0.134484 0.014429 0.360361
v 0.074253 -0.187246 0.328067
v 0.088507 -0.230460 0.295453
v 0.089579 -0.204362 0.317303
v -0.062026 -0.017826 0.382418
v -0.041154 -0.042932 0.380308
v -0.021392 -0.049532 0.384066
v -0.149598 0.029183 0.356603
v 0.071705 -0.164079 0.344080
v 0.015251 -0.085312 0.378046
v -0.008283 -0.069413 0.378508
v 0.018579 -0.100914 0.371044
v 0.046643 -0.123937 0.364563
v 0.050508 -0.143463 0.353645
v 0.099647 -0.243399 0.285151
v 0.101566 -0.279852 0.248726
v 0.011007 -0.381821 0.064781
v 0.037335 -0.373481 0.096012
v 0.059713 -0.360504 0.128703
v -0.018677 -0.385335 0.035722
v -0.033846 -0.386915 0.021233
v -0.083641 -0.004555 0.377788
v 0.094613 -0.223881 0.301227
v -0.125630 0.020141 0.368204
v -0.127427 0.018950 0.364879
v 0.059174 -0.144008 0.354322
v -0.100192 0.007152 0.376399
v 0.015179 -0.083705 0.380206
v -0.151203 0.031012 0.357682
v -0.003070 -0.067422 0.381055
v 0.098417 -0.296158 0.229004
v -0.171562 0.036028 0.344962
v 0.096141 -0.220662 0.306441
v -0.041709 -0.033679 0.383243
v 0.103371 -0.264380 0.266971
v 0.100607 -0.261625 0.266939
v 0.034072 -0.105628 0.373474
v 0.030947 -0.104624 0.371304
v 0.051034 -0.128255 0.364356
v 0.101098 -0.242940 0.287416
v 0.080641 -0.184221 0.330693
v -0.065651 -0.382406 -0.001401
v -0.085314 -0.375485 -0.004868
v -0.098451 -0.374693 -0.021402
v -0.248127 0.034676 0.298095
v -0.243730 0.035345 0.300097
v -0.242522 0.035248 0.301178
v -0.169297 -0.345316 -0.051326
v -0.248252 -0.289428 -0.053898
v -0.241801 -0.296852 -0.062734
v -0.320063 -0.211315 -0.034062
v -0.287119 -0.252028 -0.048221
v -0.279797 -0.262187 -0.059037
v -0.312909 -0.224291 -0.047784
v -0.345759 -0.168917 -0.011989
v -0.360134 -0.144078 -0.004417
v -0.339998 -0.184465 -0.029367
v -0.363156 -0.126595 0.017221
v -0.372625 -0.104517 0.026211
v -0.341740 0.019670 0.182313
v -0.328422 0.019569 0.199791
v -0.371508 -0.086196 0.052503
v -0.377042 -0.067141 0.061463
v -0.360242 -0.017070 0.134672
v -0.361330 -0.003962 0.140879
v -0.373234 -0.033235 0.100128
v -0.370522 -0.049194 0.092182
v -0.049398 -0.386553 0.008715
v -0.049965 -0.384138 0.010210
v -0.082051 -0.378549 -0.011403
v -0.119534 -0.369466 -0.033432
v -0.115239 -0.368787 -0.029597
v -0.069380 -0.383500 -0.005189
v -0.282213 -0.261919 -0.060279
v -0.260800 -0.279520 -0.060886
v -0.260947 -0.282418 -0.063495
v -0.296354 -0.243239 -0.053409
v -0.368780 -0.125575 0.008054
v -0.366380 -0.124297 0.010898
v -0.326454 -0.204377 -0.038575
v -0.350066 -0.164271 -0.016891
v -0.360114 -0.148612 -0.008589
v -0.221013 -0.311975 -0.060744
v -0.355076 0.008780 0.160078
v -0.351535 0.007853 0.161596
v -0.374852 -0.103017 0.026416
v -0.342759 0.021526 0.183925
v -0.364952 -0.005957 0.136242
v -0.328439 0.028260 0.202661
v -0.374834 -0.085829 0.043838
v -0.367281 -0.018598 0.120503
v -0.301857 -0.240368 -0.054574
v -0.375138 -0.050188 0.080796
v 0.113875 -0.335663 -0.117352
v 0.138458 -0.292343 -0.186341
v 0.136729 -0.337345 -0.083182
v 0.006771 -0.365916 0.074943
v 0.068873 -0.357112 0.085210
v 0.022889 -0.339142 0.155064
v 0.279901 0.166233 -0.182376
v 0.319147 0.149125 -0.123124
v 0.328178 0.083574 -0.156698
v -0.138913 0.292219 0.186839
v -0.075596 0.260737 0.256728
v -0.087800 0.285887 0.223948
v 0.115982 -0.174070 0.309594
v 0.028150 -0.117743 0.353552
v -0.018391 -0.185251 0.324058
v 0.087594 -0.361014 -0.038213
v 0.017579 -0.370777 -0.041361
v 0.060400 -0.356469 -0.093433
v 0.055760 -0.368367 0.026609
v 0.313160 0.192226 -0.065260
v 0.282420 0.240332 0.042659
v 0.335655 0.163111 -0.005703
v 0.076805 -0.312677 0.189499
v 0.114042 -0.333424 0.123901
v -0.087311 -0.223938 0.286209
v -0.100919 -0.157288 0.323698
v -0.161249 -0.173296 0.289281
v 0.105236 0.357532 -0.021697
v 0.114622 0.353579 0.035253
v 0.165601 0.334085 -0.017760
v -0.059189 -0.318820 0.185706
v -0.029747 -0.348686 0.130891
v 0.175113 -0.237665 0.228894
v 0.142779 -0.293401 0.181848
v 0.218824 -0.262132 0.151290
v 0.008453 -0.299344 0.223481
v -0.056718 -0.276510 0.244919
v -0.108634 -0.338157 0.116085
v -0.068401 -0.361461 0.065211
v 0.222731 -0.281388 -0.102816
v 0.185923 -0.301837 -0.117043
v 0.032352 0.240866 0.283744
v 0.075927 0.250450 0.266562
v 0.022216 0.282906 0.242949
v 0.181445 0.314319 -0.087145
v 0.231535 0.268164 -0.117303
v 0.144720 0.303214 -0.162512
v 0.101155 -0.330024 -0.142313
v 0.057709 0.185490 0.319140
v -0.006447 0.232318 0.292549
v 0.009702 0.180264 0.327146
v -0.145175 -0.303338 0.163012
v 0.257547 -0.212615 -0.166637
v 0.306900 -0.144291 -0.155791
v 0.318787 -0.161019 -0.108380
v -0.184708 0.095002 0.310745
v -0.218246 0.126228 0.275924
v -0.230827 0.059536 0.287912
v -0.171251 0.159230 0.291549
v -0.198241 0.188619 0.254549
v -0.163624 0.218773 0.254986
v -0.171493 0.244585 0.224513
v 0.204750 -0.311597 -0.019946
v 0.183282 -0.312850 -0.089000
v 0.234449 -0.287575 -0.041480
v 0.102753 -0.264986 0.242505
v 0.035762 -0.247671 0.277508
v -0.194181 0.025263 0.318398
v -0.164465 -0.034696 0.333872
v -0.147288 0.033545 0.341894
v 0.081697 0.339441 0.132549
v 0.146075 0.330148 0.095300
v 0.063378 0.358533 0.082966
v 0.370200 -0.022051 -0.041917
v 0.363266 0.078717 0.034083
v 0.369521 -0.015744 0.050428
v 0.281643 0.103150 -0.221953
v 0.231814 0.077472 -0.281926
v 0.220626 0.143241 -0.264638
v -0.085867 0.041612 0.361368
v -0.095496 0.123121 0.339702
v -0.146392 0.102390 0.328300
v -0.176779 -0.258192 0.204396
v -0.202373 -0.204256 0.238829
v 0.009114 0.351734 0.125270
v -0.063009 0.341606 0.137358
v -0.070796 0.327465 0.165245
v -0.102029 0.258384 0.249888
v -0.119072 0.252871 0.247995
v -0.141517 0.241127 0.247923
v 0.307405 0.035235 -0.208544
v 0.352393 0.000911 -0.122777
v 0.301486 -0.040238 -0.216158
v -0.232269 -0.077595 0.282426
v -0.221080 -0.143365 0.265136
v -0.158980 -0.107599 0.320735
v 0.092635 0.207547 0.296481
v 0.176784 0.141761 0.296948
v 0.365973 -0.073372 0.000838
v 0.349587 -0.116160 -0.059988
v -0.025847 -0.372460 0.012128
v 0.235100 0.009061 -0.289604
v 0.275855 -0.002047 -0.251251
v 0.230373 -0.059660 -0.287414
v 0.203774 -0.220640 -0.221576
v 0.200262 -0.243792 -0.199442
v 0.280672 0.212463 -0.123875
v 0.236295 0.226628 -0.179046
v 0.289772 -0.227560 -0.059942
v 0.282844 -0.218229 -0.108155
v 0.322596 -0.176008 -0.065374
v 0.108179 0.338033 -0.115585
v 0.171039 -0.244709 -0.224013
v 0.197786 -0.188743 -0.254048
v 0.038921 0.368114 0.049149
v 0.025392 0.372336 -0.011628
v -0.018034 0.370652 0.041859
v 0.241023 -0.162347 -0.234143
v 0.217792 -0.126351 -0.275424
v 0.260269 -0.098376 -0.248656
v 0.029860 0.302336 0.217339
v -0.061517 0.307843 0.202526
v -0.046134 0.296706 0.222283
v 0.159378 0.305626 0.143632
v 0.036656 -0.011413 0.371718
v -0.035858 -0.027857 0.370972
v 0.201917 0.204132 -0.238331
v 0.162481 -0.319803 -0.103527
v 0.359931 0.076978 -0.061625
v 0.271999 0.248489 -0.059690
v 0.176324 0.258068 -0.203898
v -0.078626 -0.090688 0.353970
v -0.067379 0.315978 0.187564
v -0.009722 0.334640 0.165663
v 0.226258 0.187322 0.230617
v 0.177316 0.259569 0.201615
v 0.151431 0.226764 0.255253
v 0.227979 0.294741 -0.021890
v -0.020082 0.361982 0.089738
v -0.101610 0.329900 0.142814
v 0.327256 -0.069038 -0.165505
v -0.116399 0.204405 0.290379
v -0.056002 0.134511 0.344134
v -0.060854 0.356345 0.093930
v -0.029971 0.074465 0.364993
v -0.235555 -0.009185 0.290105
v -0.026648 0.268656 0.258262
v 0.257406 -0.171544 -0.208788
v -0.142637 0.166472 0.302678
v 0.252819 -0.267357 0.063483
v 0.188860 -0.311164 0.083547
v 0.166311 -0.334135 -0.011463
v -0.107432 -0.022649 0.357287
v 0.209330 -0.273262 -0.144406
v 0.219641 -0.256678 -0.158759
v 0.203454 -0.251953 -0.185606
v 0.124304 -0.349474 0.043615
v 0.067946 0.361338 -0.064713
v 0.293480 -0.107336 -0.203970
v 0.287843 -0.155097 0.180409
v 0.255009 -0.130708 0.239547
v 0.237948 -0.194673 0.212091
v 0.066055 0.131852 0.343299
v 0.326088 -0.178682 0.033283
v 0.346728 -0.116012 0.075450
v 0.307188 -0.188956 0.096647
v 0.348994 0.045090 0.124682
v 0.285400 0.128649 0.203542
v 0.304142 0.044016 0.212130
v -0.039893 0.222484 0.297532
v 0.006921 0.319759 0.192969
v 0.045732 0.075546 0.363084
v -0.008221 0.132148 0.349440
v 0.098128 0.019436 0.360005
v 0.245507 -0.067151 0.273364
v 0.222661 0.046481 0.296276
v 0.166037 0.019187 0.334111
v 0.123807 0.082492 0.342708
v 0.086062 0.318167 0.175642
v 0.319628 0.145675 0.126466
v 0.244298 0.247072 0.136665
v 0.210056 0.300886 0.068725
v 0.320548 -0.025588 0.189799
v 0.323090 -0.094693 0.161459
v 0.350934 -0.034393 0.122661
v 0.346242 -0.088189 -0.107778
v 0.088564 0.276542 0.234950
v 0.280616 -0.012725 0.246103
v 0.289987 -0.075968 0.222716
v 0.267936 -0.216765 0.143797
v 0.126228 -0.066138 0.345387
v 0.188919 -0.129342 0.295186
v 0.345364 -0.141300 -0.009549
v -0.082414 0.210696 0.297409
v 0.286236 -0.239624 -0.004882
v 0.261142 0.085448 0.252937
v 0.155842 -0.233850 -0.245644
v 0.127590 -0.220789 -0.272550
v 0.178402 -0.028186 -0.326521
v 0.124998 -0.054229 -0.347403
v 0.119180 0.030444 -0.352298
v -0.231990 -0.268288 0.117801
v -0.272453 -0.248613 0.060188
v -0.228434 -0.294865 0.022388
v 0.051227 0.031884 -0.368274
v 0.065107 -0.046016 -0.364576
v -0.091066 0.354709 -0.072992
v -0.157348 0.319228 -0.113085
v -0.153310 0.339550 -0.026337
v 0.160244 -0.162389 -0.295346
v 0.162726 -0.095029 -0.322093
v -0.135795 -0.335549 -0.092205
v -0.115077 -0.353702 -0.034752
v -0.210511 -0.301009 -0.068227
v 0.035122 0.154607 -0.337841
v -0.041252 0.089095 -0.360091
v -0.025682 0.191775 -0.319170
v -0.044826 0.370349 -0.016600
v -0.282875 -0.240456 -0.042159
v 0.158201 0.097035 -0.323711
v 0.019808 -0.118883 -0.353245
v -0.058130 -0.072656 -0.361491
v -0.000831 -0.014452 -0.372939
v 0.080951 0.098606 -0.350682
v 0.040068 -0.273544 -0.250872
v 0.083888 -0.267875 -0.246081
v -0.233021 0.277518 0.090991
v -0.275734 0.248447 0.042882
v -0.268795 0.243630 0.089489
v -0.282098 -0.103274 0.222453
v -0.280356 -0.166357 0.182874
v -0.233530 0.290374 -0.026118
v -0.255014 0.272203 0.021070
v -0.221792 0.297914 0.040217
v -0.106111 0.356682 0.031878
v -0.346697 0.088067 0.108278
v -0.333382 0.063521 0.156592
v -0.305982 0.132159 0.169096
v -0.078095 0.362645 0.043361
v -0.103613 0.343350 0.104448
v -0.103342 -0.131540 -0.333755
v -0.009551 -0.214589 -0.305315
v -0.066538 -0.224475 -0.290816
v 0.104256 0.165023 -0.318040
v 0.052928 0.216442 -0.299380
v -0.025270 0.361834 -0.088528
v -0.039376 -0.368239 -0.048649
v -0.364124 -0.067498 -0.049840
v -0.357577 0.030945 -0.103760
v -0.334418 -0.062747 -0.154233
v -0.181899 -0.314442 0.087642
v 0.127483 0.229825 -0.264929
v -0.276309 0.001924 0.251749
v -0.301941 0.040113 0.216658
v -0.307859 -0.035358 0.209042
v -0.169354 0.312474 0.115122
v -0.153104 0.319659 0.118082
v -0.129996 0.330007 0.117262
v 0.053290 0.272436 -0.249467
v -0.347928 0.131586 -0.035117
v -0.320756 0.130190 -0.140369
v -0.097396 -0.306647 -0.189596
v -0.165513 -0.274627 -0.191510
v -0.128673 -0.252721 -0.242942
v -0.257861 0.171420 0.209286
v -0.204229 0.220516 0.222074
v -0.200718 0.243669 0.199940
v 0.062554 -0.341729 -0.136860
v 0.070342 -0.327589 -0.164747
v -0.281126 -0.212586 0.124373
v -0.236749 -0.226751 0.179546
v 0.060482 -0.296450 -0.218718
v -0.015031 -0.277858 -0.248925
v -0.166057 -0.334208 0.018258
v 0.006359 -0.360093 -0.098804
v -0.312767 0.158535 0.129259
v -0.270212 0.228886 0.119282
v -0.312392 0.194096 0.066079
v -0.314641 -0.190185 0.067141
v -0.360386 -0.077103 0.062123
v -0.336109 -0.163235 0.006201
v -0.280442 0.222180 -0.107297
v -0.269320 0.254966 -0.044777
v -0.220098 0.267834 -0.138913
v 0.106293 -0.247722 -0.258199
v -0.105691 -0.357656 0.022195
v -0.342267 -0.136524 -0.061920
v -0.192402 0.302987 0.103730
v -0.186019 0.290105 0.144339
v -0.319602 -0.149248 0.123624
v 0.034676 0.349185 -0.127368
v -0.260723 0.098251 0.249156
v -0.209866 0.263015 0.162484
v -0.204797 0.256553 0.178514
v -0.249273 0.210111 0.182681
v 0.030806 0.317797 -0.193350
v -0.106263 0.198666 -0.297646
v -0.040637 0.283361 -0.239575
v -0.221864 0.267019 0.138172
v -0.310688 0.206390 0.021909
v -0.328633 -0.083697 0.157199
v -0.285413 0.108327 0.215653
v -0.229489 0.162908 0.245928
v -0.261277 0.045492 -0.262915
v -0.192507 0.054528 -0.315228
v -0.235342 -0.015579 -0.289507
v -0.029401 0.337541 -0.156754
v -0.001439 -0.328216 -0.178048
v -0.080918 -0.333050 -0.148362
v -0.009569 -0.351857 -0.124772
v -0.176463 -0.174517 -0.279007
v 0.077584 -0.181047 -0.317033
v 0.096588 -0.117140 -0.340922
v 0.048701 -0.309936 -0.202386
v 0.067639 -0.320460 -0.179241
v -0.074802 -0.354613 -0.090358
v -0.142596 0.340346 0.057965
v -0.100427 0.312237 -0.178376
v -0.173472 0.327506 0.046754
v -0.262809 0.218443 0.151194
v -0.194855 0.314411 -0.051761
v -0.192924 0.190878 -0.256437
v -0.252270 0.191518 -0.197863
v -0.204741 0.237692 -0.202544
v -0.312295 -0.164227 -0.122803
v -0.320305 0.024627 -0.190585
v -0.284217 -0.030406 -0.240389
v -0.371725 0.036909 0.010270
v -0.352847 -0.001034 0.123277
v -0.365389 0.029882 0.072622
v -0.284417 0.112536 -0.214309
v -0.204134 -0.078403 -0.302673
v -0.246638 -0.251565 -0.124272
v -0.159833 -0.305750 -0.143132
v -0.221452 -0.225509 -0.199028
v -0.271070 -0.110812 -0.231819
v -0.340449 0.136252 0.071983
v -0.321755 0.174194 -0.075466
v -0.224968 0.114056 -0.275335
v -0.157746 0.134055 -0.310682
v -0.118725 0.070636 -0.346791
v 0.081797 -0.246889 -0.267754
v 0.039898 -0.205082 -0.309322
v -0.138205 -0.016619 -0.346401
v -0.065960 0.019125 -0.366886
v -0.028896 -0.149861 -0.340655
v -0.159072 0.286185 -0.179497
v -0.298069 0.224325 -0.020197
v -0.038195 -0.298450 -0.221111
v -0.128397 0.255456 -0.240086
v -0.089015 0.138306 -0.335085
vn -0.3930 0.7788 0.4889
vn -0.4006 0.7985 0.4493
vn -0.3964 0.7559 0.5210
vn -0.3345 0.8351 0.4367
vn -0.3492 0.8203 0.4530
vn -0.3238 0.8088 0.4910
vn -0.3021 0.8200 0.4861
vn -0.3223 0.8502 0.4164
vn -0.4165 0.7740 0.4769
vn -0.4392 0.7722 0.4591
vn -0.4383 0.7734 0.4579
vn -0.2842 0.7956 0.5350
vn -0.2767 0.8387 0.4690
vn -0.2566 0.8500 0.4600
vn -0.2562 0.8129 0.5230
vn -0.3523 0.7938 0.4957
vn -0.3697 0.8144 0.4472
vn -0.3373 0.8529 0.3984
vn -0.3536 0.8589 0.3704
vn -0.2853 0.9001 0.3294
vn -0.2484 0.9246 0.2889
vn -0.2912 0.9093 0.2972
vn -0.3768 0.8318 0.4077
vn -0.1914 0.8754 0.4438
vn -0.2352 0.8799 0.4128
vn -0.2411 0.8686 0.4329
vn -0.2300 0.8356 0.4988
vn -0.3579 0.7665 0.5332
vn -0.2269 0.8958 0.3821
vn -0.3016 0.8713 0.3872
vn -0.2081 0.8558 0.4737
vn -0.1812 0.9217 0.3431
vn -0.1938 0.9321 0.3060
vn -0.2314 0.9158 0.3284
vn -0.2853 0.8847 0.3686
vn -0.2932 0.8606 0.4164
vn -0.2888 0.9239 0.2509
vn -0.3092 0.9091 0.2791
vn -0.4268 0.8271 0.3656
vn -0.4224 0.7955 0.4344
vn -0.2734 0.8966 0.3482
vn -0.3204 0.8680 0.3793
vn -0.3268 0.8818 0.3400
vn -0.2284 0.9050 0.3589
vn -0.4822 0.8168 0.3168
vn -0.3653 0.8783 0.3085
vn -0.3203 0.7814 0.5356
vn -0.2158 0.9381 0.2711
vn -0.2660 0.9258 0.2686
vn -0.1747 0.8950 0.4103
vn -0.1712 0.9096 0.3787
vn -0.2898 0.9232 0.2523
vn -0.4105 0.8715 0.2682
vn -0.3345 0.9162 0.2206
vn -0.3310 0.9059 0.2641
vn -0.3261 0.9273 0.1836
vn -0.3989 0.8736 0.2786
vn -0.3832 0.8860 0.2612
vn -0.4045 0.8879 0.2193
vn -0.4261 0.8765 0.2240
vn -0.4120 0.8605 0.2997
vn -0.3111 0.9214 0.2328
vn -0.4367 0.8838 0.1680
vn -0.4519 0.8587 0.2416
vn -0.4714 0.8458 0.2499
vn -0.4648 0.8669 0.1801
vn -0.4474 0.8071 0.3853
vn -0.4791 0.7705 0.4206
vn -0.4405 0.7954 0.4164
vn -0.3980 0.8602 0.3187
vn -0.3629 0.8926 0.2674
vn -0.3825 0.8561 0.3475
vn -0.3078 0.8844 0.3508
vn -0.2477 0.8844 0.3955
vn -0.3584 0.8809 0.3092
vn -0.3755 0.9018 0.2141
vn -0.4919 0.8461 0.2052
vn -0.3640 0.9156 0.1709
vn -0.5013 0.8007 0.3281
vn -0.4327 0.8394 0.3289
vn -0.4933 0.8174 0.2976
vn -0.5139 0.8263 0.2305
vn -0.5406 0.7599 0.3608
vn -0.5282 0.7500 0.3981
vn -0.4963 0.7798 0.3814
vn -0.4481 0.8241 0.3466
vn -0.4398 0.8471 0.2985
vn -0.4872 0.8281 0.2773
vn -0.4589 0.8096 0.3660
vn -0.4149 0.8449 0.3376
vn -0.5305 0.8067 0.2603
vn -0.4085 0.8313 0.3770
vn -0.4999 0.7917 0.3513
vn -0.3698 0.8345 0.4086
vn -0.4015 0.9003 0.1683
vn -0.5067 0.7452 0.4335
vn -0.4617 0.7696 0.4411
vn -0.5463 0.7848 0.2928
vn -0.5497 0.7698 0.3243
vn -0.3219 0.8350 0.4462
vn 0.4419 -0.6421 -0.6265
vn 0.4459 -0.6416 -0.6241
vn 0.4462 -0.6418 -0.6238
vn 0.4379 -0.3681 -0.8202
vn -0.2342 0.8792 -0.4150
vn -0.2329 0.8798 -0.4145
vn -0.2336 0.8795 -0.4147
vn -0.0385 0.9912 -0.1269
vn -0.9797 -0.1595 0.1211
vn 0.5639 -0.5606 -0.6065
vn 0.4694 -0.3442 -0.8132
vn 0.0330 0.5702 -0.8208
vn -0.3250 -0.8808 0.3444
vn 0.1017 -0.2040 -0.9737
vn 0.1016 -0.2043 -0.9736
vn 0.1003 -0.2052 -0.9736
vn -0.1581 0.6118 -0.7750
vn 0.5677 -0.4129 -0.7122
vn 0.5064 -0.6401 -0.5778
vn -0.4149 0.8571 0.3053
vn 0.5984 -0.2485 -0.7617
vn 0.5280 0.2635 -0.8073
vn 0.5971 0.0969 -0.7963
vn 0.3089 -0.8656 -0.3941
vn 0.1757 -0.4561 -0.8724
vn -0.1723 0.7644 -0.6213
vn 0.4066 -0.6682 -0.6230
vn -0.4525 0.6994 0.5533
vn -0.5834 -0.5188 0.6249
vn -0.6110 -0.6191 -0.4933
vn -0.4532 0.8278 -0.3306
vn 0.0734 0.9256 -0.3714
vn 0.1469 0.9010 -0.4081
vn -0.6616 0.7289 0.1758
vn -0.1360 0.9868 -0.0876
vn -0.1389 0.9863 -0.0886
vn -0.1373 0.9866 -0.0880
vn 0.3671 -0.6742 -0.6409
vn -0.6195 0.6497 0.4405
vn -0.1071 0.9934 0.0411
vn 0.3045 0.7007 -0.6452
vn 0.1760 0.2090 -0.9619
vn 0.1574 0.8646 -0.4772
vn -0.2419 0.1324 -0.9612
vn -0.2581 0.9631 0.0767
vn 0.3123 0.6633 -0.6801
vn -0.6740 -0.2042 0.7100
vn -0.2405 0.9546 0.1755
vn -0.1185 -0.9679 0.2219
vn -0.8563 -0.0713 -0.5115
vn -0.5086 0.8298 0.2297
vn 0.3305 -0.2839 -0.9001
vn 0.4149 0.5026 -0.7585
vn 0.1016 0.8434 -0.5276
vn -0.8587 0.3895 0.3330
vn -0.8535 0.3929 0.3424
vn -0.8580 0.3900 0.3344
vn -0.6640 0.6979 -0.2683
vn 0.4782 0.0030 -0.8783
vn 0.3190 0.3000 -0.8990
vn 0.5148 0.1887 -0.8363
vn 0.0740 0.9635 -0.2572
vn 0.2087 -0.8589 -0.4678
vn -0.4343 -0.8607 0.2658
vn -0.5111 -0.6819 0.5233
vn 0.1304 -0.9752 -0.1789
vn -0.6341 -0.2738 0.7232
vn 0.2301 -0.9557 -0.1838
vn 0.5189 -0.6930 -0.5006
vn 0.0005 -0.9998 -0.0212
vn 0.1339 -0.9908 -0.0198
vn -0.3274 -0.9242 -0.1968
vn -0.7606 0.4132 -0.5007
vn -0.1730 -0.9833 0.0573
vn -0.4737 -0.7173 0.5110
vn -0.8889 0.4187 -0.1859
vn -0.2559 -0.9116 0.3217
vn -0.2336 -0.9412 0.2442
vn -0.4706 0.8175 0.3319
vn -0.6351 0.2450 0.7326
vn -0.5515 0.7982 0.2423
vn -0.8226 -0.3344 0.4599
vn -0.0899 0.9523 -0.2916
vn -0.0725 0.3082 -0.9486
vn -0.6279 -0.1000 0.7718
vn -0.5728 0.8179 0.0550
vn -0.8019 -0.5892 0.0991
vn -0.5625 -0.8245 0.0617
vn -0.5928 0.6502 0.4753
vn -0.5255 0.6320 0.5696
vn -0.8312 0.2374 0.5026
vn -0.7751 -0.5591 -0.2943
vn -0.7446 -0.0288 0.6669
vn 0.3216 -0.8284 -0.4586
vn -0.3654 -0.8201 -0.4403
vn -0.3651 -0.8199 -0.4409
vn -0.3648 -0.8204 -0.4404
vn -0.5294 0.5639 0.6338
vn -0.7247 0.3194 0.6106
vn -0.5852 0.6282 0.5127
vn -0.5820 0.6285 0.5160
vn -0.5817 0.6286 0.5163
vn -0.3474 -0.9364 -0.0491
vn -0.7914 0.0066 0.6112
vn -0.0138 -0.9963 0.0854
vn -0.7413 0.3387 0.5795
vn -0.7250 -0.6292 0.2801
vn -0.6134 0.4085 0.6759
vn 0.4182 -0.0428 -0.9073
vn -0.9345 0.1186 0.3355
vn 0.1109 -0.7864 -0.6077
vn 0.0299 -0.8685 -0.4948
vn 0.5840 -0.0791 -0.8079
vn 0.2078 -0.8351 -0.5093
vn -0.6629 0.0714 0.7453
vn -0.7651 -0.3408 0.5463
vn -0.3768 0.9254 0.0406
vn -0.3760 0.9257 0.0411
vn -0.3742 0.9264 0.0422
vn -0.4009 0.9040 0.1484
vn 0.0674 -0.9556 -0.2868
vn 0.1624 -0.9272 -0.3375
vn 0.4159 0.5749 -0.7047
vn 0.2124 0.5894 -0.7795
vn -0.5223 -0.5852 0.6203
vn -0.6379 -0.6307 0.4419
vn 0.0613 -0.6795 -0.7311
vn 0.3395 -0.5449 -0.7667
vn 0.3386 -0.5450 -0.7670
vn 0.3473 -0.5451 -0.7630
vn -0.7812 0.6024 0.1636
vn -0.7320 0.5069 0.4552
vn -0.7326 0.5068 0.4544
vn -0.7268 0.5083 0.4619
vn -0.4974 0.8430 0.2046
vn -0.4730 0.8785 0.0669
vn 0.1910 -0.8707 -0.4532
vn -0.0457 -0.9235 -0.3809
vn -0.0462 -0.9218 -0.3849
vn -0.0456 -0.9239 -0.3800
vn 0.2601 0.8183 -0.5126
vn -0.0367 0.9101 -0.4127
vn -0.0360 0.9105 -0.4119
vn -0.0298 0.9148 -0.4027
vn -0.2017 0.9606 -0.1910
vn -0.2249 0.9727 -0.0576
vn -0.2285 0.9718 -0.0583
vn -0.2267 0.9723 -0.0577
vn -0.3420 -0.8262 0.4476
vn -0.3696 -0.9289 0.0248
vn -0.1881 -0.9689 -0.1610
vn 0.0479 -0.9772 -0.2067
vn 0.0478 -0.9772 -0.2069
vn 0.0467 -0.9771 -0.2077
vn 0.3918 -0.8252 -0.4069
vn 0.4245 -0.7497 -0.5077
vn 0.4313 -0.7486 -0.5036
vn 0.4336 -0.7481 -0.5023
vn 0.4984 -0.4984 -0.7093
vn 0.4399 -0.5062 -0.7418
vn -0.4054 0.8239 0.3961
vn -0.4868 0.7437 0.4582
vn -0.4813 0.7437 0.4640
vn -0.4795 0.7437 0.4658
vn -0.6361 0.4850 0.6001
vn -0.6813 0.4827 0.5503
vn 0.5456 -0.1676 -0.8211
vn 0.4281 -0.1773 -0.8862
vn 0.3704 0.1696 -0.9132
vn 0.2774 0.4606 -0.8431
vn -0.6947 0.1531 0.7028
vn -0.7847 0.1427 0.6032
vn -0.7826 -0.2097 0.5862
vn -0.6986 -0.5024 0.5095
vn 0.5266 -0.7445 -0.4104
vn -0.3695 0.7597 0.5351
vn 0.4885 0.4268 -0.7611
vn -0.3391 0.8969 0.2837
vn 0.3063 -0.9001 -0.3098
vn 0.2525 0.4755 -0.8427
vn -0.5787 -0.4356 0.6895
vn -0.7026 -0.5220 0.4836
vn -0.7844 -0.5002 0.3667
vn -0.7758 -0.5637 0.2834
vn -0.0300 0.9150 -0.4023
vn -0.0373 0.9742 -0.2225
vn 0.2656 0.7331 -0.6262
vn 0.0775 0.7349 -0.6738
vn -0.1357 0.9869 -0.0875
vn -0.2260 0.9565 0.1848
vn -0.2875 -0.9459 0.1505
vn -0.1082 -0.9883 0.1071
vn -0.4599 -0.7527 0.4711
vn -0.4942 -0.7765 0.3909
vn 0.0096 -0.9999 -0.0075
vn 0.2424 -0.9549 -0.1717
vn 0.1172 0.4354 -0.8926
vn 0.0263 0.4988 -0.8663
vn 0.3799 -0.3720 -0.8470
vn 0.3764 -0.0268 -0.9261
vn 0.1508 -0.6172 -0.7722
vn -0.0359 -0.0617 -0.9974
vn 0.2090 -0.7817 -0.5876
vn -0.1246 -0.3473 -0.9294
vn 0.1288 -0.3328 -0.9341
vn -0.2640 0.0134 -0.9644
vn -0.5121 -0.1751 -0.8409
vn -0.4364 0.3143 -0.8431
vn -0.2997 -0.4322 -0.8505
vn -0.8900 -0.3979 0.2227
vn -0.9238 0.0535 -0.3790
vn -0.1599 0.4953 -0.8539
vn -0.7804 0.3331 0.5292
vn -0.8169 -0.0160 0.5766
vn -0.7877 0.5559 0.2656
vn -0.9446 0.1391 0.2972
vn -0.7510 0.6583 0.0518
vn -0.8638 0.4741 0.1703
vn -0.9726 0.0969 0.2114
vn -0.9979 -0.0079 0.0638
vn -0.9363 -0.2697 -0.2248
vn -0.8592 -0.4359 -0.2680
vn -0.7772 -0.2272 -0.5869
vn -0.7141 -0.6917 0.1079
vn 0.4754 0.3339 -0.8139
vn 0.3295 0.3249 -0.8865
vn -0.6438 -0.3502 0.6804
vn -0.7455 -0.3653 0.5575
vn 0.4410 -0.6422 -0.6269
vn 0.4644 -0.5093 -0.7245
vn 0.5305 -0.3446 -0.7745
vn 0.4605 -0.1934 -0.8663
vn -0.5859 0.6282 0.5120
vn -0.6595 0.4904 0.5697
vn -0.6739 0.3307 0.6607
vn -0.7602 0.1643 0.6285
vn 0.3181 0.1038 -0.9424
vn 0.0979 0.0500 -0.9939
vn -0.0790 -0.0377 -0.9962
vn -0.2443 0.3170 -0.9164
vn -0.8300 -0.1535 0.5361
vn -0.9071 -0.2766 0.3172
vn -0.9550 -0.0538 0.2918
vn -0.9416 -0.3014 0.1503
vn -0.1780 0.9799 0.0903
vn -0.5331 0.8076 0.2521
vn -0.4294 0.8425 0.3253
vn -0.6756 0.6332 0.3777
vn -0.5066 0.8383 0.2017
vn -0.6375 0.6826 0.3572
vn 0.1626 -0.9024 -0.3990
vn 0.0815 -0.6591 -0.7476
vn -0.4573 0.8736 0.1665
vn -0.7880 0.5875 0.1842
vn 0.1067 0.3650 -0.9249
vn -0.0821 0.4516 -0.8884
vn -0.3568 0.5106 -0.7823
vn 0.0628 0.7359 -0.6742
vn -0.7000 0.5163 -0.4934
vn -0.1041 0.6540 -0.7493
vn -0.1042 0.6536 -0.7496
vn -0.1047 0.6521 -0.7509
vn -0.7838 0.6002 -0.1594
vn -0.9308 0.3656 -0.0018
vn -0.7600 0.6263 -0.1738
vn -0.7635 0.1983 -0.6145
vn -0.6854 0.7244 -0.0735
vn -0.4306 0.7053 -0.5631
vn 0.1696 -0.9792 -0.1113
vn 0.2209 -0.8402 -0.4953
vn 0.3187 -0.8557 -0.4077
vn 0.0884 -0.9016 -0.4235
vn 0.1822 -0.8712 -0.4559
vn 0.1806 -0.7608 -0.6233
vn 0.1754 -0.7628 -0.6224
vn 0.1801 -0.7610 -0.6232
vn -0.3220 -0.5792 -0.7489
vn -0.3602 -0.4879 -0.7951
vn -0.3663 -0.6538 -0.6621
vn -0.8430 -0.3733 -0.3874
vn -0.1049 -0.8277 -0.5513
vn -0.6085 -0.7445 -0.2746
vn -0.8348 -0.4196 0.3565
vn -0.8276 -0.5319 0.1796
vn -0.8007 -0.5918 -0.0935
vn -0.6478 -0.6642 0.3731
vn -0.6697 -0.6119 -0.4207
vn -0.3132 -0.9392 0.1409
vn -0.8382 -0.5443 -0.0343
vn -0.7084 -0.7053 -0.0276
vn -0.9017 -0.4304 0.0408
vn -0.9026 -0.4099 -0.1319
vn -0.9914 -0.1181 -0.0564
vn -0.9170 -0.2074 -0.3408
vn -0.9591 0.2313 -0.1630
vn -0.8232 -0.1962 -0.5328
vn -0.6097 -0.7804 -0.1388
vn -0.6659 -0.7301 0.1534
vn -0.5618 -0.8147 -0.1436
vn -0.3773 -0.9201 -0.1056
vn -0.1911 -0.9362 -0.2949
vn -0.0831 -0.9855 -0.1476
vn 0.0692 -0.8146 -0.5759
vn -0.0437 -0.9657 -0.2561
vn -0.0484 -0.9628 -0.2657
vn -0.0484 -0.9631 -0.2648
vn 0.2571 -0.9117 -0.3204
vn 0.1145 -0.9293 -0.3510
vn 0.1176 -0.9323 -0.3421
vn 0.1167 -0.9314 -0.3449
vn -0.6325 -0.0879 -0.7696
vn -0.7127 -0.4159 -0.5648
vn -0.4834 -0.3596 -0.7981
vn -0.8271 -0.3863 -0.4083
vn -0.5243 -0.3425 -0.7796
vn -0.3731 -0.6348 -0.6767
vn -0.3672 -0.8205 -0.4382
vn -0.6280 -0.6954 -0.3494
vn -0.8729 0.2997 -0.3849
vn -0.8757 0.2988 -0.3794
vn -0.8757 0.2988 -0.3793
vn -0.9101 -0.0419 -0.4122
vn -0.8055 0.4858 -0.3394
vn -0.7365 0.3723 -0.5647
vn -0.5673 0.1461 -0.8105
vn -0.6453 -0.0091 -0.7638
vn -0.5160 0.4116 -0.7512
vn -0.4266 0.1977 -0.8826
vn -0.3810 -0.0341 -0.9240
vn -0.6607 -0.1340 -0.7386
vn -0.3073 0.4020 -0.8625
vn -0.2840 0.6079 -0.7415
vn -0.3019 0.4241 -0.8538
vn -0.5794 0.2546 -0.7742
vn -0.3286 0.6765 -0.6590
vn 0.0012 0.8536 -0.5210
vn -0.2533 0.7530 -0.6073
vn -0.2960 0.7878 -0.5401
vn -0.3588 0.6708 -0.6491
vn -0.3900 0.7734 -0.4998
vn -0.4316 0.5077 -0.7456
vn -0.6179 0.7188 -0.3186
vn -0.5082 0.7814 -0.3620
vn -0.3397 0.9103 -0.2364
vn -0.3409 0.9098 -0.2367
vn -0.3399 0.9103 -0.2365
vn -0.5335 0.8373 0.1197
vn -0.3805 0.9224 -0.0670
vn -0.3803 0.9225 -0.0667
vn -0.3752 0.9246 -0.0660
vn -0.3746 0.9126 0.1635
vn -0.4160 0.9032 0.1056
vn -0.0876 0.3252 -0.9416
vn -0.4077 0.1799 -0.8952
vn -0.3746 0.9248 -0.0660
vn -0.2974 0.9131 0.2790
vn -0.0717 -0.9891 -0.1289
vn 0.3127 -0.9116 -0.2669
vn -0.5114 0.8387 0.1869
vn -0.6376 0.7644 0.0957
vn -0.7002 0.6978 0.1509
vn -0.7379 0.6748 0.0132
vn -0.6200 0.7392 0.2631
vn 0.2158 -0.8379 -0.5014
vn 0.0804 -0.8947 -0.4393
vn -0.0764 -0.7824 -0.6181
vn -0.0730 -0.7807 -0.6207
vn -0.0727 -0.7805 -0.6210
vn 0.0705 -0.9093 -0.4102
vn -0.0856 -0.8689 -0.4875
vn -0.0727 -0.8473 -0.5262
vn 0.0685 -0.8269 -0.5581
vn -0.1755 -0.8838 -0.4337
vn -0.2308 -0.7853 -0.5745
vn -0.1758 -0.9219 -0.3453
vn -0.3515 -0.8700 -0.3458
vn -0.3485 -0.8673 -0.3555
vn -0.3511 -0.8697 -0.3470
vn -0.4749 -0.8349 -0.2784
vn -0.5054 -0.7395 -0.4446
vn -0.4767 -0.8459 -0.2393
vn -0.6374 -0.7438 -0.2015
vn 0.1727 -0.8706 -0.4607
vn 0.0484 -0.8237 -0.5650
vn 0.0785 -0.7647 -0.6395
vn -0.0637 -0.7566 -0.6508
vn -0.0296 -0.7377 -0.6745
vn 0.3084 -0.7683 -0.5609
vn 0.2565 -0.6899 -0.6769
vn -0.5661 0.7432 0.3565
vn -0.6806 0.6487 0.3405
vn -0.5356 0.8085 0.2439
vn -0.4953 0.8651 0.0787
vn -0.5011 0.8614 0.0828
vn -0.5004 0.8619 0.0824
vn -0.7129 0.7013 -0.0049
vn -0.4940 0.8660 0.0777
vn -0.6275 0.7612 -0.1636
vn -0.6006 0.7992 -0.0222
vn -0.6014 0.7987 -0.0217
vn -0.6014 0.7986 -0.0217
vn -0.7133 0.6518 -0.2574
vn -0.7395 0.5676 -0.3620
vn -0.8400 0.4862 -0.2409
vn -0.7111 0.5758 -0.4035
vn -0.8204 0.3999 -0.4087
vn -0.9057 0.3664 -0.2132
vn -0.8312 0.5531 -0.0555
vn -0.9702 0.2314 -0.0717
vn -0.8990 0.4320 -0.0718
vn -0.9863 0.1632 -0.0226
vn -0.9285 0.2424 0.2812
vn -0.4863 0.8729 -0.0392
vn -0.5974 0.6563 -0.4608
vn -0.5678 0.7592 -0.3183
vn -0.4035 0.7820 -0.4750
vn -0.5795 0.8014 -0.1482
vn -0.4890 0.8498 -0.1965
vn -0.4042 0.8930 -0.1977
vn -0.3803 0.8567 -0.3484
vn -0.1194 0.1517 -0.9812
vn -0.2868 0.1824 -0.9405
vn -0.0697 0.1057 -0.9920
vn -0.2016 -0.1701 -0.9646
vn -0.1764 -0.0684 -0.9819
vn -0.3595 -0.1649 -0.9185
vn -0.4259 -0.2133 -0.8793
vn -0.4848 -0.0147 -0.8745
vn -0.0560 -0.9363 -0.3468
vn 0.2479 -0.8440 -0.4756
vn -0.6846 -0.7136 0.1485
vn -0.5956 -0.7637 0.2491
vn -0.4248 0.9043 0.0415
vn -0.3293 0.8989 0.2891
vn 0.1382 -0.8537 -0.5021
vn 0.3807 -0.7596 -0.5274
vn 0.4215 -0.7502 -0.5095
vn 0.5428 -0.7837 -0.3018
vn -0.5568 0.8131 0.1699
vn -0.5167 0.7464 0.4194
vn -0.4893 0.7436 0.4557
vn -0.2655 0.8107 0.5219
vn -0.4159 -0.3200 -0.8513
vn -0.5625 -0.2504 -0.7880
vn -0.3013 -0.3719 -0.8780
vn -0.4398 -0.4658 -0.7679
vn -0.0962 -0.2486 -0.9638
vn 0.0381 -0.5538 -0.8318
vn -0.1700 -0.5242 -0.8344
vn -0.1703 -0.6567 -0.7346
vn -0.2078 -0.5921 -0.7786
vn -0.2300 -0.7109 -0.6647
vn -0.2217 -0.7559 -0.6160
vn -0.3951 -0.7032 -0.5911
vn -0.5205 -0.6900 -0.5030
vn -0.5206 -0.6901 -0.5027
vn -0.5184 -0.6890 -0.5065
vn -0.5243 -0.5900 -0.6140
vn -0.6376 -0.2208 -0.7381
vn -0.5340 -0.1049 -0.8390
vn -0.6202 -0.4085 -0.6697
vn -0.6203 -0.4084 -0.6696
vn -0.6206 -0.4082 -0.6695
vn -0.7354 -0.1164 -0.6676
vn -0.7741 0.0249 -0.6326
vn -0.7217 0.0453 -0.6907
vn -0.4543 -0.5802 -0.6760
vn -0.6200 -0.4087 -0.6698
vn -0.6720 0.1418 -0.7268
vn -0.5754 0.1317 -0.8072
vn -0.6918 0.2288 -0.6849
vn -0.6609 0.2858 -0.6940
vn -0.6607 0.2912 -0.6918
vn -0.6606 0.2960 -0.6900
vn -0.5676 0.4163 -0.7103
vn -0.4915 0.3401 -0.8017
vn 0.1613 -0.8201 -0.5491
vn 0.2988 -0.7700 -0.5637
vn 0.2967 -0.7712 -0.5633
vn 0.2920 -0.7738 -0.5622
vn -0.5972 0.7760 0.2029
vn -0.5712 0.7436 0.3476
vn -0.5714 0.7445 0.3453
vn -0.5717 0.7466 0.3402
vn 0.3491 -0.5452 -0.7621
vn 0.3150 -0.4338 -0.8441
vn 0.1552 -0.3410 -0.9272
vn 0.2072 -0.2103 -0.9554
vn -0.7256 0.5086 0.4634
vn -0.7993 0.3868 0.4599
vn -0.9040 0.2678 0.3333
vn -0.9037 0.1467 0.4024
vn -0.2820 0.9366 0.2079
vn -0.1331 0.9087 0.3957
vn -0.1850 0.9627 0.1975
vn -0.2114 0.9763 0.0463
vn -0.3070 0.9517 0.0012
vn 0.2501 -0.9397 -0.2332
vn 0.4615 -0.8768 -0.1351
vn 0.2646 -0.9550 -0.1344
vn 0.1139 -0.9858 -0.1236
vn 0.0462 -0.9770 -0.2080
vn -0.6081 0.4907 -0.6240
vn -0.5183 0.5801 -0.6284
vn -0.1786 -0.6805 -0.7107
vn -0.0127 -0.6958 -0.7181
vn -0.0612 -0.6501 -0.7574
vn 0.2205 -0.7979 -0.5610
vn 0.0537 -0.8403 -0.5395
vn 0.1141 -0.7637 -0.6354
vn 0.1663 -0.7042 -0.6903
vn 0.3409 -0.6296 -0.6981
vn -0.0360 -0.6007 -0.7987
vn 0.0190 -0.5816 -0.8133
vn 0.0812 -0.5384 -0.8388
vn 0.1461 -0.6440 -0.7510
vn 0.1906 -0.6066 -0.7718
vn 0.1739 -0.7633 -0.6222
vn 0.1183 -0.4744 -0.8723
vn 0.2249 -0.5616 -0.7963
vn -0.1497 -0.5178 -0.8423
vn -0.1331 -0.4995 -0.8560
vn 0.3344 -0.5476 -0.7670
vn 0.2765 -0.6680 -0.6909
vn 0.0227 -0.3973 -0.9174
vn 0.2426 -0.3049 -0.9210
vn 0.2419 -0.3057 -0.9209
vn 0.2427 -0.3046 -0.9210
vn -0.0359 -0.4790 -0.8771
vn -0.0075 -0.2192 -0.9757
vn -0.0018 -0.2132 -0.9770
vn -0.0024 -0.2136 -0.9769
vn -0.2691 -0.3437 -0.8997
vn -0.2720 -0.2062 -0.9399
vn -0.2872 0.9487 -0.1318
vn -0.2801 0.9510 -0.1308
vn -0.2873 0.9487 -0.1319
vn -0.3513 0.9053 -0.2388
vn -0.2874 0.9487 -0.1321
vn -0.2064 0.9335 -0.2933
vn -0.2248 0.9727 -0.0571
vn -0.1816 0.9660 -0.1837
vn -0.3739 0.9265 0.0425
vn -0.1990 0.9762 0.0859
vn -0.0761 0.9641 -0.2544
vn -0.2557 0.9082 -0.3314
vn -0.2949 0.9487 0.1143
vn -0.1808 -0.9835 0.0041
vn -0.2660 0.9227 0.2789
vn 0.1012 -0.9873 -0.1222
vn -0.0830 -0.9949 -0.0572
vn -0.2333 -0.9714 -0.0442
vn -0.1980 -0.9622 -0.1872
vn -0.0491 -0.9628 -0.2657
vn -0.8121 0.5782 -0.0787
vn -0.7883 0.6095 0.0844
vn -0.8286 0.5575 0.0512
vn -0.5927 0.7590 0.2695
vn -0.6114 0.7859 0.0919
vn -0.7061 0.6863 0.1745
vn -0.6884 0.6846 0.2398
vn -0.6884 0.6844 0.2404
vn -0.6884 0.6835 0.2425
vn -0.6885 0.6833 0.2429
vn -0.8588 0.5044 0.0904
vn -0.8586 0.4881 0.1565
vn -0.8583 0.4616 0.2242
vn -0.7717 0.5809 0.2589
vn -0.7764 0.5501 0.3075
vn -0.6531 0.7176 0.2418
vn -0.8743 0.4008 0.2737
vn -0.7877 0.5070 0.3498
vn -0.9193 0.3933 -0.0168
vn -0.9347 0.3377 0.1111
vn -0.7338 0.5087 0.4503
vn -0.6872 0.6284 0.3647
vn -0.9429 0.2914 0.1610
vn -0.8798 0.2460 0.4068
vn -0.9374 0.2931 0.1884
vn -0.9812 0.1574 0.1115
vn -0.9765 -0.0185 0.2148
vn -0.9333 0.0127 0.3588
vn -0.9891 -0.0564 0.1359
vn -0.9470 -0.2059 0.2465
vn -0.9942 0.0420 -0.0992
vn -0.9822 -0.1876 0.0091
vn -0.9837 0.0387 -0.1755
vn -0.9730 -0.0947 -0.2103
vn -0.9584 -0.2852 -0.0147
vn -0.9593 -0.2179 0.1795
vn -0.9517 -0.2993 -0.0685
vn -0.8738 -0.4850 -0.0342
vn -0.8940 -0.0027 0.4481
vn -0.8706 0.2545 0.4212
vn -0.8736 0.1075 0.4747
vn -0.8266 0.1664 0.5377
vn -0.9986 -0.0414 -0.0328
vn -0.9881 0.1387 0.0663
vn -0.9415 -0.3339 0.0449
vn -0.8715 -0.4585 0.1742
vn -0.7098 -0.6738 -0.2052
vn -0.6608 -0.6613 -0.3550
vn -0.7686 -0.6320 -0.0985
vn -0.8165 -0.5163 -0.2582
vn 0.0347 0.1225 -0.9919
vn 0.0757 -0.0282 -0.9967
vn 0.1286 -0.0820 -0.9883
vn 0.1000 -0.2052 -0.9736
vn 0.0679 0.1985 -0.9777
vn 0.2209 0.0874 -0.9714
vn 0.2190 0.0845 -0.9721
vn 0.2233 0.0907 -0.9705
vn 0.0034 0.2988 -0.9543
vn 0.2065 0.2709 -0.9402
vn 0.2373 -0.0680 -0.9691
vn 0.2410 -0.3070 -0.9207
vn 0.2654 -0.1459 -0.9530
vn 0.3660 -0.2081 -0.9070
vn 0.1139 -0.9287 -0.3529
vn -0.2476 -0.7924 -0.5574
vn -0.8750 -0.2717 -0.4007
vn -0.9254 0.0373 -0.3771
vn -0.8632 0.2238 -0.4525
vn -0.7950 0.0459 -0.6049
vn -0.7927 0.0368 -0.6085
vn -0.7947 0.0451 -0.6053
vn -0.4001 0.9147 -0.0571
vn -0.4688 0.8599 0.2019
vn -0.4721 0.8656 0.1668
vn -0.4689 0.8807 -0.0666
vn -0.5224 0.8520 -0.0352
vn -0.4736 0.8561 -0.2067
vn -0.5366 0.8209 -0.1954
vn -0.3998 0.8973 0.1872
vn -0.5026 0.8573 0.1116
vn -0.4453 0.8512 0.2778
vn -0.4365 0.8975 0.0634
vn -0.5330 0.8461 -0.0019
vn -0.5143 -0.7275 -0.4541
vn -0.5071 -0.8045 -0.3092
vn -0.7264 -0.6275 -0.2803
vn -0.7380 -0.5095 -0.4425
vn -0.7323 -0.5370 -0.4188
vn -0.6381 -0.5464 -0.5425
vn -0.5978 -0.4504 -0.6631
vn -0.5209 -0.6901 -0.5025
vn -0.5936 -0.5206 -0.6137
vn -0.4766 -0.5032 -0.7209
vn 0.5431 -0.0088 -0.8396
vn 0.4503 0.1480 -0.8805
vn -0.6944 -0.0059 0.7196
vn -0.7358 -0.1758 0.6540
vn 0.1116 0.7508 -0.6511
vn -0.1200 0.8023 -0.5848
vn -0.0668 0.8093 -0.5836
vn -0.1660 0.8778 -0.4494
vn -0.3748 -0.9164 -0.1402
vn -0.5007 -0.8627 -0.0716
vn -0.5326 -0.8440 0.0637
vn -0.6390 -0.7663 -0.0678
vn 0.3788 -0.8195 -0.4300
vn 0.2897 -0.7750 -0.5617
vn 0.3487 -0.7474 -0.5655
vn -0.4300 0.8145 0.3894
vn -0.5718 0.7476 0.3378
vn -0.5591 0.7267 0.3991
vn -0.5911 -0.7386 0.3242
vn -0.4644 -0.8587 0.2169
vn 0.2575 -0.0838 -0.9626
vn 0.2184 0.0840 -0.9722
vn -0.8807 0.0199 0.4733
vn -0.8824 -0.1545 0.4443
vn -0.8824 -0.1544 0.4445
vn -0.8836 -0.1569 0.4412
vn -0.8848 -0.1593 0.4379
vn -0.8792 -0.3809 0.2863
vn -0.8801 -0.2376 0.4111
vn -0.9457 -0.1085 0.3065
vn 0.1267 0.6181 -0.7758
vn -0.1052 0.6503 -0.7524
vn -0.9787 -0.1401 -0.1501
vn -0.9273 -0.1629 -0.3370
vn -0.4476 -0.8640 0.2305
vn -0.5091 -0.8567 0.0828
vn -0.3484 -0.8671 -0.3561
vn -0.1711 -0.9521 -0.2536
vn -0.3143 -0.9038 -0.2904
vn -0.1753 -0.8742 -0.4528
vn -0.1935 -0.8910 -0.4107
vn -0.0463 -0.9214 -0.3858
vn 0.0320 -0.9318 -0.3615
vn 0.0755 -0.9280 -0.3648
vn 0.2668 -0.8794 -0.3943
vn 0.1067 -0.9663 -0.2344
vn -0.0382 -0.9578 -0.2848
vn -0.7581 -0.3630 -0.5418
vn -0.7037 -0.4951 -0.5096
vn -0.7704 -0.2401 -0.5907
vn -0.6768 -0.2873 -0.6778
vn -0.9759 -0.0110 -0.2179
vn -0.9573 0.1808 -0.2255
vn -0.6606 0.2967 -0.6896
vn -0.7950 0.0465 -0.6048
vn -0.8766 0.1485 -0.4577
vn -0.7900 0.2543 -0.5579
vn -0.4337 -0.0028 -0.9011
vn -0.5727 0.0741 -0.8164
vn -0.3588 0.8534 -0.3782
vn -0.2344 0.8791 -0.4149
vn -0.4687 0.5781 -0.6679
vn -0.5425 0.6896 -0.4797
vn -0.4929 0.6751 -0.5488
vn -0.4939 0.7551 -0.4311
vn -0.0772 -0.7828 -0.6175
vn -0.3366 -0.7663 -0.5472
vn -0.2267 -0.8468 -0.4812
vn -0.6023 0.7980 -0.0212
vn -0.6291 0.7682 0.1186
vn -0.5593 0.8138 -0.1575
vn -0.6976 0.7133 -0.0676
vn -0.6173 0.6549 -0.4359
vn -0.5975 0.5294 -0.6023
vn -0.6141 0.5425 -0.5733
vn -0.7188 0.3754 -0.5851
vn -0.8761 0.2987 -0.3785
vn -0.9498 0.1804 -0.2557
vn 0.2621 -0.4277 -0.8651
vn 0.1911 -0.4589 -0.8677
vn -0.1464 -0.3608 -0.9211
vn 0.0088 -0.4025 -0.9154
vn 0.0361 -0.3750 -0.9263
vn -0.0084 -0.2202 -0.9754
vn -0.8310 0.3723 0.4134
vn -0.8527 0.3934 0.3436
vn -0.9584 -0.2346 -0.1624
vn -0.8878 -0.4061 -0.2165
vn 0.3271 -0.6481 -0.6877
vn 0.4487 -0.6453 -0.6183
vn -0.6704 0.6150 0.4150
vn -0.5762 0.6329 0.5172
vn 0.2490 -0.9674 -0.0473
vn 0.2452 -0.9682 -0.0499
vn 0.2449 -0.9683 -0.0502
vn 0.1300 -0.9551 0.2663
vn -0.2747 0.3067 0.9113
vn -0.2762 0.3064 0.9110
vn -0.2754 0.3065 0.9111
vn -0.5642 0.4132 0.7148
vn 0.7829 0.6181 0.0709
vn 0.1032 -0.9937 -0.0441
vn 0.0901 -0.9593 0.2675
vn -0.1671 -0.2576 0.9517
vn 0.7021 0.0023 -0.7121
vn 0.3121 -0.7600 0.5701
vn 0.3123 -0.7599 0.5701
vn 0.3140 -0.7595 0.5698
vn -0.0662 -0.0892 0.9938
vn 0.0352 -0.9916 0.1243
vn 0.1877 -0.9772 -0.0992
vn -0.3195 0.8538 0.4110
vn -0.0779 -0.9640 0.2541
vn -0.3379 -0.7065 0.6219
vn -0.2860 -0.8217 0.4929
vn 0.4256 -0.8456 -0.3222
vn 0.3905 -0.8631 0.3202
vn -0.1929 0.0864 0.9774
vn 0.2902 -0.9553 -0.0566
vn -0.2581 0.9560 0.1397
vn 0.5877 0.5088 -0.6291
vn 0.9667 -0.2097 0.1464
vn -0.1050 0.4727 0.8750
vn -0.5398 0.1610 0.8262
vn -0.5682 0.0805 0.8189
vn -0.0244 0.8695 0.4933
vn -0.5009 0.4970 0.7086
vn -0.4981 0.4979 0.7099
vn -0.4997 0.4973 0.7092
vn 0.3276 -0.9441 -0.0365
vn -0.0751 0.9686 0.2369
vn -0.5600 0.5610 0.6096
vn -0.4939 -0.2594 0.8299
vn -0.0060 -0.6051 0.7962
vn -0.5345 0.0141 0.8451
vn 0.3468 -0.3768 0.8589
vn -0.4403 0.6639 0.6044
vn -0.4667 -0.3035 0.8307
vn 0.4326 0.7666 -0.4746
vn -0.4738 0.7098 0.5212
vn 0.6389 -0.2446 -0.7294
vn 0.8045 0.1921 0.5621
vn -0.2140 0.8536 0.4749
vn 0.1763 -0.8968 0.4058
vn -0.4193 -0.4922 0.7628
vn -0.4671 0.0083 0.8842
vn 0.2920 0.9309 0.2197
vn 0.2835 0.9349 0.2135
vn 0.2908 0.9314 0.2188
vn 0.1142 0.5829 0.8044
vn -0.1183 -0.8414 0.5273
vn -0.1844 -0.6137 0.7677
vn -0.2734 -0.7512 0.6008
vn -0.5944 0.2489 0.7647
vn 0.5139 -0.8245 -0.2369
vn 0.7898 0.0324 -0.6125
vn 0.6648 0.3237 -0.6732
vn 0.5680 -0.6520 -0.5022
vn 0.4440 0.7167 -0.5378
vn 0.4843 -0.7088 -0.5129
vn 0.1916 -0.9624 -0.1924
vn 0.6366 -0.4844 -0.6001
vn 0.5333 -0.5636 -0.6309
vn 0.8742 -0.3499 -0.3365
vn 0.4259 0.3666 0.8272
vn 0.7318 -0.3188 -0.6023
vn 0.6632 0.2759 -0.6958
vn 0.4327 0.6441 0.6308
vn 0.6771 -0.0699 -0.7325
vn 0.7001 -0.1456 -0.6991
vn -0.2610 0.8867 0.3816
vn 0.1146 0.9676 -0.2250
vn -0.1661 0.8735 0.4575
vn 0.6892 0.6451 -0.3299
vn -0.4587 0.3259 0.8266
vn 0.1090 -0.3932 0.9130
vn 0.3168 0.8247 -0.4684
vn -0.1135 0.7809 0.6143
vn 0.9304 0.2897 -0.2244
vn 0.9144 0.0047 -0.4049
vn -0.1041 0.9734 0.2043
vn -0.1665 0.9804 0.1053
vn 0.3232 0.9463 -0.0071
vn 0.9959 0.0448 0.0790
vn 0.3848 0.8673 -0.3159
vn 0.4099 -0.8758 -0.2548
vn 0.8271 -0.5522 -0.1045
vn -0.1377 0.9903 0.0168
vn 0.1652 0.9841 -0.0649
vn -0.1056 0.9813 0.1611
vn -0.1091 0.9814 0.1580
vn -0.1094 0.9814 0.1577
vn 0.8576 -0.2521 -0.4484
vn 0.4112 0.8793 -0.2404
vn 0.6166 -0.4081 -0.6732
vn 0.1733 0.9845 -0.0256
vn 0.8518 0.3339 -0.4037
vn 0.0106 0.9961 -0.0880
vn -0.0380 -0.8430 0.5365
vn 0.5177 0.8526 0.0711
vn 0.5763 -0.8148 -0.0625
vn 0.6574 -0.7328 -0.1755
vn -0.1622 -0.9036 0.3966
vn 0.5105 -0.8383 -0.1913
vn 0.2412 0.9112 -0.3340
vn 0.6285 0.6590 -0.4131
vn -0.3205 0.6990 0.6393
vn -0.3213 0.6989 0.6390
vn -0.3233 0.6989 0.6380
vn -0.3179 0.7705 0.5526
vn 0.6301 -0.6694 -0.3934
vn 0.5563 -0.7473 -0.3634
vn -0.4799 -0.4257 0.7671
vn -0.3209 -0.3364 0.8853
vn 0.5863 0.4361 -0.6827
vn 0.7464 0.3778 -0.5478
vn 0.5776 -0.8091 0.1080
vn 0.2993 -0.9433 0.1437
vn 0.3000 -0.9430 0.1441
vn 0.2928 -0.9461 0.1388
vn 0.1459 0.8779 0.4560
vn 0.0932 0.9814 0.1679
vn 0.0939 0.9812 0.1684
vn 0.0868 0.9829 0.1624
vn -0.2238 0.8374 0.4987
vn -0.2276 0.7538 0.6164
vn 0.5303 -0.8100 -0.2503
vn 0.7171 -0.6408 -0.2739
vn 0.7175 -0.6422 -0.2697
vn 0.7170 -0.6405 -0.2749
vn -0.5708 -0.0944 0.8156
vn -0.4389 0.1978 0.8765
vn -0.4398 0.1981 0.8760
vn -0.4495 0.2020 0.8702
vn -0.4091 0.4623 0.7867
vn -0.4351 0.5651 0.7010
vn -0.4317 0.5662 0.7021
vn -0.4334 0.5657 0.7015
vn 0.6527 0.1023 -0.7507
vn 0.8494 -0.1891 -0.4927
vn 0.7915 -0.4369 -0.4275
vn 0.6368 -0.6180 -0.4610
vn 0.6369 -0.6179 -0.4610
vn 0.6379 -0.6177 -0.4599
vn 0.3429 -0.8868 -0.3098
vn 0.2982 -0.9339 -0.1971
vn 0.2913 -0.9352 -0.2012
vn 0.2892 -0.9356 -0.2025
vn 0.1389 -0.9864 0.0878
vn 0.1950 -0.9731 0.1226
vn -0.3294 0.8881 0.3205
vn -0.2357 0.9400 0.2466
vn -0.2414 0.9401 0.2408
vn -0.2432 0.9401 0.2390
vn -0.0012 0.9998 0.0214
vn 0.0463 0.9965 0.0689
vn -0.0748 -0.9291 0.3621
vn 0.0341 -0.8996 0.4354
vn -0.1357 -0.7164 0.6844
vn -0.2702 -0.4774 0.8361
vn 0.2240 0.9436 -0.2437
vn 0.3225 0.9342 -0.1524
vn 0.5479 0.7564 -0.3574
vn 0.6918 0.5182 -0.5029
vn 0.1947 -0.9361 -0.2931
vn -0.3518 0.9208 0.1684
vn -0.4244 -0.5760 0.6986
vn -0.3941 0.8115 0.4315
vn 0.4270 -0.8083 -0.4054
vn -0.2616 -0.4544 0.8516
vn 0.5146 0.5848 -0.6270
vn 0.7140 0.4955 -0.4947
vn 0.7907 0.4855 -0.3729
vn 0.8466 0.3988 -0.3524
vn -0.4496 0.2024 0.8700
vn -0.5292 0.3455 0.7750
vn -0.4910 -0.2080 0.8460
vn -0.3425 -0.1176 0.9321
vn -0.5011 0.4968 0.7085
vn -0.4881 0.7071 0.5116
vn 0.7671 -0.1714 -0.6182
vn 0.6747 -0.3314 -0.6596
vn 0.6861 0.2258 -0.6916
vn 0.7473 0.1869 -0.6377
vn 0.6264 -0.4818 -0.6128
vn 0.4716 -0.7087 -0.5247
vn -0.1244 -0.4186 0.8996
vn -0.1051 -0.3151 0.9432
vn 0.1818 -0.9367 0.2991
vn -0.0127 -0.8206 0.5713
vn 0.4839 -0.8616 0.1532
vn 0.3288 -0.6207 0.7118
vn 0.4966 -0.8621 -0.1005
vn 0.5558 -0.6574 0.5089
vn 0.3632 -0.8134 0.4543
vn 0.4389 -0.4210 0.7938
vn 0.7061 -0.2770 0.6517
vn 0.3425 -0.0955 0.9346
vn 0.7162 -0.5382 0.4443
vn 0.8412 0.5117 -0.1751
vn 0.6433 0.5508 0.5318
vn 0.0296 -0.1915 0.9810
vn 0.2187 0.9756 0.0187
vn 0.4531 0.8634 -0.2219
vn 0.1529 0.9229 0.3534
vn 0.5222 0.8451 0.1147
vn 0.1181 0.8163 0.5654
vn 0.2853 0.8738 0.3939
vn 0.5919 0.7900 0.1599
vn 0.7156 0.6657 0.2116
vn 0.9123 0.3257 0.2483
vn 0.9724 0.1721 0.1575
vn 0.8651 0.0223 0.5011
vn 0.9288 0.1914 -0.3173
vn -0.3423 -0.6441 0.6841
vn -0.2111 -0.6009 0.7710
vn 0.5106 0.6605 -0.5505
vn 0.6267 0.6419 -0.4417
vn 0.2497 -0.9672 -0.0468
vn 0.1746 -0.9794 0.1014
vn 0.0356 -0.9743 0.2224
vn 0.0154 -0.9154 0.4021
vn -0.1049 0.9812 0.1617
vn 0.0206 0.9984 0.0535
vn 0.1078 0.9882 -0.1087
vn 0.2843 0.9445 -0.1644
vn -0.0483 -0.7323 0.6793
vn 0.1598 -0.6503 0.7427
vn 0.3447 -0.5813 0.7370
vn 0.2202 -0.2607 0.9400
vn 0.5603 0.7820 -0.2731
vn 0.7521 0.6378 -0.1660
vn 0.6530 0.7574 0.0027
vn 0.8369 0.5452 -0.0483
vn -0.5128 0.6298 0.5835
vn -0.1881 0.8723 0.4513
vn -0.3050 0.8685 0.3908
vn -0.0072 0.9575 0.2882
vn -0.2133 0.8391 0.5004
vn -0.0607 0.9442 0.3238
vn 0.5568 -0.7736 -0.3026
vn 0.5544 -0.8224 0.1274
vn -0.2623 0.8028 0.5354
vn 0.1548 0.8878 0.4334
vn -0.0638 -0.4649 0.8830
vn 0.0096 -0.2825 0.9592
vn 0.1444 -0.0159 0.9894
vn -0.3323 -0.1081 0.9369
vn 0.3147 0.3814 0.8692
vn -0.1390 -0.0876 0.9864
vn -0.1386 -0.0879 0.9864
vn -0.1370 -0.0891 0.9866
vn 0.2345 0.6796 0.6951
vn 0.4482 0.7589 0.4725
vn 0.2045 0.6679 0.7156
vn 0.5938 0.1971 0.7801
vn 0.0616 0.7289 0.6818
vn 0.0173 0.2573 0.9662
vn 0.5241 -0.6370 -0.5653
vn 0.5005 -0.8404 -0.2082
vn 0.4158 -0.8555 -0.3085
vn 0.6168 -0.7414 -0.2643
vn 0.5378 -0.8063 -0.2463
vn 0.5135 -0.8564 -0.0537
vn 0.5184 -0.8534 -0.0542
vn 0.5140 -0.8561 -0.0538
vn 0.7984 -0.5308 0.2842
vn 0.7809 -0.4921 0.3849
vn 0.8549 -0.4845 0.1855
vn 0.9526 0.1178 0.2804
vn 0.7448 -0.6633 -0.0728
vn 0.9863 -0.1357 -0.0938
vn 0.7792 0.5490 -0.3024
vn 0.8917 0.3826 -0.2421
vn 0.9820 0.1692 -0.0834
vn 0.7930 0.3259 -0.5147
vn 0.9858 -0.1246 0.1125
vn 0.7841 -0.1580 -0.6002
vn 0.9638 0.2517 -0.0882
vn 0.9690 0.0981 -0.2266
vn 0.9183 0.3917 -0.0570
vn 0.9516 0.2956 0.0841
vn 0.8122 0.5357 0.2311
vn 0.8895 0.2714 0.3676
vn 0.5962 0.6143 0.5169
vn 0.8648 0.0992 0.4922
vn 0.9739 -0.0682 -0.2164
vn 0.9059 0.1710 -0.3874
vn 0.9620 -0.1175 -0.2466
vn 0.8839 -0.2603 -0.3885
vn 0.8085 -0.5020 -0.3072
vn 0.7219 -0.5028 -0.4754
vn 0.6162 -0.7822 -0.0924
vn 0.7093 -0.5851 -0.3931
vn 0.7140 -0.5861 -0.3830
vn 0.7135 -0.5861 -0.3838
vn 0.4730 -0.7893 -0.3916
vn 0.5962 -0.7263 -0.3420
vn 0.5934 -0.7242 -0.3512
vn 0.5943 -0.7249 -0.3485
vn 0.7200 -0.1160 0.6842
vn 0.9315 -0.0937 0.3514
vn 0.7904 -0.3557 0.4987
vn 0.9548 0.0889 0.2838
vn 0.8045 -0.3104 0.5063
vn 0.8517 -0.4802 0.2099
vn 0.9016 -0.4246 -0.0830
vn 0.9007 -0.4268 -0.0814
vn 0.9011 -0.4258 -0.0822
vn 0.9892 -0.1463 -0.0029
vn 0.5488 0.4554 0.7010
vn 0.5500 0.4601 0.6970
vn 0.5500 0.4601 0.6969
vn 0.7989 0.3011 0.5207
vn 0.3701 0.5285 0.7640
vn 0.4511 0.2927 0.8431
vn 0.5355 -0.0721 0.8415
vn 0.6781 -0.0672 0.7319
vn 0.3149 0.0571 0.9474
vn 0.4194 -0.1809 0.8896
vn 0.5435 -0.3445 0.7655
vn 0.7615 -0.1008 0.6403
vn 0.1982 -0.1478 0.9690
vn 0.0192 0.0091 0.9998
vn 0.1779 -0.1353 0.9747
vn 0.4662 0.0090 0.8846
vn -0.0135 0.1204 0.9926
vn -0.4022 0.0806 0.9120
vn -0.1303 0.1408 0.9814
vn -0.1389 0.2256 0.9643
vn 0.0095 0.1429 0.9897
vn -0.0720 0.3028 0.9503
vn 0.1911 0.0526 0.9802
vn 0.0808 0.5326 0.8425
vn -0.0273 0.4662 0.8843
vn -0.2647 0.4978 0.8259
vn -0.2634 0.4983 0.8261
vn -0.2646 0.4983 0.8256
vn -0.1714 0.8051 0.5678
vn -0.2873 0.6336 0.7184
vn -0.2877 0.6339 0.7179
vn -0.2929 0.6320 0.7175
vn -0.3464 0.7673 0.5397
vn -0.2951 0.7533 0.5878
vn 0.1074 -0.3713 0.9223
vn 0.4202 -0.2090 0.8830
vn -0.2935 0.6316 0.7176
vn -0.4336 0.7898 0.4338
vn 0.7109 -0.5002 -0.4944
vn 0.4182 -0.7914 -0.4459
vn -0.2062 0.8333 0.5130
vn -0.0432 0.8217 0.5682
vn 0.0299 0.8639 0.5028
vn 0.1084 0.7920 0.6009
vn -0.0843 0.9018 0.4237
vn 0.5043 -0.8399 -0.2008
vn 0.6225 -0.7428 -0.2463
vn 0.7131 -0.7011 -0.0028
vn 0.7102 -0.7040 -0.0008
vn 0.7099 -0.7043 -0.0005
vn 0.6312 -0.7256 -0.2741
vn 0.7399 -0.6556 -0.1506
vn 0.7271 -0.6773 -0.1120
vn 0.6197 -0.7767 -0.1131
vn 0.8007 -0.5727 -0.1760
vn 0.8160 -0.5781 0.0038
vn 0.8016 -0.5360 -0.2650
vn 0.8970 -0.4009 -0.1862
vn 0.8958 -0.4073 -0.1781
vn 0.8969 -0.4017 -0.1851
vn 0.9469 -0.2650 -0.1820
vn 0.9529 -0.3031 0.0081
vn 0.9449 -0.2449 -0.2173
vn 0.9875 -0.0721 -0.1400
vn 0.5456 -0.8030 -0.2398
vn 0.6341 -0.7666 -0.1007
vn 0.5948 -0.8037 -0.0170
vn 0.6962 -0.7170 0.0339
vn 0.6657 -0.7443 0.0542
vn 0.4085 -0.9022 -0.1384
vn 0.4276 -0.9039 0.0098
vn -0.1509 0.9272 0.3428
vn -0.0035 0.9451 0.3266
vn -0.1845 0.8694 0.4584
vn -0.2060 0.7689 0.6053
vn -0.2006 0.7733 0.6015
vn -0.2013 0.7728 0.6018
vn 0.0782 0.7776 0.6239
vn -0.2072 0.7678 0.6062
vn 0.0200 0.6541 0.7561
vn -0.0610 0.7421 0.6675
vn -0.0602 0.7426 0.6670
vn -0.0601 0.7427 0.6669
vn 0.1764 0.5991 0.7810
vn 0.2764 0.5114 0.8137
vn 0.3690 0.6112 0.7002
vn 0.2615 0.4718 0.8421
vn 0.4536 0.4547 0.7665
vn 0.4853 0.6132 0.6233
vn 0.2714 0.7513 0.6016
vn 0.5801 0.6776 0.4522
vn 0.4016 0.7270 0.5570
vn 0.6219 0.6858 0.3780
vn 0.4495 0.8737 0.1860
vn -0.1863 0.6942 0.6952
vn 0.1429 0.4027 0.9041
vn 0.0186 0.5202 0.8538
vn -0.0741 0.3308 0.9408
vn -0.0444 0.6523 0.7567
vn -0.1282 0.5882 0.7985
vn -0.2170 0.5543 0.8035
vn -0.1717 0.4293 0.8867
vn 0.2506 -0.4574 0.8532
vn 0.3425 -0.3122 0.8862
vn 0.2462 -0.5171 0.8198
vn 0.5093 -0.5469 0.6645
vn 0.4314 -0.5255 0.7333
vn 0.6089 -0.4163 0.6752
vn 0.6776 -0.3730 0.6339
vn 0.5938 -0.2393 0.7682
vn 0.7237 -0.6193 -0.3044
vn 0.4779 -0.8471 -0.2323
vn 0.9104 0.1876 -0.3687
vn 0.8505 0.1696 -0.4978
vn -0.2723 0.7199 0.6384
vn -0.4040 0.8095 0.4261
vn 0.5711 -0.7987 -0.1896
vn 0.3415 -0.9230 -0.1770
vn 0.3011 -0.9334 -0.1954
vn 0.1790 -0.8979 -0.4021
vn -0.1524 0.8393 0.5218
vn -0.2055 0.9363 0.2849
vn -0.2333 0.9399 0.2491
vn -0.4563 0.8710 0.1821
vn 0.7302 -0.4124 0.5447
vn 0.7764 -0.2480 0.5794
vn 0.6865 -0.5257 0.5023
vn 0.8177 -0.4147 0.3993
vn 0.4818 -0.6500 0.5877
vn 0.5418 -0.7973 0.2662
vn 0.6755 -0.6535 0.3414
vn 0.7330 -0.6543 0.1858
vn 0.7312 -0.6273 0.2681
vn 0.7922 -0.5991 0.1163
vn 0.8018 -0.5955 0.0504
vn 0.8883 -0.4459 0.1101
vn 0.9481 -0.3061 0.0861
vn 0.9482 -0.3059 0.0860
vn 0.9469 -0.3092 0.0887
vn 0.9171 -0.3251 0.2310
vn 0.7993 -0.1559 0.5804
vn 0.6773 -0.2289 0.6992
vn 0.8871 -0.2132 0.4094
vn 0.8871 -0.2131 0.4094
vn 0.8871 -0.2128 0.4095
vn 0.7860 -0.0016 0.6182
vn 0.7158 0.1110 0.6895
vn 0.6801 0.0517 0.7313
vn 0.8762 -0.4028 0.2645
vn 0.8871 -0.2135 0.4093
vn 0.5924 0.0436 0.8044
vn 0.5496 -0.0717 0.8323
vn 0.5408 0.1228 0.8321
vn 0.4847 0.1246 0.8658
vn 0.4806 0.1284 0.8675
vn 0.4770 0.1318 0.8690
vn 0.3386 0.1172 0.9336
vn 0.3555 -0.0231 0.9344
vn 0.5454 -0.8264 -0.1401
vn 0.4174 -0.8987 -0.1348
vn 0.4195 -0.8976 -0.1352
vn 0.4245 -0.8951 -0.1363
vn -0.1083 0.8677 0.4851
vn -0.1450 0.9252 0.3508
vn -0.1449 0.9243 0.3532
vn -0.1447 0.9223 0.3584
vn 0.2913 -0.9467 0.1377
vn 0.2675 -0.9232 0.2761
vn 0.3472 -0.8297 0.4371
vn 0.2344 -0.8183 0.5249
vn 0.0853 0.9832 0.1611
vn 0.2169 0.9702 0.1082
vn 0.4017 0.9023 0.1565
vn 0.4597 0.8875 0.0306
vn -0.4409 0.7474 0.4970
vn -0.5814 0.7559 0.3011
vn -0.5253 0.6920 0.4951
vn -0.4746 0.6220 0.6228
vn -0.3775 0.6430 0.6664
vn 0.4727 -0.7443 -0.4718
vn 0.2530 -0.7877 -0.5616
vn 0.4457 -0.6998 -0.5583
vn 0.5721 -0.6125 -0.5454
vn 0.6382 -0.6177 -0.4595
vn 0.2984 0.2309 0.9261
vn 0.1776 0.2135 0.9607
vn 0.7478 -0.6455 0.1556
vn 0.6384 -0.7621 0.1078
vn 0.6553 -0.7341 0.1779
vn 0.4914 -0.8607 -0.1333
vn 0.6341 -0.7620 -0.1313
vn 0.5670 -0.8232 -0.0289
vn 0.5058 -0.8619 0.0347
vn 0.3336 -0.9419 0.0403
vn 0.6166 -0.7522 0.2324
vn 0.5683 -0.7869 0.2404
vn 0.5025 -0.8215 0.2695
vn 0.4987 -0.8581 0.1222
vn 0.4482 -0.8815 0.1489
vn 0.5196 -0.8527 -0.0543
vn 0.4439 -0.8354 0.3240
vn 0.4011 -0.8970 0.1857
vn 0.6587 -0.6682 0.3459
vn 0.6387 -0.6785 0.3629
vn 0.3048 -0.9415 0.1437
vn 0.4029 -0.9148 0.0283
vn 0.4769 -0.7665 0.4302
vn 0.2592 -0.8640 0.4317
vn 0.2602 -0.8639 0.4313
vn 0.2589 -0.8640 0.4319
vn 0.5605 -0.7432 0.3655
vn 0.4018 -0.6994 0.5911
vn 0.3942 -0.7010 0.5943
vn 0.3948 -0.7009 0.5940
vn 0.6510 -0.5461 0.5272
vn 0.5769 -0.5042 0.6426
vn -0.3551 0.5477 0.7576
vn -0.3617 0.5444 0.7568
vn -0.3550 0.5476 0.7577
vn -0.2524 0.5013 0.8276
vn -0.3546 0.5471 0.7582
vn -0.3614 0.3895 0.8471
vn -0.4353 0.5651 0.7009
vn -0.4290 0.4567 0.7793
vn -0.3237 0.6988 0.6378
vn -0.4942 0.6385 0.5900
vn -0.4861 0.3456 0.8027
vn -0.2994 0.3853 0.8728
vn -0.4142 0.7036 0.5774
vn 0.7518 -0.3467 -0.5609
vn -0.4624 0.7746 0.4315
vn 0.5820 -0.6043 -0.5441
vn 0.7038 -0.4516 -0.5484
vn 0.7951 -0.3376 -0.5038
vn 0.8014 -0.4436 -0.4013
vn 0.7140 -0.5863 -0.3827
vn 0.2477 0.7368 0.6291
vn 0.1675 0.8369 0.5210
vn 0.2385 0.8174 0.5243
vn -0.1184 0.8979 0.4241
vn -0.0749 0.8130 0.5774
vn 0.0352 0.8767 0.4798
vn 0.0062 0.9049 0.4255
vn 0.0061 0.9052 0.4250
vn 0.0061 0.9062 0.4229
vn 0.0062 0.9063 0.4226
vn 0.2836 0.8355 0.4706
vn 0.2763 0.8685 0.4115
vn 0.2750 0.8975 0.3447
vn 0.1273 0.9205 0.3695
vn 0.1373 0.9388 0.3158
vn -0.0409 0.8995 0.4351
vn 0.3119 0.9095 0.2747
vn 0.1616 0.9518 0.2608
vn 0.4262 0.7554 0.4977
vn 0.4388 0.8177 0.3725
vn 0.0947 0.9804 0.1730
vn 0.0077 0.9546 0.2979
vn 0.4608 0.8319 0.3092
vn 0.3785 0.9220 0.0821
vn 0.4485 0.8460 0.2884
vn 0.5865 0.7624 0.2735
vn 0.6668 0.7401 0.0873
vn 0.5775 0.8163 -0.0118
vn 0.7207 0.6817 0.1258
vn 0.7552 0.6528 -0.0594
vn 0.7244 0.5865 0.3622
vn 0.8320 0.5375 0.1373
vn 0.7391 0.5313 0.4141
vn 0.8247 0.4403 0.3550
vn 0.8826 0.4618 0.0886
vn 0.7895 0.6136 -0.0139
vn 0.9009 0.4177 0.1181
vn 0.9523 0.3022 -0.0423
vn 0.5350 0.8392 -0.0980
vn 0.3626 0.9290 0.0742
vn 0.4434 0.8946 -0.0552
vn 0.3554 0.9315 -0.0782
vn 0.7628 0.5908 0.2628
vn 0.6152 0.7301 0.2974
vn 0.8853 0.4649 0.0099
vn 0.8787 0.4416 -0.1813
vn 0.9972 0.0044 -0.0750
vn 0.9931 -0.1129 0.0309
vn 0.9855 0.1269 -0.1130
vn 0.9895 0.1133 0.0895
vn 0.1596 -0.5750 0.8025
vn 0.2262 -0.6749 0.7024
vn 0.2193 -0.7285 0.6490
vn 0.3141 -0.7594 0.5698
vn 0.0836 -0.5515 0.8300
vn 0.0405 -0.6965 0.7164
vn 0.0439 -0.6969 0.7158
vn 0.0365 -0.6960 0.7172
vn 0.0611 -0.4491 0.8914
vn -0.0731 -0.5818 0.8101
vn 0.1261 -0.7787 0.6146
vn 0.2616 -0.8638 0.4306
vn 0.1506 -0.8232 0.5474
vn 0.1043 -0.8878 0.4483
vn 0.5967 -0.7268 -0.3401
vn 0.8282 -0.5603 -0.0088
vn 0.9153 0.1777 0.3613
vn 0.7507 0.3697 0.5475
vn 0.6076 0.3718 0.7019
vn 0.7104 0.1511 0.6874
vn 0.7155 0.1431 0.6838
vn 0.7109 0.1503 0.6871
vn -0.2708 0.6485 0.7115
vn -0.2547 0.8255 0.5036
vn -0.2463 0.8088 0.5341
vn -0.1967 0.6701 0.7158
vn -0.1479 0.7096 0.6889
vn -0.1407 0.5752 0.8058
vn -0.0756 0.6053 0.7924
vn -0.3246 0.7906 0.5193
vn -0.2045 0.7900 0.5780
vn -0.2863 0.8533 0.4357
vn -0.2654 0.7375 0.6210
vn -0.1452 0.7340 0.6634
vn 0.9543 -0.2977 0.0250
vn 0.9594 -0.2493 -0.1319
vn 0.9999 -0.0096 0.0137
vn 0.9767 -0.0466 0.2097
vn 0.9836 -0.0485 0.1737
vn 0.9536 -0.1886 0.2348
vn 0.8955 -0.2431 0.3727
vn 0.9483 -0.3057 0.0857
vn 0.9236 -0.2484 0.2918
vn 0.8557 -0.3800 0.3511
vn -0.1684 -0.8642 0.4742
vn -0.1889 -0.7569 0.6257
vn 0.3196 0.8789 -0.3542
vn 0.4745 0.7846 -0.3991
vn -0.3833 -0.1176 0.9161
vn -0.2646 0.0937 0.9598
vn -0.3081 0.0641 0.9492
vn -0.3145 0.2416 0.9180
vn 0.8890 -0.2815 -0.3612
vn 0.9286 -0.1344 -0.3458
vn 0.9043 -0.0222 -0.4263
vn 0.9675 0.0007 -0.2527
vn 0.3549 -0.8902 -0.2856
vn 0.4267 -0.8940 -0.1369
vn 0.3673 -0.9206 -0.1327
vn -0.3039 0.8952 0.3261
vn -0.1445 0.9213 0.3609
vn -0.1568 0.9412 0.2991
vn 0.8116 0.2249 -0.5392
vn 0.8234 0.0222 -0.5670
vn 0.1196 -0.7949 0.5948
vn 0.0447 -0.6971 0.7156
vn 0.5043 0.8570 -0.1063
vn 0.6234 0.7579 -0.1921
vn 0.6232 0.7582 -0.1917
vn 0.6266 0.7557 -0.1905
vn 0.6299 0.7533 -0.1893
vn 0.8058 0.5520 -0.2147
vn 0.6829 0.6970 -0.2188
vn 0.6769 0.7348 -0.0443
vn -0.2776 -0.2665 0.9230
vn -0.1350 -0.0905 0.9867
vn 0.8416 0.4596 0.2838
vn 0.8679 0.3013 0.3949
vn 0.8109 0.0175 -0.5849
vn 0.8902 -0.0312 -0.4544
vn 0.8956 -0.4078 -0.1776
vn 0.7929 -0.4967 -0.3529
vn 0.8766 -0.4062 -0.2580
vn 0.7995 -0.5801 -0.1560
vn 0.8123 -0.5505 -0.1927
vn 0.7175 -0.6425 -0.2688
vn 0.6606 -0.6819 -0.3140
vn 0.6274 -0.7096 -0.3207
vn 0.4651 -0.8256 -0.3195
vn 0.5943 -0.6670 -0.4493
vn 0.7080 -0.6026 -0.3684
vn 0.9250 -0.0259 0.3790
vn 0.9603 -0.1027 0.2593
vn 0.8693 0.0096 0.4941
vn 0.8540 -0.1254 0.5050
vn 0.7399 0.3751 0.5584
vn 0.7760 0.4768 0.4129
vn 0.4765 0.1322 0.8692
vn 0.7101 0.1515 0.6877
vn 0.6663 0.3416 0.6628
vn 0.5627 0.2751 0.7795
vn 0.5561 -0.2824 0.7817
vn 0.5865 -0.1063 0.8029
vn -0.1773 0.3957 0.9011
vn -0.2746 0.3068 0.9113
vn 0.1531 0.1570 0.9757
vn 0.0868 0.3721 0.9241
vn 0.0781 0.2913 0.9534
vn -0.0029 0.4022 0.9155
vn 0.7137 -0.7004 -0.0033
vn 0.9005 -0.4272 -0.0812
vn 0.8739 -0.4855 0.0232
vn -0.0593 0.7432 0.6664
vn -0.0578 0.8323 0.5513
vn -0.0646 0.6397 0.7659
vn 0.0760 0.7349 0.6739
vn 0.1518 0.4299 0.8900
vn 0.2605 0.2559 0.9310
vn 0.2567 0.2904 0.9219
vn 0.4416 0.2704 0.8555
vn 0.5501 0.4609 0.6964
vn 0.6460 0.5273 0.5519
vn 0.3077 -0.8998 0.3094
vn 0.3798 -0.8713 0.3109
vn 0.5780 -0.6448 0.5001
vn 0.4896 -0.7590 0.4292
vn 0.4554 -0.7699 0.4471
vn 0.4030 -0.6991 0.5906
vn 0.2614 0.9547 0.1421
vn 0.2824 0.9355 0.2126
vn 0.8898 0.3946 0.2294
vn 0.9609 0.2359 0.1452
vn 0.3527 -0.9354 0.0248
vn 0.2437 -0.9682 -0.0571
vn -0.0093 0.9687 0.2480
vn -0.1163 0.9805 0.1582
vn 0.4338 -0.8831 -0.1787
vn 0.4022 -0.8864 -0.2292
vn 0.4224 -0.8758 -0.2337
vn 0.3822 -0.8843 -0.2681
vn 0.3075 -0.8905 -0.3352
vn 0.3969 -0.8728 -0.2842
vn 0.4645 -0.8473 -0.2577
vn 0.4090 -0.8604 -0.3039
vn 0.4348 -0.8481 -0.3028
vn 0.4597 -0.8675 -0.1901
vn 0.4463 -0.8593 -0.2500
vn 0.4847 -0.8480 -0.2144
vn 0.3628 -0.8900 -0.2762
vn 0.3813 -0.8573 -0.3461
vn 0.3999 -0.8988 -0.1796
vn 0.3154 -0.9175 -0.2422
vn 0.3134 -0.9062 -0.2840
vn 0.3337 -0.9025 -0.2722
vn 0.4878 -0.7859 -0.3801
vn 0.4527 -0.8133 -0.3656
vn 0.4420 -0.8108 -0.3836
vn 0.3533 -0.8721 -0.3386
vn 0.3752 -0.8994 -0.2244
vn 0.3646 -0.9132 -0.1817
vn 0.3371 -0.9128 -0.2305
vn 0.4426 -0.8266 -0.3475
vn 0.4283 -0.8408 -0.3310
vn 0.4792 -0.8307 -0.2832
vn 0.4116 -0.8459 -0.3392
vn 0.4923 -0.8052 -0.3305
vn 0.4849 -0.8207 -0.3022
vn 0.5371 -0.7894 -0.2972
vn 0.5221 -0.8104 -0.2657
vn 0.4990 -0.7527 -0.4296
vn 0.4717 -0.7771 -0.4166
vn 0.4356 -0.7997 -0.4133
vn 0.4188 -0.7997 -0.4301
vn 0.3697 -0.8362 -0.4052
vn 0.3252 -0.8369 -0.4403
vn 0.4552 -0.7766 -0.4356
vn 0.3289 -0.9242 -0.1942
vn 0.2955 -0.9193 -0.2600
vn 0.2711 -0.8833 -0.3825
vn 0.5064 -0.8286 -0.2389
vn 0.4910 -0.7969 -0.3520
vn 0.5404 -0.7756 -0.3262
vn 0.5197 -0.7569 -0.3963
vn 0.5312 -0.7664 -0.3611
vn 0.4056 -0.8331 -0.3760
vn 0.4338 -0.7799 -0.4513
vn 0.2887 -0.8001 -0.5259
vn 0.3271 -0.8128 -0.4821
vn 0.3069 -0.8232 -0.4776
vn 0.3506 -0.8232 -0.4466
vn 0.4267 -0.8203 -0.3809
vn 0.3369 -0.8369 -0.4314
vn 0.2645 -0.8512 -0.4533
vn 0.3255 -0.8508 -0.4125
vn 0.2985 -0.8607 -0.4125
vn 0.2629 -0.8161 -0.5147
vn 0.2833 -0.8406 -0.4616
vn 0.2388 -0.8377 -0.4912
vn 0.3705 -0.8185 -0.4390
vn 0.3549 -0.8578 -0.3718
vn 0.3235 -0.7866 -0.5259
vn 0.4135 -0.7806 -0.4687
vn 0.3987 -0.8036 -0.4420
vn 0.2411 -0.9124 -0.3308
vn 0.2801 -0.8942 -0.3491
vn 0.2912 -0.8974 -0.3315
vn 0.3827 -0.8425 -0.3791
vn 0.3537 -0.7989 -0.4865
vn 0.3589 -0.7725 -0.5239
vn 0.3656 -0.8769 -0.3120
vn 0.4078 -0.8708 -0.2745
vn 0.3915 -0.7849 -0.4802
vn 0.2912 -0.8830 -0.3681
vn 0.3063 -0.8705 -0.3853
vn 0.2501 -0.8685 -0.4281
vn 0.3237 -0.8674 -0.3780
vn 0.2369 -0.8938 -0.3807
vn 0.2446 -0.8790 -0.4094
vn 0.1855 -0.8941 -0.4076
vn 0.2014 -0.8752 -0.4399
vn 0.2251 -0.9343 -0.2766
vn 0.2570 -0.9206 -0.2941
vn 0.2967 -0.9064 -0.3008
vn 0.2737 -0.9216 -0.2753
vn 0.3952 -0.7628 -0.5119
vn 0.4614 -0.8229 -0.3316
vn 0.2172 -0.8573 -0.4668
vn 0.2383 -0.9023 -0.3592
vn 0.1821 -0.9076 -0.3784
vn 0.2038 -0.9288 -0.3094
vn 0.1922 -0.9189 -0.3444
vn 0.3297 -0.8802 -0.3413
vn 0.2493 -0.9479 -0.1982
vn 0.2911 -0.9379 -0.1884
vn 0.2961 -0.9431 -0.1512
vn 0.5750 -0.7759 -0.2596
vn 0.5875 -0.8034 -0.0967
vn 0.5245 -0.8505 -0.0387
vn 0.5399 -0.8363 -0.0956
vn 0.3658 -0.9222 -0.1252
vn 0.3891 -0.9198 -0.0498
vn 0.3153 -0.9459 -0.0770
vn 0.4241 -0.8967 -0.1269
vn 0.6611 -0.6923 -0.2891
vn 0.6280 -0.6790 -0.3803
vn 0.6670 -0.6645 -0.3370
vn 0.5839 -0.7964 -0.1574
vn 0.5270 -0.8296 -0.1848
vn 0.2496 -0.9633 -0.0992
vn 0.1764 -0.9790 -0.1026
vn 0.2102 -0.9666 -0.1467
vn 0.3419 -0.9394 -0.0237
vn 0.2574 -0.9649 -0.0515
vn 0.5579 -0.7999 -0.2212
vn 0.4765 -0.8785 -0.0336
vn 0.4619 -0.8816 -0.0969
vn 0.6332 -0.6457 -0.4267
vn 0.4314 -0.9021 -0.0110
vn 0.4692 -0.7262 -0.5025
vn 0.4959 -0.6785 -0.5420
vn 0.5228 -0.7145 -0.4649
vn 0.4991 -0.8530 -0.1525
vn 0.6274 -0.7481 -0.2161
vn 0.6110 -0.7313 -0.3032
vn 0.5790 -0.7405 -0.3412
vn 0.5646 -0.7217 -0.4005
vn 0.6668 -0.7071 -0.2355
vn 0.5859 -0.6730 -0.4514
vn 0.5469 -0.6634 -0.5107
vn 0.6327 -0.7578 -0.1593
vn 0.5852 -0.6343 -0.5051
vn 0.5167 -0.6358 -0.5734
vn 0.4916 -0.7359 -0.4657
vn 0.4298 -0.7419 -0.5147
vn 0.4196 -0.7245 -0.5468
vn 0.1046 -0.8091 -0.5783
vn 0.1649 -0.7558 -0.6337
vn 0.1598 -0.7938 -0.5868
vn 0.4525 -0.6725 -0.5856
vn 0.3488 -0.7426 -0.5717
vn 0.2905 -0.7685 -0.5701
vn 0.3103 -0.7098 -0.6323
vn 0.1929 -0.9531 -0.2331
vn 0.2294 -0.9439 -0.2374
vn 0.1188 -0.8409 -0.5280
vn 0.1885 -0.8374 -0.5130
vn 0.3878 -0.6922 -0.6087
vn 0.3502 -0.6732 -0.6513
vn 0.4353 -0.6489 -0.6241
vn 0.1394 -0.8885 -0.4372
vn 0.1569 -0.8654 -0.4758
vn 0.2581 -0.7042 -0.6614
vn 0.2162 -0.7355 -0.6421
vn 0.1499 -0.9432 -0.2965
vn 0.1357 -0.9247 -0.3558
vn 0.0316 -0.9217 -0.3866
vn 0.0715 -0.9507 -0.3018
vn 0.0225 -0.9418 -0.3354
vn 0.2456 -0.7668 -0.5931
vn 0.2151 -0.8110 -0.5441
vn 0.0227 -0.8992 -0.4369
vn 0.0965 -0.9171 -0.3869
vn 0.0722 -0.8817 -0.4662
vn 0.1172 -0.9651 -0.2342
vn 0.0589 -0.9669 -0.2483
vn 0.1552 -0.9724 -0.1741
vn 0.0594 -0.8547 -0.5157
vn 0.1074 -0.9795 -0.1705
vn -0.3461 -0.5822 0.7357
vn -0.0682 -0.5737 0.8162
vn -0.3089 -0.7064 0.6368
vn 0.9954 0.0571 0.0775
vn 0.6729 -0.7337 0.0938
vn -0.2569 -0.7486 -0.6112
vn 0.4537 -0.8644 0.2169
vn -0.0950 -0.9916 -0.0873
vn 0.2163 -0.0992 0.9713
vn 0.2345 -0.4301 -0.8718
vn 0.4141 -0.5915 -0.6919
vn 0.7025 -0.6401 0.3111
vn 0.5331 -0.3915 -0.7500
vn 0.2080 -0.9781 0.0091
vn 0.3718 -0.8411 -0.3929
vn 0.4412 -0.3533 0.8249
vn 0.4042 -0.6134 -0.6785
vn 0.4337 -0.6273 -0.6469
vn 0.8543 0.3771 -0.3577
vn 0.1964 -0.6683 -0.7175
vn 0.1981 -0.6671 -0.7182
vn 0.1990 -0.6693 -0.7159
vn 0.1998 -0.6688 -0.7161
vn -0.0569 -0.5779 -0.8141
vn 0.0254 -0.7773 -0.6286
vn 0.0254 -0.7771 -0.6288
vn 0.0255 -0.7773 -0.6286
vn 0.2000 -0.6662 -0.7185
vn 0.0258 -0.7771 -0.6288
vn 0.0132 -0.3418 0.9397
vn 0.8940 -0.4478 -0.0182
vn 0.4493 -0.8615 0.2366
vn 0.5774 -0.8148 0.0518
vn 0.6422 -0.6616 -0.3871
vn 0.6465 0.4188 -0.6377
vn 0.2062 -0.5106 0.8348
vn 0.9642 0.0229 -0.2642
vn 0.9020 0.0534 -0.4285
vn -0.3997 -0.8661 -0.3001
vn 0.5097 -0.7848 0.3525
vn 0.6734 -0.2569 0.6932
vn 0.6103 -0.5723 -0.5477
vn 0.7049 -0.7075 0.0512
vn -0.0615 -0.8882 -0.4554
vn -0.0623 -0.8883 -0.4551
vn -0.0610 -0.8881 -0.4555
vn -0.0782 -0.8804 -0.4677
vn 0.4090 -0.8458 -0.3426
vn 0.0257 -0.7771 -0.6289
vn -0.0627 -0.8883 -0.4549
vn 0.6589 0.2696 -0.7023
vn 0.7573 -0.5302 -0.3813
vn 0.8750 -0.4788 -0.0714
vn -0.0652 -0.9948 0.0778
vn 0.8410 -0.1058 0.5306
vn 0.6999 -0.6804 -0.2173
vn 0.0795 -0.9844 -0.1568
vn 0.9688 0.2470 0.0187
vn 0.1710 -0.9216 0.3485
vn 0.6969 -0.7141 -0.0654
vn 0.3440 -0.9338 0.0988
vn 0.4576 -0.1168 0.8815
vn 0.1176 -0.7408 0.6613
vn 0.7928 -0.5894 0.1553
vn 0.8555 0.2070 0.4746
vn 0.9409 0.0684 0.3318
vn 0.9480 -0.2984 -0.1104
vn 0.8992 0.2640 0.3488
vn 0.9561 0.2696 0.1151
vn 0.8350 0.3388 -0.4336
vn 0.6952 -0.4846 -0.5310
vn 0.1083 -0.9829 -0.1488
vn -0.4762 -0.8760 -0.0760
vn -0.1189 -0.9839 -0.1333
vn -0.2730 -0.9209 -0.2782
vn 0.6610 -0.0320 0.7497
vn 0.7351 0.0535 0.6758
vn 0.4254 0.3973 -0.8131
vn 0.0799 -0.7167 -0.6928
vn -0.5119 -0.1192 -0.8507
vn 0.5029 0.2545 -0.8261
vn -0.0519 -0.7130 -0.6993
vn -0.3166 -0.8221 -0.4732
vn 0.1578 -0.5602 -0.8132
vn -0.0486 0.1435 -0.9885
vn -0.3517 0.4149 -0.8391
vn 0.3651 -0.3277 -0.8714
vn 0.0309 -0.4745 -0.8797
vn -0.1901 -0.5535 -0.8108
vn 0.0569 -0.9830 0.1746
vn 0.3127 -0.5964 -0.7393
vn 0.4636 -0.5866 -0.6641
vn 0.7186 -0.4609 -0.5208
vn 0.3311 -0.8876 0.3203
vn 0.2509 -0.9678 -0.0208
vn 0.6216 -0.7377 0.2636
vn 0.4685 -0.8808 0.0690
vn 0.4667 -0.8817 0.0699
vn 0.4668 -0.8819 0.0665
vn 0.4659 -0.8823 0.0668
vn -0.3166 0.0628 -0.9465
vn 0.6385 -0.7694 -0.0188
vn 0.6382 -0.7697 -0.0189
vn 0.6384 -0.7695 -0.0189
vn 0.3640 -0.8730 -0.3247
vn 0.6381 -0.7697 -0.0187
vn 0.1540 -0.5439 -0.8249
vn -0.3641 -0.7867 -0.4986
vn -0.8671 -0.4839 -0.1179
vn 0.7366 -0.6535 -0.1744
vn 0.0519 -0.9557 -0.2899
vn -0.5671 -0.6037 0.5603
vn -0.4929 0.1988 -0.8471
vn -0.6475 -0.7608 -0.0447
vn -0.5779 -0.8083 0.1125
vn 0.2720 -0.9621 0.0191
vn -0.0807 -0.7469 -0.6600
vn 0.7265 -0.6595 -0.1928
vn 0.7260 -0.6602 -0.1927
vn 0.7269 -0.6591 -0.1928
vn 0.0613 -0.9923 -0.1073
vn 0.8215 -0.5669 0.0605
vn 0.7257 -0.6604 -0.1927
vn -0.7663 -0.5821 0.2719
vn 0.3266 -0.8677 -0.3747
vn 0.6382 -0.7697 -0.0186
vn -0.7821 -0.5539 -0.2855
vn -0.4649 -0.7215 0.5131
vn -0.1166 -0.9628 -0.2437
vn -0.0423 0.4095 -0.9113
vn 0.6551 -0.3796 -0.6532
vn 0.1961 0.2757 -0.9410
vn 0.2545 -0.9662 0.0398
vn 0.6051 -0.6106 -0.5109
vn 0.9176 -0.3405 -0.2051
vn 0.4648 -0.8826 0.0702
vn -0.0399 -0.8168 -0.5755
vn -0.0231 -0.8964 -0.4427
vn -0.6864 -0.2542 -0.6813
vn 0.2072 -0.0160 -0.9782
vn -0.2468 -0.6826 -0.6878
vn -0.8798 -0.1505 -0.4509
vn -0.8168 -0.3574 -0.4528
vn -0.4735 -0.8072 -0.3524
vn -0.9145 -0.2285 -0.3340
vn -0.8976 -0.4057 -0.1721
vn -0.7079 -0.6347 0.3097
vn -0.0605 -0.9943 -0.0881
vn 0.5810 -0.6232 -0.5235
vn 0.9204 -0.1589 -0.3573
vn 0.7433 -0.4706 -0.4755
vn 0.8541 -0.4328 -0.2885
vn -0.6597 0.0293 -0.7509
vn -0.7483 -0.0228 -0.6630
vn 0.0889 -0.9960 0.0099
vn 0.1918 -0.9779 0.0827
vn 0.0588 -0.9973 0.0430
vn 0.6414 -0.5286 -0.5561
vn 0.7066 -0.4889 -0.5115
vn 0.7141 -0.5356 -0.4508
vn 0.0841 -0.9876 0.1326
vn 0.0348 -0.9950 0.0941
vn 0.7046 -0.6898 0.1667
vn 0.6210 -0.7377 0.2651
vn 0.5958 -0.7844 0.1725
vn 0.1690 -0.9762 0.1355
vn 0.8130 -0.5814 -0.0327
vn 0.7620 -0.6444 0.0631
vn 0.7397 -0.6711 -0.0503
vn 0.5345 -0.8380 0.1102
vn 0.4865 -0.8555 0.1773
vn 0.4114 -0.9026 0.1270
vn 0.8672 -0.4973 -0.0265
vn 0.8205 -0.5677 0.0670
vn 0.2967 -0.9457 0.1329
vn 0.2846 -0.9353 0.2101
vn 0.6821 -0.6840 0.2584
vn 0.3986 -0.8668 0.2996
vn 0.3887 -0.8992 0.2008
vn 0.5113 -0.8083 0.2917
vn 0.5703 -0.7539 0.3262
vn 0.4496 -0.8210 0.3520
vn 0.7924 -0.5873 -0.1652
vn 0.1928 -0.9549 0.2257
vn 0.1322 -0.9735 0.1867
vn 0.8604 -0.4976 -0.1105
vn 0.3306 -0.8733 0.3577
vn 0.2703 -0.9121 0.3082
vn 0.2281 -0.9116 0.3419
vn 0.2139 -0.9385 0.2711
vn 0.7397 -0.6608 -0.1274
vn 0.7683 -0.5953 -0.2351
vn 0.7732 -0.5123 -0.3739
vn 0.7625 -0.6258 0.1642
vn 0.6668 -0.7423 0.0658
vn 0.6127 -0.7878 0.0625
vn 0.8237 -0.5078 -0.2524
vn 0.8385 -0.4133 -0.3550
vn 0.8789 -0.4215 -0.2234
vn 0.8844 -0.3695 -0.2852
vn 0.8958 -0.4205 -0.1436
vn 0.8404 -0.3504 -0.4136
vn 0.7788 -0.4146 -0.4708
vn 0.7594 -0.5603 -0.3306
vn 0.6349 -0.4734 -0.6105
vn 0.5926 -0.4010 -0.6986
vn 0.5894 -0.5115 -0.6252
vn 0.6876 -0.7256 -0.0262
vn 0.7070 -0.3749 -0.5996
vn 0.7827 -0.3358 -0.5240
vn 0.6974 -0.3254 -0.6386
vn 0.6072 -0.3368 -0.7196
vn -0.0486 -0.9829 0.1775
vn -0.0147 -0.9728 0.2312
vn -0.0696 -0.9779 0.1971
vn -0.0078 -0.9671 0.2543
vn -0.0827 -0.9742 0.2098
vn 0.0235 -0.9620 0.2721
vn 0.0707 -0.9454 0.3183
vn 0.0511 -0.9516 0.3029
vn 0.0818 -0.9361 0.3422
vn 0.3980 -0.5236 -0.7533
vn 0.4759 -0.4091 -0.7786
vn 0.4972 -0.4970 -0.7112
vn 0.0190 -0.7330 -0.6799
vn -0.0465 -0.7833 -0.6200
vn -0.0992 -0.7244 -0.6822
vn 0.5356 -0.5136 -0.6703
vn 0.4594 -0.5506 -0.6970
vn 0.0954 -0.6577 -0.7472
vn 0.0063 -0.6965 -0.7176
vn 0.0444 -0.5810 -0.8127
vn 0.3460 -0.5774 -0.7395
vn -0.1183 -0.9924 -0.0334
vn -0.1871 -0.9792 -0.0784
vn -0.1457 -0.9820 -0.1201
vn -0.0711 -0.6273 -0.7755
vn -0.2658 -0.9131 -0.3091
vn -0.2747 -0.9427 -0.1892
vn -0.3306 -0.9108 -0.2474
vn 0.2775 -0.5540 -0.7849
vn 0.3451 -0.4510 -0.8231
vn -0.3223 -0.8719 -0.3686
vn -0.2427 -0.8727 -0.4238
vn 0.1636 -0.5893 -0.7911
vn 0.1334 -0.6760 -0.7248
vn 0.0556 -0.5184 -0.8533
vn 0.1473 -0.4539 -0.8788
vn 0.1931 -0.4834 -0.8538
vn -0.1624 -0.6155 -0.7713
vn -0.0561 -0.5637 -0.8240
vn -0.1159 -0.7991 -0.5899
vn -0.2252 -0.7473 -0.6252
vn -0.1547 -0.9270 -0.3416
vn -0.1724 -0.9618 -0.2128
vn 0.2779 -0.4053 -0.8709
vn 0.3916 -0.3743 -0.8406
vn -0.1046 -0.9540 -0.2808
vn 0.5055 -0.3485 -0.7893
vn -0.0812 -0.8534 -0.5150
vn 0.2350 -0.6204 -0.7482
vn -0.1822 -0.6698 -0.7198
vn -0.2501 -0.6858 -0.6835
vn -0.1390 -0.8678 -0.4771
vn -0.1073 -0.9077 -0.4058
vn -0.0505 -0.9969 -0.0600
vn -0.0769 -0.9812 -0.1769
vn -0.2315 -0.8159 -0.5299
vn -0.3076 -0.8233 -0.4770
vn -0.2910 -0.7614 -0.5793
vn 0.0019 -0.9975 -0.0708
vn -0.0068 -0.9994 0.0335
vn -0.0414 -0.9991 0.0049
vn -0.3089 -0.9397 -0.1470
vn -0.2431 -0.9620 -0.1240
vn 0.5572 -0.4906 -0.6700
vn 0.5357 -0.5136 -0.6703
vn -0.2238 -0.9735 0.0472
vn -0.1892 -0.9776 0.0917
vn -0.2333 -0.9707 0.0578
vn -0.3142 -0.9489 0.0307
vn -0.2942 -0.9553 0.0283
vn -0.3142 -0.9488 0.0307
vn -0.1526 -0.9796 0.1311
vn -0.1421 -0.9820 0.1242
vn -0.1087 -0.9815 0.1575
vn 0.1273 -0.9918 0.0148
vn 0.6083 -0.7021 -0.3702
vn -0.3709 -0.1248 0.9202
vn -0.3633 0.1118 0.9249
vn -0.4162 -0.4809 0.7717
vn -0.3800 -0.0868 0.9209
vn 0.3096 -0.8019 -0.5110
vn 0.2171 -0.8934 -0.3933
vn 0.2348 -0.6433 -0.7287
vn -0.5849 0.2297 0.7779
vn 0.7922 -0.5766 0.1997
vn 0.3448 -0.7762 -0.5279
vn 0.2756 -0.5556 0.7844
vn -0.1614 -0.0207 0.9867
vn -0.4055 -0.4794 0.7783
vn 0.9888 0.1493 -0.0073
vn 0.0015 -0.4582 0.8888
vn -0.1107 -0.9432 -0.3132
vn 0.8887 0.2607 -0.3771
vn -0.0756 0.1038 0.9917
vn 0.3544 -0.9022 -0.2459
vn 0.7520 -0.2740 0.5996
vn 0.9731 0.1173 0.1983
vn -0.4013 -0.3779 0.8343
vn 0.3542 -0.8728 -0.3358
vn 0.3524 -0.8730 -0.3373
vn 0.1772 -0.9801 0.0896
vn 0.3974 -0.7450 -0.5357
vn 0.3699 -0.8530 -0.3683
vn -0.1002 -0.7633 -0.6382
vn 0.4613 -0.6048 -0.6491
vn 0.3844 -0.5301 0.7558
vn 0.3073 -0.9459 -0.1042
vn 0.0885 -0.6858 0.7224
vn -0.3279 -0.6508 0.6848
vn 0.3435 -0.9319 -0.1162
vn 0.1623 -0.9867 0.0040
vn 0.3682 -0.8592 -0.3553
vn 0.1327 0.3832 0.9141
vn 0.3538 -0.8970 -0.2649
vn 0.3484 -0.7653 -0.5413
vn 0.3858 -0.9135 -0.1293
vn 0.3387 -0.7178 -0.6083
vn 0.3595 -0.8186 -0.4480
vn 0.5885 -0.2903 0.7546
vn 0.3446 -0.9173 0.1995
vn -0.1647 -0.1099 0.9802
vn -0.4274 -0.4827 0.7644
vn 0.9783 0.1599 -0.1320
vn 0.2183 -0.1567 0.9632
vn 0.4307 -0.8601 -0.2733
vn 0.2642 -0.2711 0.9256
vn 0.7176 0.0685 0.6931
vn 0.4581 0.6120 0.6447
vn 0.9109 0.0873 0.4033
vn 0.2421 -0.7608 -0.6022
vn -0.2567 -0.4937 0.8309
vn 0.3602 -0.8628 -0.3548
vn 0.3620 -0.8620 -0.3547
vn 0.3608 -0.8625 -0.3547
vn 0.4455 -0.1969 0.8734
vn 0.9347 0.3191 -0.1566
vn -0.1136 -0.7218 0.6827
vn 0.4561 0.8886 0.0482
vn 0.7598 0.3943 -0.5170
vn 0.9727 -0.1124 0.2028
vn 0.8971 0.4418 0.0026
vn 0.7268 -0.4607 -0.5094
vn 0.4075 -0.3464 0.8450
vn 0.6524 -0.5667 -0.5033
vn 0.6353 0.5884 -0.5001
vn 0.6376 0.5838 -0.5026
vn 0.6362 0.5866 -0.5011
vn 0.5709 0.5286 -0.6282
vn 0.8750 0.4838 0.0187
vn 0.3924 -0.8407 -0.3731
vn 0.6091 0.5294 -0.5906
vn 0.4203 -0.9006 0.1103
vn 0.0944 -0.9830 -0.1572
vn 0.6878 -0.6243 -0.3704
vn 0.3633 -0.9301 -0.0549
vn 0.3724 -0.9107 -0.1789
vn 0.6586 -0.7217 0.2131
vn 0.2686 -0.8350 -0.4803
vn 0.2977 -0.8604 -0.4136
vn 0.3011 -0.8571 -0.4181
vn 0.5150 0.6981 0.4975
vn 0.7936 -0.5825 -0.1761
vn 0.6722 -0.7183 -0.1795
vn 0.6747 -0.7164 -0.1773
vn 0.6763 -0.7153 -0.1759
vn 0.4931 -0.6944 0.5240
vn 0.0703 -0.8930 -0.4445
vn 0.0692 -0.8638 -0.4990
vn 0.0317 -0.9619 -0.2715
vn 0.3903 -0.8647 -0.3161
vn 0.4214 -0.8385 -0.3454
vn 0.4249 -0.8325 -0.3556
vn 0.4244 -0.8331 -0.3547
vn 0.3099 -0.8794 -0.3615
vn 0.3105 -0.8808 -0.3576
vn 0.3980 -0.8500 -0.3450
vn 0.3990 -0.8530 -0.3364
vn 0.3983 -0.8504 -0.3436
vn 0.2049 -0.9190 -0.3367
vn 0.3958 -0.7769 -0.4897
vn 0.4373 -0.8396 -0.3224
vn -0.5806 0.5930 0.5579
vn 0.4162 -0.8059 -0.4211
vn 0.4164 -0.8056 -0.4215
vn 0.4155 -0.8069 -0.4199
vn -0.0551 -0.9867 -0.1528
vn 0.2080 -0.7920 -0.5740
vn 0.9996 0.0187 -0.0215
vn 0.8453 -0.0761 0.5289
vn -0.4727 -0.2941 0.8307
vn 0.2827 -0.9337 0.2196
vn 0.3719 -0.8569 -0.3568
vn 0.5935 0.5344 -0.6018
vn 0.9277 0.2601 -0.2679
vn -0.0644 -0.3872 0.9197
vn 0.3274 -0.9360 0.1291
vn 0.7054 0.1282 -0.6971
vn 0.2171 -0.8649 -0.4526
vn 0.4213 -0.8390 -0.3444
vn 0.5187 -0.7558 -0.3996
vn 0.6415 -0.5821 -0.4996
vn -0.4457 0.1473 0.8830
vn -0.4994 -0.2440 0.8313
vn 0.2307 -0.9323 -0.2787
vn 0.3835 -0.8415 -0.3804
vn 0.3858 -0.8413 -0.3786
vn 0.3681 -0.8712 -0.3249
vn 0.8101 0.1964 0.5524
vn 0.3896 -0.8480 -0.3593
vn 0.3880 -0.8454 -0.3672
vn 0.3897 -0.8481 -0.3590
vn 0.3176 -0.8864 -0.3369
vn 0.3154 -0.8856 -0.3408
vn 0.3627 -0.8617 -0.3548
vn 0.3239 -0.8977 -0.2985
vn 0.6384 0.5822 -0.5035
vn 0.7347 0.5793 -0.3532
vn 0.8716 0.4390 -0.2184
vn 0.5347 0.6052 -0.5898
vn 0.5752 0.5288 -0.6241
vn 0.1219 -0.9258 0.3578
vn 0.3023 -0.9279 -0.2180
vn -0.0096 -0.7593 0.6507
vn -0.0100 -0.7985 0.6019
vn 0.4666 -0.2337 0.8530
vn 0.4152 -0.8073 -0.4194
vn 0.3838 -0.8209 -0.4228
vn 0.1424 -0.2767 0.9503
vn 0.4032 -0.8890 -0.2172
vn 0.5015 -0.3263 0.8013
vn 0.4530 -0.8606 -0.2326
vn 0.6152 -0.2175 0.7578
vn 0.4839 -0.8708 -0.0871
vn 0.3535 -0.8035 -0.4790
vn 0.3875 -0.8781 -0.2808
vn 0.1509 -0.6468 0.7475
vn -0.0295 -0.9467 0.3208
vn -0.0294 -0.9467 0.3207
vn 0.5636 -0.6813 0.4671
vn 0.2700 -0.2832 0.9203
vn 0.8089 -0.1877 0.5571
vn 0.8783 -0.1905 0.4385
vn 0.4742 0.8021 0.3631
vn 0.9017 0.2065 0.3799
vn 0.8421 0.1199 0.5258
vn 0.6815 0.1454 0.7172
vn 0.5136 -0.8198 0.2533
vn 0.1748 -0.1503 0.9731
vn 0.2113 0.5164 0.8299
vn 0.5628 -0.0001 0.8266
vn 0.0786 -0.9165 -0.3922
vn 0.3111 -0.8821 -0.3537
vn 0.2013 -0.9077 -0.3683
vn 0.4411 -0.8307 -0.3397
vn 0.6897 -0.6860 -0.2318
vn 0.6902 -0.6856 -0.2314
vn 0.6889 -0.6867 -0.2323
vn 0.5115 -0.7885 -0.3415
vn 0.5054 -0.7921 -0.3421
vn 0.5078 -0.7907 -0.3419
vn 0.8172 0.2196 0.5329
vn 0.7247 -0.6287 -0.2819
vn 0.2148 -0.9269 -0.3079
vn 0.3198 -0.8871 -0.3329
vn 0.7335 -0.5742 -0.3637
vn 0.8800 0.2697 -0.3909
vn 0.3731 -0.5749 0.7282
vn 0.1105 -0.7313 0.6730
vn 0.3334 -0.9074 -0.2560
vn 0.3634 -0.8719 -0.3283
vn 0.5138 -0.7872 -0.3412
vn 0.5853 -0.6948 -0.4180
vn 0.9369 -0.3038 -0.1729
vn 0.6411 -0.6257 -0.4444
vn 0.9336 -0.3544 -0.0527
vn 0.8254 -0.3933 -0.4050
vn 0.8059 -0.4722 -0.3571
vn 0.9041 -0.1782 -0.3884
vn 0.9014 -0.4307 -0.0443
vn 0.8523 0.3160 0.4168
vn 0.9450 0.1147 -0.3064
vn 0.8570 0.0370 -0.5139
vn 0.3880 -0.8452 -0.3676
vn 0.5258 -0.7648 -0.3723
vn 0.6852 -0.2158 -0.6956
vn 0.6853 -0.2155 -0.6957
vn 0.6483 -0.4357 -0.6244
vn 0.6659 -0.6104 -0.4288
vn 0.4781 -0.7720 -0.4188
vn 0.4810 -0.7696 -0.4200
vn 0.4826 -0.7682 -0.4207
vn 0.7973 -0.4048 -0.4477
vn 0.8384 0.0275 -0.5444
vn 0.6347 -0.5567 -0.5359
vn 0.5745 -0.5887 -0.5687
vn 0.7889 0.1673 -0.5913
vn 0.6986 -0.2137 -0.6828
vn 0.5011 0.8383 0.2148
vn 0.8878 0.4085 0.2119
vn 0.3928 0.9160 -0.0818
vn 0.8241 0.5406 -0.1690
vn 0.1843 -0.9111 0.3686
vn 0.2271 -0.9659 0.1242
vn 0.2542 -0.9670 0.0190
vn 0.1170 -0.9008 0.4181
vn 0.1309 -0.8023 -0.5823
vn 0.2944 -0.8637 -0.4091
vn 0.2351 -0.8479 -0.4752
vn 0.3904 -0.8604 -0.3275
vn 0.3989 -0.8536 -0.3349
vn 0.2199 -0.8797 -0.4216
vn 0.4594 -0.8386 -0.2927
vn 0.9582 -0.2859 -0.0136
vn 0.5743 -0.7964 -0.1892
vn 0.5386 -0.8317 -0.1351
vn 0.4313 -0.8767 -0.2131
vn 0.6660 -0.7456 0.0221
vn 0.4999 -0.8655 -0.0323
vn 0.6138 -0.6542 0.4420
vn 0.5888 -0.2864 0.7558
vn 0.5523 -0.8075 -0.2072
vn 0.7263 -0.5740 0.3782
vn 0.6732 -0.7394 0.0098
vn 0.4644 -0.8487 -0.2531
vn 0.6548 -0.7558 0.0021
vn 0.9411 0.1168 -0.3173
vn 0.9819 0.1156 -0.1498
vn 0.6992 0.6419 -0.3147
vn 0.6981 0.6436 -0.3139
vn 0.7001 0.6407 -0.3154
vn 0.8596 0.1370 -0.4923
vn 0.9152 -0.1778 0.3617
vn 0.6975 -0.3446 0.6283
vn 0.9631 -0.2283 0.1422
vn 0.6796 -0.6839 0.2655
vn 0.7673 -0.0174 0.6411
vn 0.7643 -0.5107 0.3938
vn 0.9570 0.2752 0.0914
vn 0.8291 -0.5561 0.0575
vn 0.8053 -0.5433 -0.2373
vn 0.9676 0.0484 0.2477
vn 0.6705 -0.7195 -0.1809
vn 0.9274 -0.3269 -0.1818
vn 0.6882 -0.6872 -0.2327
vn 0.8867 -0.4615 0.0282
vn 0.7708 -0.6243 -0.1272
vn 0.7488 -0.6465 -0.1463
vn 0.4161 -0.8988 -0.1381
vn 0.4644 -0.8855 0.0160
vn 0.4117 -0.9065 0.0936
vn 0.6135 -0.6089 0.5027
vn 0.3564 -0.6587 0.6627
vn 0.5071 -0.8378 0.2024
vn 0.3996 -0.8423 0.3617
vn 0.3287 -0.1901 0.9251
vn 0.1392 -0.6165 0.7750
vn 0.2783 -0.8446 0.4574
vn 0.1245 -0.5880 0.7992
vn 0.2021 -0.9670 0.1548
vn 0.7685 -0.5950 -0.2354
vn 0.9822 -0.0239 -0.1864
vn 0.9833 0.0908 -0.1578
vn 1.0000 0.0067 -0.0069
vn 0.5171 0.7660 0.3818
vn 0.7454 0.6021 0.2862
vn 0.9944 -0.1017 0.0273
vn 0.6992 0.5914 0.4018
vn 0.6852 -0.2162 -0.6956
vn 0.2390 -0.9692 -0.0591
vn 0.8307 0.5568 0.0019
vn -0.0361 0.3320 0.9426
vn 0.0501 -0.2320 0.9714
vn 0.0949 -0.3277 0.9400
vn -0.1362 -0.1800 0.9742
vn 0.1636 -0.5063 0.8467
vn 0.0250 -0.2350 0.9717
vn -0.2489 -0.1632 0.9547
vn -0.2863 -0.2474 0.9256
vn 0.3067 0.5872 0.7491
vn 0.5490 0.0392 0.8349
vn 0.2648 0.9247 -0.2736
vn 0.7571 0.2229 -0.6140
vn 0.6973 0.6447 -0.3133
vn 0.7796 0.4904 -0.3896
vn 0.4109 0.8591 -0.3052
vn 0.6105 0.4417 -0.6574
vn 0.6852 -0.7264 0.0530
vn 0.6970 -0.7147 -0.0585
vn 0.4309 -0.1608 0.8879
vn 0.5038 0.1151 0.8561
vn -0.0337 -0.9477 0.3175
vn 0.0438 -0.9510 0.3061
vn -0.0634 -0.9534 0.2949
vn 0.7964 -0.5703 0.2015
vn 0.7253 -0.2228 0.6514
vn 0.6860 -0.7069 0.1723
vn 0.6093 -0.7589 0.2301
vn 0.6586 -0.6699 0.3427
vn 0.5631 -0.7520 0.3426
vn 0.8194 -0.2522 0.5147
vn 0.4442 0.3394 0.8292
vn 0.8410 -0.2594 0.4748
vn 0.7450 -0.6662 -0.0337
vn 0.9282 -0.1937 0.3176
vn 0.9122 -0.2190 0.3464
vn 0.6922 -0.0485 0.7201
vn 0.8463 -0.3607 0.3920
vn 0.4765 -0.7734 -0.4181
vn 0.4592 -0.7736 -0.4367
vn 0.5062 -0.7262 -0.4652
vn 0.4049 -0.8392 -0.3631
vn 0.3501 -0.9367 0.0004
vn 0.3642 -0.6787 0.6377
vn 0.2930 -0.8216 -0.4889
vn 0.3596 -0.8476 -0.3901
vn 0.0085 -0.9659 0.2589
vn -0.0295 -0.9466 0.3209
vn 0.9310 -0.2358 -0.2788
vn 0.7033 -0.2130 -0.6782
vn -0.1914 0.7779 -0.5986
vn -0.9176 -0.3903 0.0748
vn -0.8981 -0.4132 0.1505
vn -0.3698 0.2623 -0.8913
vn 0.2728 0.4285 -0.8614
vn 0.3677 -0.7080 -0.6029
vn 0.4193 0.5138 -0.7485
vn 0.3250 -0.8971 -0.2995
vn -0.0523 0.8142 -0.5782
vn 0.0882 0.6535 -0.7518
vn -0.8072 -0.2899 -0.5142
vn -0.8705 -0.1418 -0.4713
vn -0.8523 -0.2945 -0.4323
vn 0.4178 -0.8489 -0.3238
vn 0.4092 -0.8538 -0.3220
vn 0.4110 -0.8527 -0.3226
vn -0.3540 -0.1814 -0.9175
vn 0.3505 -0.8731 -0.3387
vn -0.7341 -0.2860 -0.6158
vn 0.3668 -0.8596 -0.3558
vn 0.3674 -0.8594 -0.3556
vn 0.3700 -0.8589 -0.3542
vn 0.5217 -0.7310 -0.4399
vn -0.8971 -0.0713 -0.4360
vn 0.0697 0.9181 -0.3903
vn 0.3704 -0.9282 0.0361
vn 0.0758 -0.2273 -0.9709
vn -0.9729 0.1673 0.1597
vn 0.3650 -0.8229 -0.4355
vn 0.3739 -0.8425 -0.3878
vn 0.3044 -0.8722 -0.3829
vn -0.2546 -0.0166 -0.9669
vn 0.2819 -0.9524 -0.1162
vn 0.3679 -0.6936 -0.6193
vn 0.3461 0.0033 -0.9382
vn 0.3481 -0.8152 -0.4629
vn 0.3554 -0.8875 -0.2932
vn -0.0862 0.3104 -0.9467
vn 0.2813 0.2665 -0.9219
vn 0.4468 -0.8556 0.2614
vn 0.5869 -0.6110 -0.5313
vn 0.2231 -0.9347 -0.2768
vn 0.6051 -0.7670 -0.2133
vn 0.4912 -0.8707 -0.0240
vn 0.4626 -0.8065 -0.3680
vn 0.1417 -0.9255 -0.3512
vn 0.3918 -0.8578 -0.3328
vn 0.3956 -0.8558 -0.3334
vn 0.3945 -0.8560 -0.3341
vn -0.5878 -0.7746 -0.2335
vn 0.1668 -0.9255 -0.3400
vn -0.6831 0.2750 -0.6766
vn 0.3600 -0.8602 -0.3611
vn 0.3612 -0.8596 -0.3615
vn 0.3642 -0.8579 -0.3623
vn 0.3744 -0.8597 -0.3474
vn 0.3713 -0.8587 -0.3532
vn 0.3735 -0.8593 -0.3493
vn -0.6134 -0.7638 -0.2010
vn -0.6283 0.6092 -0.4839
vn -0.9627 -0.0645 0.2628
vn 0.1244 0.3043 -0.9444
vn 0.3848 -0.8860 -0.2587
vn -0.9559 -0.1407 0.2579
vn 0.5151 -0.8071 -0.2885
vn 0.0529 -0.9462 -0.3191
vn -0.7068 0.1811 0.6839
vn -0.7742 -0.6286 -0.0741
vn -0.3680 -0.4172 -0.8310
vn -0.7737 -0.5702 0.2763
vn -0.5853 -0.4978 0.6400
vn -0.1838 -0.9602 0.2103
vn 0.3050 -0.8342 -0.4594
vn -0.5306 -0.7394 0.4144
vn -0.8631 -0.0750 0.4995
vn 0.3615 -0.8614 -0.3569
vn -0.8479 0.2393 0.4730
vn -0.5724 0.0277 -0.8195
vn -0.7683 0.3375 0.5438
vn -0.8631 -0.0894 0.4971
vn -0.7009 -0.0688 -0.7100
vn -0.6426 -0.7211 0.2591
vn -0.5966 -0.4990 0.6286
vn 0.3421 -0.8738 -0.3456
vn -0.9979 0.0624 0.0153
vn 0.5382 -0.7691 -0.3446
vn 0.3866 -0.8520 -0.3530
vn 0.1515 -0.9393 -0.3078
vn 0.6108 -0.7047 -0.3609
vn 0.6496 -0.6701 -0.3592
vn 0.4718 -0.8542 -0.2184
vn -0.4898 0.6600 -0.5696
vn 0.0616 -0.9979 -0.0219
vn -0.1799 -0.9436 -0.2781
vn 0.1588 -0.9499 -0.2691
vn 0.2916 -0.9052 -0.3092
vn 0.5396 -0.7376 -0.4060
vn 0.6648 0.2036 -0.7187
vn 0.1651 -0.0194 -0.9861
vn -0.8652 0.2407 0.4399
vn -0.3432 -0.9092 0.2356
vn 0.4322 -0.8175 -0.3807
vn 0.3786 -0.8520 -0.3616
vn -0.5304 -0.8457 -0.0587
vn -0.0817 -0.9196 -0.3843
vn -0.4037 -0.0642 -0.9126
vn 0.2602 -0.9067 -0.3321
vn 0.4772 -0.7710 -0.4216
vn 0.5378 -0.8409 -0.0607
vn -0.9632 -0.0931 -0.2522
vn 0.3953 0.5097 -0.7641
vn 0.7444 -0.6112 -0.2689
vn 0.4224 -0.7627 -0.4898
vn 0.7048 -0.7087 -0.0303
vn 0.3082 -0.8533 -0.4206
vn 0.2983 -0.8932 -0.3364
vn 0.2945 -0.8951 -0.3348
vn 0.2957 -0.8945 -0.3353
vn 0.5240 -0.7247 -0.4475
vn -0.8606 0.3940 -0.3228
vn -0.4538 -0.3306 -0.8275
vn 0.4219 -0.8862 -0.1916
vn 0.3694 -0.8578 -0.3573
vn 0.3000 -0.8924 -0.3371
vn 0.0882 -0.9841 -0.1539
vn 0.5142 0.0523 -0.8561
vn 0.4246 -0.4579 -0.7810
vn 0.0929 0.2167 -0.9718
vn 0.0915 0.2200 -0.9712
vn 0.0920 0.2188 -0.9714
vn 0.4198 -0.3520 -0.8365
vn 0.5472 -0.0307 -0.8365
vn 0.5220 -0.4547 -0.7216
vn 0.3835 -0.8121 -0.4399
vn -0.8187 -0.4870 -0.3043
vn -0.9210 -0.2252 -0.3177
vn 0.4034 -0.8292 -0.3869
vn 0.4115 -0.8062 -0.4250
vn -0.6148 -0.7844 -0.0825
vn 0.1082 -0.9640 -0.2429
vn -0.2937 -0.9402 -0.1723
vn -0.3371 -0.9412 -0.0234
vn 0.2521 -0.9448 0.2091
vn 0.3705 -0.8589 -0.3537
vn 0.3655 -0.8573 -0.3627
vn -0.9611 0.2244 0.1611
vn -0.0764 -0.9880 -0.1340
vn 0.4302 -0.3715 -0.8227
vn 0.0147 -0.1957 -0.9805
vn 0.2220 -0.1974 -0.9549
vn 0.0848 -0.5851 -0.8065
vn -0.5750 -0.4978 0.6492
vn -0.3541 -0.8451 0.4005
vn -0.7496 -0.1584 0.6427
vn -0.5623 -0.7941 0.2307
vn -0.5762 -0.4980 0.6481
vn -0.6485 -0.5864 0.4854
vn 0.2397 -0.8940 -0.3786
vn -0.2081 -0.9064 -0.3677
vn 0.1039 -0.9022 -0.4185
vn 0.0889 -0.9023 -0.4218
vn -0.8167 0.3453 -0.4624
vn -0.8272 -0.4372 -0.3529
vn -0.1167 -0.4468 -0.8870
vn 0.1705 -0.4782 -0.8615
vn 0.2622 -0.9282 -0.2641
vn -0.0126 -0.9962 -0.0859
vn -0.1913 -0.9626 0.1921
vn -0.6760 -0.5189 0.5233
vn 0.0361 -0.1689 -0.9850
vn -0.5147 -0.8558 -0.0521
vn 0.7239 -0.6597 -0.2017
vn 0.3784 -0.8529 -0.3596
vn 0.5511 -0.7488 -0.3681
vn 0.4186 -0.8361 -0.3547
vn 0.4294 -0.4473 -0.7846
vn 0.5468 -0.2288 -0.8054
vn 0.5467 -0.2289 -0.8054
vn -0.6685 -0.2250 0.7088
vn -0.7131 -0.4053 0.5721
vn 0.3359 -0.5824 -0.7403
vn -0.4541 0.5133 -0.7282
vn -0.9070 0.3826 -0.1759
vn -0.8146 0.0242 -0.5796
vn -0.8715 0.2643 -0.4130
vn -0.7595 0.4785 -0.4407
vn -0.6332 -0.3399 -0.6953
vn -0.7338 0.3492 -0.5827
vn -0.4181 -0.5580 -0.7169
vn -0.3157 0.1592 -0.9354
vn 0.1075 -0.5717 -0.8134
vn -0.2236 -0.5514 -0.8037
vn 0.4382 -0.8065 -0.3970
vn 0.6141 -0.6609 -0.4314
vn 0.2631 -0.6609 -0.7028
vn 0.2974 -0.7600 -0.5779
vn -0.3514 -0.9143 0.2016
vn -0.1101 -0.9834 0.1441
vn 0.0194 -0.9839 -0.1779
vn -0.4217 -0.8509 0.3132
vn 0.1255 -0.8310 -0.5420
vn 0.1666 -0.8704 -0.4633
vn -0.2870 -0.7381 -0.6106
vn -0.0237 -0.8812 -0.4722
vn -0.7461 -0.5238 -0.4109
vn -0.7255 -0.4044 -0.5568
vn -0.9426 -0.2032 -0.2649
vn -0.8435 -0.2191 -0.4905
vn -0.3703 -0.9039 -0.2139
vn -0.8270 -0.5222 -0.2082
vn -0.4160 -0.6781 -0.6059
vn -0.4500 -0.4328 -0.7811
vn -0.5249 -0.5934 -0.6102
vn -0.5828 -0.3737 -0.7216
vn -0.1842 -0.7875 -0.5881
vn 0.1273 -0.8294 -0.5439
vn -0.9505 0.3097 -0.0258
vn -0.7480 -0.6050 -0.2727
vn 0.2330 -0.9399 -0.2497
vn 0.3306 -0.8747 -0.3545
vn 0.4308 -0.6024 -0.6719
vn 0.5257 0.0090 -0.8506
vn -0.9796 0.1908 0.0629
vn -0.8422 -0.3875 -0.3749
vn 0.3615 -0.9124 -0.1918
vn 0.3877 -0.7810 -0.4896
vn 0.3321 -0.9190 -0.2124
vn 0.3637 -0.9012 -0.2358
vn -0.0043 -0.9574 -0.2886
vn -0.7534 -0.6174 0.2261
vn -0.7079 -0.6818 -0.1843
vn -0.1678 -0.9450 -0.2808
vn -0.6420 -0.7550 -0.1330
vn -0.1216 -0.9682 -0.2187
vn -0.1291 -0.9352 -0.3296
vn -0.8617 -0.4882 0.1382
vn -0.3141 -0.9435 -0.1052
vn -0.7843 -0.5100 0.3532
vn -0.9118 -0.2684 0.3109
vn -0.6409 -0.6747 0.3663
vn -0.6177 -0.7217 -0.3124
vn -0.9416 -0.3364 0.0144
vn -0.9826 -0.1434 0.1183
vn -0.6967 -0.7174 0.0023
vn -0.5237 -0.8478 -0.0831
vn -0.8629 -0.2924 0.4122
vn -0.8419 -0.4313 -0.3243
vn -0.1976 -0.8583 -0.4736
vn -0.3320 -0.6126 -0.7173
vn -0.1039 -0.6636 -0.7408
vn -0.5317 0.0498 -0.8455
vn -0.4715 0.0635 -0.8796
vn 0.0869 -0.7255 -0.6827
vn 0.2327 -0.7427 -0.6279
vn -0.0609 -0.5595 -0.8266
vn -0.0966 -0.2750 -0.9566
vn -0.0500 -0.7554 -0.6533
vn -0.7403 0.6139 -0.2741
vn -0.0621 -0.5409 -0.8388
vn 0.2262 -0.6342 -0.7394
vn 0.2275 -0.4112 -0.8827
vn 0.1336 0.0827 -0.9876
vn 0.1612 0.0119 -0.9869
vn 0.1115 -0.3226 -0.9400
vn 0.4097 -0.2214 -0.8849
vn 0.0934 0.2155 -0.9720
vn 0.3917 -0.9002 -0.1902
vn 0.4001 -0.8786 -0.2607
vn 0.3264 -0.8309 -0.4507
vn 0.4440 -0.8704 -0.2126
vn 0.3723 -0.8593 -0.3508
vn 0.0986 -0.6976 -0.7097
vn 0.1501 -0.7967 -0.5854
vn -0.6998 0.4979 -0.5122
vn -0.2749 -0.4569 -0.8459
vn 0.1700 -0.8393 -0.5164
vn -0.2064 -0.7467 -0.6324
vn 0.2570 -0.8671 -0.4268
vn 0.2831 -0.8651 -0.4140
vn 0.5029 -0.8217 -0.2681
vn 0.6404 -0.7680 0.0024
vn 0.4199 -0.8478 -0.3239
vn 0.2182 -0.6222 -0.7519
vn 0.1234 -0.6267 -0.7694
vn 0.1107 -0.6086 -0.7857
vn 0.0602 -0.6608 -0.7482
vn -0.3783 -0.9227 0.0739
vn -0.1917 -0.9812 0.0238
vn -0.4219 0.3768 -0.8246
vn -0.4167 0.1112 -0.9022
vn -0.1641 -0.2094 -0.9640
vn -0.3723 0.7143 -0.5925
vn -0.2597 0.4693 -0.8440
vn -0.2017 0.0936 -0.9750
vn -0.0869 0.5658 -0.8200
vn -0.3162 0.7422 -0.5909
vn -0.2774 0.5149 -0.8111
vn -0.1375 0.3538 -0.9252
vn -0.1032 -0.9944 0.0219
vn -0.1696 -0.9628 0.2103
vn -0.3616 0.4311 -0.8267
vn 0.0448 -0.4179 -0.9074
vn -0.5531 0.3976 -0.7321
vn -0.9396 -0.2389 0.2451
vn -0.7842 -0.6109 -0.1088
vn -0.8609 -0.4938 0.1227
vn -0.9524 -0.1161 0.2818
vn 0.0476 0.1988 -0.9789
vn -0.0586 0.8217 -0.5670
vn 0.2921 -0.0043 -0.9564
vn 0.0919 0.0943 -0.9913
vn 0.3676 0.5052 -0.7808
vn 0.3812 -0.8418 -0.3822
vn 0.3700 -0.8428 -0.3909
vn 0.3452 -0.7538 -0.5592
vn -0.9982 0.0519 0.0286
vn 0.1933 -0.8948 -0.4024
vn -0.6498 -0.5642 -0.5093
vn -0.1656 -0.8391 -0.5181
vn -0.6499 -0.2794 0.7068
vn -0.1752 -0.9628 0.2057
vn 0.5216 -0.7917 -0.3181
vn -0.5504 -0.0737 -0.8317
vn -0.4569 0.0347 -0.8889
vn -0.0198 -0.9996 0.0177
vn -0.7706 0.1576 -0.6175
vn -0.7986 -0.0850 -0.5959
vn -0.7097 -0.5441 -0.4476
vn -0.7648 -0.3319 -0.5522
vn 0.5021 -0.5910 -0.6314
vn 0.5356 -0.2303 -0.8125
vn -0.9147 -0.3916 -0.0997
vn -0.7815 -0.5698 -0.2541
vn -0.1583 -0.5701 -0.8062
vn -0.1004 -0.7307 -0.6753
vn 0.3915 -0.8582 -0.3319
vn 0.4932 -0.8368 -0.2378
vn 0.5460 -0.2289 -0.8059
vn -0.0636 -0.9486 0.3100
vn -0.0482 -0.9278 0.3700
vn -0.0227 -0.9138 0.4056
vn 0.1114 -0.8622 0.4941
vn 0.0991 -0.8683 0.4861
vn 0.1235 -0.8700 0.4773
vn -0.1442 -0.9435 0.2984
vn -0.1174 -0.9107 0.3961
vn -0.1583 -0.9358 0.3150
vn 0.0884 -0.9083 0.4089
vn 0.0380 -0.9024 0.4293
vn -0.0963 -0.9437 0.3165
vn -0.0928 -0.9413 0.3246
vn 0.1088 -0.8635 0.4925
vn 0.0731 -0.9091 0.4102
vn 0.1197 -0.8822 0.4553
vn 0.0024 -0.9449 0.3274
vn -0.0053 -0.8852 0.4652
vn 0.3593 -0.7822 0.5089
vn 0.4242 -0.8466 0.3214
vn 0.4430 -0.7931 0.4179
vn 0.4749 -0.7108 0.5189
vn 0.3278 -0.8184 0.4720
vn 0.2853 -0.8602 0.4227
vn 0.6489 -0.6616 0.3758
vn 0.5196 -0.7474 0.4141
vn 0.5828 -0.6178 0.5279
vn 0.5611 -0.6700 0.4861
vn 0.4167 -0.7525 0.5100
vn 0.8408 -0.5038 0.1979
vn 0.8707 -0.4468 0.2058
vn 0.8782 -0.4495 0.1635
vn 0.3772 -0.8346 0.4015
vn 0.2739 -0.7772 0.5665
vn 0.7637 -0.5411 0.3520
vn 0.7264 -0.6124 0.3119
vn 0.7781 -0.5509 0.3018
vn 0.6947 -0.5971 0.4011
vn 0.2796 -0.8548 0.4373
vn 0.4750 -0.7107 0.5189
vn 0.9055 -0.3990 0.1444
vn 0.4981 -0.7714 0.3961
vn 0.2690 -0.8375 0.4757
vn 0.2707 -0.8460 0.4594
vn 0.6001 -0.6978 0.3911
vn 0.9339 -0.3384 -0.1156
vn 0.9248 -0.3031 -0.2299
vn 0.9382 -0.3022 -0.1689
vn 0.7965 -0.5675 0.2087
vn 0.8706 -0.4468 0.2058
vn 0.7189 -0.5842 0.3767
vn 0.7865 -0.5726 0.2315
vn 0.9318 -0.3624 -0.0191
vn 0.9357 -0.3282 0.1295
vn 0.9164 -0.3964 0.0562
vn 0.6429 -0.6021 0.4734
vn 0.8956 -0.1512 -0.4183
vn 0.8685 -0.1734 -0.4644
vn 0.8752 -0.2946 -0.3836
vn 0.6864 -0.6357 0.3533
vn 0.8422 -0.4656 0.2718
vn 0.7439 -0.2237 -0.6297
vn 0.7314 -0.1384 -0.6678
vn 0.6894 -0.2183 -0.6907
vn 0.8955 -0.4439 0.0316
vn 0.8504 -0.5070 0.1407
vn 0.8353 0.0304 -0.5489
vn 0.8351 -0.1654 -0.5246
vn 0.8808 -0.3835 -0.2778
vn 0.9567 -0.2489 -0.1508
vn 0.9379 -0.2127 -0.2742
vn 0.8393 -0.1934 -0.5080
vn 0.9196 -0.1459 -0.3648
vn 0.7185 -0.2213 -0.6594
vn 0.7946 -0.2371 -0.5590
vn 0.7815 -0.1055 -0.6149
vn 0.8584 -0.2583 -0.4432
vn 0.6216 -0.1805 -0.7622
vn 0.6214 -0.1873 -0.7608
vn 0.9287 -0.2001 -0.3123
vn 0.9393 -0.3417 0.0309
vn 0.6857 -0.0774 -0.7238
vn 0.6640 -0.4893 0.5655
vn 0.9801 -0.1829 -0.0776
vn 0.9390 -0.3359 -0.0741
vn 0.9387 -0.2944 -0.1795
vn 0.9569 -0.2027 -0.2082
vn 0.8999 -0.2899 -0.3257
vn 0.9380 -0.3422 -0.0546
vn 0.9508 -0.3078 -0.0339
vn 0.6236 -0.1429 -0.7686
vn 0.7173 -0.6611 0.2200
vn 0.9417 -0.2309 -0.2448
vn 0.6224 -0.1719 -0.7636
vn 0.8136 -0.2665 -0.5168
vn 0.9287 -0.2000 -0.3123
vn 0.8450 -0.3877 0.3683
vn 0.6002 -0.6977 0.3911
vn -0.4161 -0.9088 -0.0307
vn -0.3817 -0.9229 0.0494
vn -0.3664 -0.9305 -0.0019
vn -0.3659 -0.9306 0.0113
vn -0.4528 -0.8914 -0.0188
vn -0.4546 -0.8905 -0.0211
vn -0.1649 -0.9526 0.2558
vn -0.1807 -0.9569 0.2275
vn -0.2437 -0.9437 0.2235
vn -0.4399 -0.8980 -0.0114
vn -0.3555 -0.9274 0.1166
vn -0.3413 -0.9258 0.1628
vn -0.2429 -0.9563 0.1625
vn -0.4389 -0.8979 -0.0333
vn -0.4139 -0.9055 0.0932
vn -0.2472 -0.9242 0.2911
vn -0.3386 -0.9183 0.2052
vn -0.2149 -0.9594 0.1828
vn -0.2251 -0.9733 0.0441
vn 0.5418 -0.2335 -0.8074
vn 0.5076 -0.1916 -0.8400
vn -0.3878 -0.8728 -0.2962
vn -0.5003 -0.7961 -0.3405
vn -0.5510 -0.8153 -0.1780
vn 0.5582 -0.0860 -0.8252
vn 0.5059 -0.2369 -0.8294
vn 0.2424 -0.2245 -0.9438
vn 0.3137 -0.2536 -0.9150
vn 0.3607 -0.1797 -0.9152
vn -0.1041 -0.3474 -0.9319
vn -0.0307 -0.4758 -0.8790
vn -0.1615 -0.4473 -0.8797
vn 0.4756 -0.1563 -0.8657
vn 0.3952 -0.1688 -0.9030
vn 0.4399 -0.1666 -0.8824
vn 0.0809 -0.3020 -0.9499
vn 0.1024 -0.1413 -0.9847
vn 0.1150 -0.4639 -0.8784
vn 0.4553 -0.3459 -0.8204
vn 0.0009 -0.3346 -0.9424
vn 0.3916 -0.2376 -0.8889
vn -0.2229 -0.5510 -0.8042
vn -0.2679 -0.5614 -0.7830
vn -0.3497 -0.5136 -0.7835
vn -0.3199 -0.6812 -0.6585
vn -0.3226 -0.6296 -0.7068
vn -0.3492 -0.5668 -0.7462
vn -0.4524 -0.8594 -0.2384
vn -0.2945 -0.7688 -0.5676
vn -0.4771 -0.6849 -0.5507
vn -0.3980 -0.6791 -0.6168
vn 0.1457 -0.3669 -0.9188
vn 0.0393 -0.3122 -0.9492
vn 0.0243 -0.4246 -0.9050
vn -0.3809 -0.7548 -0.5341
vn -0.5146 -0.7162 -0.4715
vn -0.4042 -0.8128 -0.4195
vn 0.2692 -0.0952 -0.9584
vn 0.3410 -0.2136 -0.9155
vn 0.2813 -0.2468 -0.9273
vn -0.4575 -0.8361 -0.3027
vn -0.4645 -0.8459 -0.2622
vn 0.2393 -0.2476 -0.9388
vn 0.1605 -0.2576 -0.9528
vn -0.2035 -0.4463 -0.8714
vn -0.0848 -0.4867 -0.8694
vn -0.4325 -0.3828 -0.8163
vn -0.2474 -0.4887 -0.8366
vn -0.0906 -0.5810 -0.8088
vn -0.1770 -0.5222 -0.8342
vn -0.5206 -0.5120 -0.6833
vn -0.4151 -0.8891 -0.1928
vn -0.4548 -0.6660 -0.5913
vn -0.3821 -0.8009 -0.4611
vn -0.4378 -0.8068 -0.3968
vn -0.5443 -0.7469 -0.3820
vn -0.0491 -0.3420 -0.9384
vn -0.4734 -0.7191 -0.5087
vn 0.2156 -0.3179 -0.9233
vn -0.4001 -0.8944 -0.2000
vn -0.3298 -0.6917 -0.6425
vn -0.2960 -0.6098 -0.7352
vn -0.4135 -0.5841 -0.6985
vn -0.4534 -0.8730 -0.1797
vn 0.3607 -0.1798 -0.9152
vn 0.1801 -0.3629 -0.9142
vn -0.4365 -0.8810 -0.1827
vn -0.2734 -0.4962 -0.8240
vn -0.1478 -0.4031 -0.9032
vn -0.4733 -0.7191 -0.5087
vn 0.2282 -0.9484 0.2203
vn 0.6962 0.7175 0.0220
vn 0.0628 -0.9782 0.1981
vn -0.4979 -0.3324 0.8010
vn -0.1095 -0.4247 0.8987
vn -0.2874 -0.4886 0.8238
vn -0.1507 -0.1555 0.9763
vn 0.3871 -0.8384 -0.3837
vn -0.3190 0.0995 0.9425
vn -0.0348 -0.5998 0.7994
vn 0.3615 -0.8689 -0.3380
vn 0.3620 -0.8702 -0.3341
vn 0.3603 -0.8706 -0.3351
vn 0.4791 -0.8258 -0.2975
vn 0.1419 -0.5312 0.8352
vn 0.4500 -0.8299 -0.3299
vn 0.2883 -0.3633 0.8859
vn 0.6459 0.6097 -0.4594
vn 0.9719 0.0399 -0.2319
vn 0.5864 -0.5029 0.6350
vn 0.0583 -0.3420 0.9379
vn 0.8338 -0.3891 0.3917
vn -0.1379 0.1942 0.9712
vn 0.9474 -0.2825 0.1503
vn 0.0907 -0.9417 0.3238
vn -0.1130 0.1261 0.9856
vn 0.0769 -0.2002 0.9767
vn 0.9590 -0.2770 -0.0598
vn 0.5801 -0.3151 0.7511
vn 0.0284 -0.9205 0.3897
vn -0.5060 -0.2487 0.8259
vn 0.7871 0.5140 -0.3410
vn 0.3633 -0.8692 -0.3354
vn 0.0627 -0.5893 0.8055
vn 0.3828 -0.8500 -0.3619
vn 0.3617 -0.0851 0.9284
vn 0.3349 -0.8916 -0.3049
vn 0.3305 -0.8920 -0.3084
vn 0.3303 -0.8920 -0.3085
vn 0.8781 0.3294 0.3470
vn 0.3765 -0.7725 -0.5114
vn 0.3666 -0.9027 -0.2251
vn 0.4548 -0.8146 -0.3599
vn 0.3705 -0.8780 -0.3032
vn 0.3588 -0.8715 -0.3341
vn 0.3600 -0.8731 -0.3288
vn 0.4008 -0.8530 -0.3342
vn 0.3394 -0.8625 -0.3754
vn 0.8847 0.4661 0.0101
vn 0.3186 -0.7300 -0.6046
vn 0.3353 -0.7776 -0.5319
vn 0.9393 -0.1471 -0.3101
vn 0.2309 -0.7951 0.5608
vn 0.7164 -0.4710 0.5147
vn 0.3783 -0.9214 0.0894
vn 0.3489 -0.8391 -0.4174
vn 0.5169 -0.8350 -0.1887
vn 0.5158 -0.8355 -0.1894
vn 0.5135 -0.8366 -0.1909
vn 0.4640 -0.8754 -0.1356
vn 0.4806 -0.8471 -0.2269
vn 0.5232 -0.8458 -0.1038
vn -0.1280 -0.9198 0.3709
vn 0.7710 0.1173 0.6260
vn 0.8684 0.4529 0.2018
vn 0.8889 -0.0811 0.4508
vn 0.6692 0.5270 0.5238
vn 0.9958 0.0537 -0.0742
vn 0.6611 0.4369 0.6100
vn 0.8002 -0.3100 -0.5134
vn 0.8039 0.2915 0.5184
vn 0.9879 0.0609 0.1430
vn 0.7485 -0.4912 -0.4454
vn 0.9684 -0.1117 0.2229
vn 0.8957 0.0562 -0.4410
vn 0.7125 0.6652 0.2233
vn 0.4831 0.6824 -0.5486
vn 0.4848 0.6789 -0.5515
vn 0.4857 0.6770 -0.5530
vn 0.1275 -0.8041 0.5807
vn 0.5232 -0.8076 -0.2722
vn 0.4821 0.6844 -0.5470
vn 0.3785 0.3286 0.8653
vn 0.7265 -0.3122 -0.6122
vn 0.8208 0.5530 -0.1431
vn 0.6281 -0.5316 -0.5682
vn 0.4563 -0.7825 -0.4237
vn 0.7349 -0.3762 -0.5642
vn 0.6517 -0.2427 -0.7186
vn 0.4100 -0.8631 0.2949
vn 0.6346 0.7659 -0.1036
vn 0.6396 0.6243 -0.4484
vn -0.2646 -0.2756 0.9241
vn 0.5487 -0.7383 -0.3923
vn 0.7224 -0.3253 0.6102
vn 0.6113 -0.7640 -0.2065
vn 0.4174 -0.8128 0.4063
vn 0.5316 -0.7828 -0.3234
vn 0.6307 -0.7157 -0.3001
vn -0.1128 -0.0985 0.9887
vn 0.4974 -0.8561 0.1403
vn 0.9713 -0.1950 -0.1360
vn 0.4631 -0.8730 -0.1529
vn 0.2975 -0.8863 -0.3548
vn 0.1718 -0.9483 -0.2668
vn 0.3090 -0.0248 0.9507
vn 0.8088 -0.4961 0.3158
vn 0.3654 -0.8874 -0.2812
vn 0.8611 -0.4958 0.1131
vn 0.3972 -0.8348 -0.3811
vn 0.7061 0.6213 0.3397
vn 0.4898 -0.7286 -0.4789
vn 0.4347 -0.7962 -0.4208
vn 0.2743 -0.9263 -0.2583
vn 0.2758 -0.9256 -0.2593
vn 0.2760 -0.9254 -0.2598
vn 0.3616 -0.8970 -0.2541
vn 0.2735 -0.9267 -0.2578
vn 0.5223 -0.7608 -0.3853
vn 0.2025 -0.9664 -0.1580
vn 0.2575 -0.9380 -0.2321
vn 0.2956 0.1868 0.9369
vn 0.4371 -0.5190 0.7346
vn 0.4907 -0.7987 -0.3483
vn 0.6340 0.0915 0.7679
vn 0.3845 -0.8532 -0.3524
vn 0.4995 0.0164 0.8662
vn 0.5125 -0.8371 -0.1916
vn 0.6902 -0.0292 -0.7230
vn 0.5589 0.3049 0.7712
vn 0.3414 0.6707 -0.6585
vn -0.8093 0.3242 -0.4899
vn 0.1189 0.1599 -0.9799
vn 0.4404 0.5340 -0.7217
vn 0.2480 -0.8822 -0.4003
vn 0.5452 -0.0432 -0.8372
vn 0.4144 -0.7343 -0.5376
vn 0.4143 -0.7344 -0.5376
vn 0.4143 -0.7345 -0.5375
vn 0.5005 -0.5965 -0.6274
vn 0.5422 -0.5520 -0.6335
vn 0.4330 -0.7337 -0.5236
vn 0.5372 -0.5127 -0.6698
vn -0.4450 -0.2269 -0.8663
vn -0.5758 0.1712 -0.7995
vn -0.3908 -0.9190 0.0527
vn -0.9474 -0.1899 0.2575
vn -0.9144 0.2153 -0.3427
vn -0.1210 0.4728 -0.8728
vn -0.6184 -0.4377 -0.6527
vn -0.0329 0.0012 -0.9995
vn 0.0419 -0.6423 -0.7653
vn -0.9597 0.1605 -0.2308
vn -0.7289 0.3796 -0.5697
vn 0.0839 0.4601 -0.8839
vn 0.3499 -0.8641 -0.3618
vn -0.2664 0.6416 -0.7193
vn -0.8125 -0.0097 -0.5828
vn -0.1489 0.6652 -0.7317
vn -0.8779 -0.3463 0.3307
vn 0.4642 -0.4087 -0.7858
vn 0.3716 -0.8374 -0.4009
vn 0.3307 -0.8482 -0.4137
vn 0.3446 -0.9198 -0.1877
vn 0.4101 -0.7620 -0.5012
vn 0.3617 -0.8904 -0.2763
vn 0.3793 -0.8514 -0.3622
vn -0.0783 -0.9450 -0.3176
vn 0.3404 -0.2044 -0.9178
vn -0.6406 -0.7128 -0.2856
vn 0.3260 -0.7112 -0.6229
vn 0.1044 -0.2350 -0.9664
vn -0.7512 -0.4163 0.5123
vn 0.2309 -0.9606 -0.1547
vn 0.1437 -0.5848 -0.7984
vn 0.3990 -0.8709 -0.2871
vn -0.0496 -0.3462 -0.9368
vn -0.1328 -0.3923 -0.9102
vn 0.1484 -0.8114 -0.5654
vn 0.2890 -0.8081 -0.5133
vn -0.3409 -0.5342 -0.7736
vn -0.3336 0.4160 -0.8460
vn 0.0967 -0.8666 -0.4895
vn 0.0717 0.6983 -0.7122
vn -0.7425 -0.6302 -0.2272
vn -0.9903 -0.1303 -0.0474
vn -0.8224 -0.5667 -0.0496
vn -0.9640 -0.2460 0.1012
vn -0.7524 -0.5493 -0.3635
vn -0.9627 0.1543 0.2224
vn -0.9788 -0.0708 0.1920
vn -0.9758 0.0834 0.2021
vn -0.9419 -0.1802 -0.2834
vn 0.2643 0.4813 -0.8357
vn 0.3605 -0.8628 -0.3544
vn 0.3577 -0.8644 -0.3534
vn 0.3547 -0.8659 -0.3528
vn -0.4985 -0.8512 -0.1641
vn -0.9055 -0.0544 -0.4208
vn -0.3823 -0.9145 -0.1325
vn -0.7584 -0.6356 0.1440
vn 0.2356 -0.8419 -0.4854
vn -0.7895 -0.4045 -0.4615
vn -0.5658 -0.4644 0.6813
vn -0.8658 -0.4484 0.2222
vn -0.9125 0.0687 0.4033
vn 0.1951 -0.8790 -0.4350
vn -0.3595 0.1043 -0.9273
vn -0.7440 -0.5602 0.3642
vn -0.6252 -0.3448 0.7002
vn 0.2052 -0.8703 -0.4477
vn 0.1848 -0.8981 -0.3991
vn -0.7747 -0.6307 0.0459
vn -0.1749 -0.9680 -0.1802
vn 0.1954 -0.9198 -0.3404
vn 0.1939 -0.9204 -0.3396
vn 0.1905 -0.9217 -0.3380
vn 0.2188 -0.9209 -0.3227
vn -0.2674 0.3463 -0.8992
vn -0.5800 0.2744 -0.7670
vn 0.0780 -0.9145 -0.3970
vn -0.7237 0.1327 -0.6773
vn 0.6097 -0.7159 -0.3403
vn 0.5385 -0.7677 -0.3474
vn 0.3794 -0.8476 -0.3710
vn 0.1891 -0.9222 -0.3373
vn -0.6542 -0.5664 0.5012
vn 0.5113 -0.7662 -0.3893
vn 0.3023 -0.8838 -0.3572
vn 0.3505 -0.8366 -0.4210
vn 0.3186 -0.8757 -0.3629
vn 0.3620 -0.8621 -0.3546
vn 0.3620 -0.8622 -0.3545
vn 0.2361 -0.3070 -0.9219
vn 0.3579 -0.8815 -0.3079
vn -0.6182 -0.2613 -0.7413
vn -0.0364 -0.9970 -0.0679
vn 0.3260 -0.8924 -0.3119
vn -0.5104 -0.5656 -0.6478
vn 0.2925 -0.8605 -0.4171
vn 0.3616 -0.8693 -0.3370
vn -0.2490 -0.9290 0.2736
vn -0.2929 -0.4650 -0.8355
vn -0.6487 -0.6601 -0.3786
vn -0.4782 -0.6746 -0.5623
vn -0.4482 -0.8883 0.1002
vn 0.2906 -0.8072 -0.5137
vn 0.3826 -0.8443 -0.3752
vn 0.4532 -0.4563 -0.7658
vn -0.9950 0.0209 -0.0981
vn -0.9763 -0.1965 -0.0910
vn 0.0979 -0.9692 -0.2259
vn 0.9059 0.3296 -0.2660
vn 0.8534 0.4755 -0.2134
vn 0.9130 0.3562 -0.1990
vn 0.8867 0.4505 -0.1041
vn 0.9066 0.3972 -0.1426
vn 0.9043 0.3029 -0.3006
vn 0.8863 0.1686 -0.4313
vn 0.8688 0.1412 -0.4747
vn 0.8478 0.3056 -0.4334
vn 0.9086 0.2494 -0.3349
vn 0.9029 0.2027 -0.3792
vn 0.8156 0.5713 -0.0912
vn 0.7893 0.6082 -0.0847
vn 0.7593 0.6488 -0.0507
vn 0.6760 0.7209 -0.1528
vn 0.7200 0.6935 -0.0250
vn 0.6745 0.7381 -0.0163
vn 0.7611 0.5415 -0.3572
vn 0.8553 0.5108 -0.0872
vn 0.5802 0.2609 -0.7715
vn 0.7827 0.1514 -0.6037
vn 0.6106 0.1029 -0.7852
vn 0.6258 0.7796 -0.0253
vn 0.5529 0.8332 0.0074
vn 0.5996 0.7995 -0.0358
vn 0.4603 0.5808 -0.6714
vn 0.4000 0.7146 -0.5739
vn 0.6135 0.6595 -0.4343
vn 0.3830 0.8639 -0.3270
vn 0.5158 0.7862 -0.3405
vn 0.3033 0.8300 -0.4681
vn 0.7365 0.0546 -0.6742
vn 0.7822 0.0452 -0.6214
vn 0.8508 0.0968 -0.5165
vn 0.7112 0.0496 -0.7013
vn 0.6759 0.0188 -0.7368
vn 0.6449 0.0036 -0.7643
vn 0.6342 0.0016 -0.7732
vn 0.6316 0.0013 -0.7753
vn 0.6186 -0.0000 -0.7857
vn 0.6562 0.5095 -0.5566
vn 0.5138 0.4298 -0.7425
vn 0.7223 0.3431 -0.6004
vn 0.4952 0.8420 -0.2139
vn 0.5638 0.8187 -0.1087
vn 0.8216 0.0595 -0.5670
vn 0.2520 0.8760 -0.4112
vn 0.2531 -0.2884 0.9235
vn 0.3763 -0.3448 0.8599
vn 0.3465 -0.1613 0.9241
vn 0.3158 -0.7486 0.5830
vn 0.3839 -0.6733 0.6319
vn 0.3881 -0.6638 0.6394
vn 0.3420 -0.7342 0.5865
vn 0.6652 -0.4332 0.6082
vn 0.7869 -0.3066 0.5356
vn 0.6918 -0.1672 0.7024
vn 0.1558 0.0474 0.9866
vn 0.1795 -0.1395 0.9738
vn 0.3889 -0.6246 0.6772
vn 0.4441 -0.5279 0.7239
vn 0.3442 -0.5665 0.7487
vn 0.7958 0.0051 0.6055
vn 0.8107 0.2627 0.5231
vn 0.6839 0.1283 0.7182
vn 0.5004 -0.5877 0.6357
vn 0.8729 -0.1235 0.4721
vn 0.2153 -0.2160 0.9524
vn 0.2530 -0.2884 0.9235
vn 0.8269 -0.3975 0.3978
vn 0.8756 -0.3024 0.3766
vn 0.4955 0.2794 0.8225
vn 0.6286 0.3772 0.6801
vn 0.7461 -0.4565 0.4847
vn 0.3328 -0.4933 0.8037
vn 0.9124 0.1019 0.3964
vn 0.9021 0.3210 0.2883
vn 0.6113 -0.5357 0.5825
vn 0.9457 -0.1631 0.2812
vn 0.5485 -0.3358 0.7657
vn 0.5310 -0.0249 0.8470
vn 0.3080 -0.4394 0.8439
vn 0.2725 -0.3636 0.8908
vn 0.4732 0.4232 0.7726
vn 0.5611 0.4947 0.6637
vn 0.2495 0.2506 0.9354
vn 0.3481 0.1409 0.9268
vn -0.3325 0.1133 0.9363
vn -0.2499 0.1054 0.9625
vn -0.3417 0.1115 0.9332
vn -0.4021 0.1369 0.9053
vn -0.4027 0.1643 0.9005
vn -0.1537 0.0941 0.9836
vn -0.0629 0.0839 0.9945
vn -0.1680 0.1034 0.9803
vn 0.9071 -0.0852 -0.4121
vn 0.8712 -0.1135 -0.4776
vn 0.8681 -0.1407 -0.4760
vn 0.8509 -0.1607 -0.5002
vn 0.8508 -0.1607 -0.5002
vn -0.4292 0.1822 0.8847
vn -0.4292 0.1822 0.8846
vn 0.3619 0.3353 0.8698
vn 0.9566 -0.2503 0.1493
vn 0.9849 -0.1361 0.1070
vn -0.0238 0.1082 0.9938
vn -0.0065 0.0484 0.9988
vn 0.0482 -0.0302 0.9984
vn 0.7448 0.5376 0.3953
vn 0.1211 -0.0913 0.9884
vn 0.9765 0.0369 0.2122
vn 0.9833 0.1601 0.0871
vn 0.1178 0.1828 0.9761
vn 0.9854 -0.1701 -0.0005
vn 0.9922 0.1056 -0.0669
vn 0.9849 0.1712 -0.0242
vn 0.9115 -0.3174 0.2617
vn 0.9988 -0.0180 -0.0463
vn 0.9871 -0.0879 -0.1335
vn 0.7184 0.4454 0.5344
vn 0.6166 0.5683 0.5449
vn 0.6500 0.6476 0.3976
vn 0.9831 -0.0289 -0.1806
vn -0.4291 0.1822 0.8847
vn 0.9906 0.0447 -0.1290
vn 0.9403 -0.0716 -0.3328
vn 0.9653 -0.0643 -0.2530
vn 0.9032 -0.0842 -0.4209
vn 0.3153 -0.7709 0.5535
vn 0.9693 -0.0541 -0.2398
vn 0.5761 0.7788 0.2483
vn 0.5388 0.8122 0.2234
vn 0.5693 0.7916 0.2221
vn 0.8020 0.5329 0.2699
vn 0.7424 0.6054 0.2868
vn 0.8444 0.4718 0.2538
vn 0.6812 0.6606 0.3154
vn 0.9508 0.2846 0.1227
vn 0.6356 0.7148 0.2918
vn 0.8872 0.4148 0.2019
vn 0.9270 0.3399 0.1588
vn 0.6367 0.7138 0.2919
vn 0.6355 0.7148 0.2918
vn 0.6366 0.7138 0.2919
vn 0.9696 0.2415 0.0395
vn -0.1190 -0.6375 0.7612
vn 0.0009 -0.5306 0.8477
vn -0.1206 -0.4059 0.9059
vn -0.2912 -0.8207 0.4915
vn -0.2520 -0.8760 0.4112
vn -0.1584 -0.8410 0.5174
vn -0.1857 -0.2523 0.9497
vn -0.3282 -0.3128 0.8913
vn -0.3667 -0.7199 0.5893
vn -0.2901 -0.5187 0.8042
vn -0.0525 -0.7598 0.6481
vn -0.0047 -0.4870 0.8734
vn -0.0654 -0.8325 0.5501
vn 0.0538 -0.8044 0.5917
vn -0.5889 -0.2713 0.7613
vn -0.5312 -0.4228 0.7342
vn 0.0245 -0.5725 0.8195
vn -0.5751 -0.0109 0.8180
vn -0.6160 -0.1010 0.7812
vn -0.5214 -0.0501 0.8518
vn -0.4090 -0.1616 0.8981
vn -0.6037 0.0009 0.7972
vn -0.4548 -0.5865 0.6702
vn -0.4860 -0.0618 0.8718
vn -0.2680 -0.1795 0.9465
vn -0.3584 -0.0758 0.9305
vn -0.4210 -0.0547 0.9054
vn 0.0937 -0.7700 0.6312
vn 0.0735 -0.6974 0.7129
vn 0.0914 -0.7400 0.6663
vn 0.0532 -0.6592 0.7501
vn 0.0423 -0.6182 0.7849
vn -0.0065 -0.4235 0.9059
vn -0.3064 -0.1233 0.9439
vn -0.2292 -0.2187 0.9485
vn -0.1301 -0.2770 0.9520
vn -0.0712 -0.3127 0.9472
vn -0.0287 -0.3631 0.9313
vn 0.1238 -0.8013 0.5853
vn 0.5751 0.0103 -0.8180
vn 0.2688 0.1758 -0.9470
vn 0.3718 0.2457 -0.8952
vn 0.3184 0.1333 -0.9385
vn 0.4790 0.0905 -0.8731
vn 0.5221 0.0478 -0.8516
vn -0.0785 0.7043 -0.7056
vn 0.0326 0.6676 -0.7438
vn -0.0834 0.6574 -0.7489
vn 0.4362 0.0993 -0.8944
vn 0.3757 0.1073 -0.9205
vn 0.1691 0.7624 -0.6247
vn 0.2520 0.6033 -0.7566
vn 0.2449 0.4375 -0.8652
vn 0.1541 0.8463 -0.5100
vn -0.0261 0.7775 -0.6283
vn 0.0604 0.8079 -0.5863
vn 0.0558 0.4667 -0.8826
vn 0.0427 0.3601 -0.9320
vn -0.0151 0.4000 -0.9164
vn -0.0586 0.5164 -0.8543
vn -0.0502 0.4542 -0.8895
vn 0.2301 0.2305 -0.9455
vn 0.2006 0.2806 -0.9386
vn 0.1627 0.3130 -0.9357
vn 0.1144 0.3363 -0.9348
vn -0.0557 0.5683 -0.8209
vn -0.0716 0.7706 -0.6333
vn -0.0599 0.7459 -0.6634
vn -0.1244 0.8011 -0.5854
vn -0.0706 0.6099 -0.7893
vn 0.3364 -0.1123 -0.9350
vn 0.3274 -0.1140 -0.9380
vn 0.3975 -0.1370 -0.9073
vn 0.3977 -0.1640 -0.9027
vn -0.8291 0.3955 -0.3951
vn -0.8778 0.3001 -0.3733
vn -0.9131 0.3154 -0.2583
vn 0.4244 -0.1818 -0.8870
vn 0.2446 -0.1060 -0.9638
vn 0.3273 -0.1139 -0.9380
vn -0.8654 0.1414 0.4808
vn -0.8481 0.1614 0.5047
vn -0.8688 0.1137 0.4820
vn 0.1625 -0.1040 -0.9812
vn 0.0576 -0.0845 -0.9948
vn 0.1485 -0.0947 -0.9844
vn -0.5177 -0.2833 -0.8073
vn -0.3652 -0.3369 -0.8678
vn -0.4800 -0.4226 -0.7688
vn 0.0188 -0.1092 -0.9938
vn 0.0019 -0.0488 -0.9988
vn -0.6087 -0.5881 -0.5326
vn -0.6473 -0.4389 -0.6232
vn -0.5424 -0.5017 -0.6739
vn -0.1225 -0.1842 -0.9752
vn -0.1603 -0.0482 -0.9859
vn -0.7468 -0.5321 -0.3989
vn -0.7991 -0.2658 -0.5392
vn -0.4984 0.5479 -0.6719
vn -0.4998 0.6192 -0.6057
vn -0.3824 0.6786 -0.6271
vn -0.0526 0.0300 -0.9982
vn -0.2536 -0.2521 -0.9339
vn -0.3524 -0.1420 -0.9250
vn -0.5334 0.0215 -0.8456
vn -0.9836 -0.1600 -0.0833
vn -0.9776 -0.0378 -0.2072
vn -0.9029 -0.3203 -0.2867
vn -0.7040 0.1546 -0.6932
vn -0.7893 0.3042 -0.5334
vn -0.6793 0.4198 -0.6019
vn -0.3506 0.1719 -0.9206
vn -0.2185 0.2160 -0.9516
vn -0.1829 0.1395 -0.9732
vn -0.8684 0.1028 -0.4850
vn -0.1250 0.0912 -0.9880
vn -0.9854 0.1355 -0.1031
vn -0.9471 0.1614 -0.2774
vn -0.7193 -0.1024 -0.6871
vn -0.9073 -0.0946 -0.4097
vn -0.3177 0.7698 -0.5536
vn -0.3442 0.7332 -0.5865
vn -0.3182 0.7476 -0.5830
vn -0.9856 0.1687 0.0049
vn -0.9986 0.0176 0.0507
vn -0.9865 0.0871 0.1385
vn -0.3899 0.6629 -0.6392
vn -0.3934 0.6163 -0.6822
vn -0.7485 0.4547 -0.4828
vn -0.3026 0.3435 -0.8891
vn -0.3891 0.4219 -0.8189
vn -0.2695 0.2891 -0.9186
vn -0.3713 0.5598 -0.7408
vn -0.3274 0.5067 -0.7975
vn -0.5451 0.3259 -0.7724
vn -0.3009 0.4311 -0.8506
vn -0.6287 0.5416 -0.5580
vn -0.7427 -0.6059 -0.2851
vn -0.8024 -0.5332 -0.2681
vn -0.6505 -0.6489 -0.3948
vn -0.6815 -0.6613 -0.3135
vn -0.8450 -0.4717 -0.2520
vn -0.8878 -0.4146 -0.2000
vn -0.9512 -0.2842 -0.1202
vn -0.6352 -0.7162 -0.2891
vn -0.6367 -0.7145 -0.2901
vn -0.9849 -0.1708 0.0278
vn -0.9919 -0.1054 0.0708
vn -0.5385 -0.8131 -0.2210
vn -0.5759 -0.7796 -0.2461
vn -0.5690 -0.7924 -0.2197
vn -0.9698 -0.2413 -0.0362
vn -0.9576 0.2488 -0.1456
vn -0.9901 -0.0445 0.1334
vn -0.9275 -0.3394 -0.1565
vn -0.9823 0.0287 0.1852
vn -0.9680 0.0537 0.2450
vn -0.9639 0.0640 0.2584
vn -0.9385 0.0713 0.3379
vn -0.9049 0.0849 0.4171
vn -0.9008 0.0837 0.4260
vn -0.7880 -0.6036 0.1214
vn -0.7186 -0.6954 0.0067
vn -0.6370 -0.7652 0.0939
vn -0.7496 -0.6617 0.0156
vn -0.8284 -0.5588 0.0383
vn -0.7925 -0.6096 0.0153
vn -0.5721 -0.8202 0.0061
vn -0.6228 -0.7822 -0.0173
vn -0.6732 -0.7392 -0.0173
vn -0.5477 -0.8318 0.0898
vn -0.5621 -0.8270 0.0089
vn -0.6815 -0.6738 0.2856
vn -0.8537 -0.5142 0.0824
vn -0.9236 -0.2934 0.2466
vn -0.8884 -0.2799 0.3637
vn -0.9298 -0.2355 0.2827
vn -0.8701 -0.4779 0.1207
vn -0.8453 -0.4693 0.2555
vn -0.8895 -0.4324 0.1476
vn -0.9045 -0.3845 0.1845
vn -0.9124 -0.3444 0.2212
vn -0.7793 -0.1550 0.6072
vn -0.7066 -0.0444 0.7062
vn -0.7885 -0.3013 0.5362
vn -0.7686 -0.4822 0.4204
vn -0.4967 -0.8050 0.3243
vn -0.8616 -0.1466 0.4860
vn -0.8708 -0.1693 0.4615
vn -0.9223 -0.1935 0.3346
vn -0.9018 -0.1716 0.3966
vn -0.6647 -0.4718 0.5793
vn -0.5866 -0.6561 0.4749
vn -0.3703 -0.8705 0.3243
vn -0.4860 -0.8500 0.2031
vn -0.8449 -0.0855 0.5280
vn -0.7763 -0.0365 0.6293
vn -0.8155 -0.0494 0.5767
vn -0.7315 -0.0474 0.6802
vn -0.6751 -0.0186 0.7375
vn -0.6371 -0.0027 0.7707
vn -0.6331 -0.0020 0.7740
vn -0.6487 -0.0054 0.7611
vn -0.6302 -0.0017 0.7764
vn 0.8120 0.0070 0.5836
vn -0.1530 0.9684 0.1968
vn -0.4205 0.8481 0.3224
vn -0.2954 0.9448 0.1417
vn 0.5755 -0.1746 0.7989
vn -0.2467 0.9078 0.3392
vn -0.4145 0.7653 0.4926
vn -0.3090 0.8408 0.4444
vn -0.2428 0.1770 0.9538
vn -0.4276 0.7460 0.5105
vn -0.3780 0.6923 0.6147
vn 0.7274 -0.3826 0.5697
vn -0.1499 0.8109 0.5657
vn -0.2345 0.5434 0.8060
vn -0.3816 0.8469 0.3704
vn 0.5179 0.5557 0.6504
vn -0.3389 0.8413 0.4211
vn -0.3391 0.8420 0.4197
vn -0.3387 0.8410 0.4219
vn -0.3502 0.8626 0.3652
vn -0.1253 0.5955 0.7935
vn 0.7920 0.3987 0.4624
vn -0.0028 -0.7561 0.6545
vn 0.3044 0.4472 0.8411
vn -0.0811 0.2837 0.9555
vn 0.9134 -0.2174 0.3442
vn -0.1296 -0.0644 0.9895
vn -0.0976 0.8661 0.4903
vn -0.4651 0.4613 0.7556
vn 0.4257 -0.2588 0.8671
vn -0.4293 0.7295 0.5325
vn -0.4784 0.6729 0.5642
vn -0.3940 0.8407 0.3714
vn -0.3927 0.8419 0.3702
vn -0.3965 0.8387 0.3735
vn -0.3410 -0.6716 0.6578
vn -0.5564 0.0379 0.8300
vn -0.4250 0.7986 0.4261
vn -0.2830 -0.2117 0.9355
vn -0.2346 -0.5466 0.8038
vn 0.4379 0.2347 0.8679
vn 0.1075 -0.7032 0.7028
vn -0.3863 0.8776 0.2837
vn 0.9417 0.1781 0.2854
vn 0.1977 -0.1879 0.9621
vn 0.9727 0.1483 -0.1784
vn 0.1464 0.4148 0.8981
vn 0.8086 -0.3254 0.4902
vn 0.0223 0.2969 0.9546
vn 0.7225 -0.1338 0.6783
vn 0.9713 0.2149 0.1018
vn 0.6139 0.4408 0.6549
vn 0.5671 0.4624 -0.6816
vn 0.9048 0.0530 0.4226
vn 0.1757 0.3582 0.9170
vn 0.6517 0.6561 0.3806
vn 0.6218 0.2525 0.7414
vn -0.0781 0.9141 0.3979
vn -0.2337 -0.5537 0.7993
vn -0.2843 0.8078 0.5164
vn -0.6009 0.7230 0.3408
vn -0.5085 0.7873 0.3487
vn -0.2350 0.8420 0.4856
vn 0.0381 0.9447 0.3258
vn -0.3978 0.8375 0.3746
vn -0.1951 0.8789 0.4353
vn -0.3618 0.8713 0.3316
vn 0.1680 -0.4931 0.8536
vn 0.8384 0.5447 0.0221
vn 0.7603 0.5279 -0.3785
vn 0.0551 0.9774 0.2041
vn -0.2601 0.9020 0.3446
vn -0.2315 0.9603 0.1557
vn -0.5115 0.7567 0.4073
vn -0.0502 -0.5347 0.8435
vn -0.4217 0.8273 0.3712
vn 0.4240 -0.3552 0.8331
vn -0.3218 0.8785 0.3532
vn 0.7667 0.6416 -0.0234
vn 0.0812 0.9530 0.2919
vn 0.5719 -0.4390 0.6929
vn -0.3393 0.8423 0.4189
vn -0.3304 0.8920 0.3084
vn -0.3354 0.8909 0.3063
vn -0.3259 0.8925 0.3119
vn -0.3620 0.8314 0.4217
vn 0.9382 0.3393 -0.0689
vn 0.4589 0.8194 0.3436
vn 0.0974 -0.4214 0.9016
vn 0.9591 -0.1613 0.2326
vn 0.7999 0.5721 0.1814
vn 0.2354 0.9682 -0.0848
vn 0.9670 -0.1376 -0.2146
vn 0.9812 -0.0445 -0.1877
vn 0.4760 0.6742 0.5647
vn -0.4880 0.0061 0.8728
vn 0.5306 0.8353 0.1443
vn -0.2243 0.9213 0.3175
vn 0.9155 -0.0499 -0.3993
vn -0.2724 0.8986 0.3440
vn 0.9283 0.0797 -0.3632
vn 0.9274 0.1871 -0.3239
vn 0.6539 0.5674 -0.5005
vn -0.2057 0.8693 0.4494
vn 0.6689 0.7282 -0.1497
vn -0.1850 0.8976 0.4001
vn 0.7666 0.3882 -0.5116
vn 0.6253 0.3448 -0.7001
vn -0.2892 0.8602 0.4200
vn -0.3182 0.7930 0.5195
vn -0.3353 0.1080 0.9359
vn 0.2493 0.9290 -0.2734
vn -0.5061 -0.4190 0.7539
vn -0.2471 0.8821 0.4011
vn 0.7120 0.5948 0.3732
vn -0.5610 0.5081 0.6535
vn 0.3392 0.5328 0.7753
vn 0.1762 0.9779 0.1126
vn 0.1761 0.9651 0.1938
vn 0.9927 0.1158 0.0322
vn 0.9960 -0.0511 0.0732
vn -0.0302 0.9213 -0.3877
vn -0.9968 0.0364 -0.0717
vn -0.6762 -0.5504 -0.4897
vn -0.3766 0.7629 0.5255
vn -0.3348 0.8916 0.3048
vn -0.9660 -0.1042 0.2366
vn -0.3605 0.8702 0.3359
vn -0.3617 0.8686 0.3386
vn -0.3641 0.8689 0.3353
vn -0.7510 -0.5834 0.3091
vn -0.3707 0.8767 0.3066
vn -0.3497 0.9316 -0.0988
vn -0.1348 0.0650 -0.9887
vn -0.7045 -0.6857 -0.1831
vn -0.3204 0.7367 0.5955
vn -0.9161 0.0081 0.4009
vn -0.3628 0.9021 0.2339
vn 0.1605 0.1661 -0.9730
vn -0.0746 0.9371 -0.3411
vn -0.4374 0.8963 0.0727
vn -0.4299 0.7750 -0.4633
vn 0.2628 0.2707 -0.9261
vn -0.3406 0.7957 0.5009
vn -0.4509 0.8231 0.3453
vn -0.5362 -0.3562 -0.7653
vn -0.3646 0.8941 0.2603
vn -0.3800 0.8621 0.3352
vn 0.1279 0.9198 -0.3710
vn -0.6873 -0.6656 0.2908
vn -0.3787 0.9240 -0.0524
vn -0.3622 0.8699 0.3348
vn -0.2004 0.1529 -0.9677
vn -0.8956 0.1038 0.4326
vn 0.0044 0.6690 -0.7433
vn 0.2864 0.4898 -0.8234
vn 0.1157 0.4065 -0.9063
vn -0.3829 0.8497 0.3626
vn 0.4977 0.3324 -0.8011
vn -0.9517 0.1358 0.2755
vn 0.5058 0.2493 -0.8258
vn 0.3138 -0.0812 -0.9460
vn -0.1270 0.8119 -0.5699
vn -0.6538 -0.7445 0.1354
vn -0.3591 0.8711 0.3349
vn -0.8517 -0.3769 -0.3640
vn 0.0761 0.1035 -0.9917
vn -0.3422 0.8723 0.3491
vn 0.1289 -0.1783 -0.9755
vn 0.0956 -0.0867 -0.9916
vn -0.2160 0.9427 -0.2543
vn -0.0360 0.2848 -0.9579
vn -0.2398 0.7976 -0.5535
vn -0.9908 -0.1339 0.0196
vn -0.1318 0.4966 -0.8579
vn -0.1668 -0.1034 -0.9806
vn -0.9772 0.2119 -0.0146
vn -0.0849 0.5996 -0.7958
vn -0.2891 0.5206 -0.8033
vn -0.5930 0.1902 -0.7824
vn -0.8214 0.0622 0.5670
vn -0.6419 0.7633 -0.0726
vn -0.4688 0.5397 -0.6993
vn -0.6247 0.7385 0.2536
vn -0.4067 0.8808 0.2425
vn -0.5979 0.7654 -0.2381
vn -0.9549 0.2234 0.1958
vn -0.5161 0.8348 0.1915
vn -0.5150 0.8349 0.1943
vn -0.5153 0.8349 0.1935
vn -0.9026 0.3117 -0.2970
vn -0.9030 0.3089 -0.2985
vn -0.9017 0.3165 -0.2944
vn -0.5893 0.7904 0.1675
vn -0.5818 -0.1515 -0.7991
vn -0.8224 0.1431 -0.5507
vn -0.9398 0.3351 -0.0668
vn -0.6256 0.6962 0.3521
vn -0.8176 0.3501 -0.4571
vn -0.3280 0.8498 0.4125
vn -0.5109 0.7531 0.4145
vn -0.2743 0.9265 0.2576
vn -0.2740 0.9266 0.2574
vn -0.0641 0.9784 -0.1968
vn -0.3605 0.8727 0.3292
vn -0.2077 0.9640 0.1661
vn -0.4378 0.8146 0.3806
vn -0.1639 0.9513 0.2610
vn -0.3716 0.8507 0.3719
vn -0.3759 0.1093 -0.9202
vn -0.2694 0.9300 0.2500
vn -0.3143 0.8645 0.3924
vn -0.6522 0.4608 0.6019
vn -0.4585 0.8042 0.3781
vn -0.5165 0.8348 0.1906
vn -0.2746 0.9264 0.2578
vn -0.9519 -0.0058 -0.3062
vn -0.8283 -0.2498 -0.5015
vn -0.4659 0.8565 0.2221
vn -0.5910 -0.4607 -0.6622
vn -0.7033 -0.6033 -0.3760
vn -0.6396 0.6656 -0.3845
vn -0.3606 0.0138 -0.9326
vn -0.8954 -0.4068 -0.1812
vn -0.5305 0.7922 0.3017
vn -0.8395 -0.5194 0.1596
vn -0.4701 0.7799 0.4133
vn -0.5292 0.7707 0.3549
vn -0.7127 0.3789 -0.5903
vn -0.4738 0.6576 -0.5857
vn -0.6762 0.4326 0.5963
vn -0.6889 -0.7220 -0.0648
vn -0.5893 0.4529 0.6690
vn -0.6360 0.5607 0.5303
vn -0.4613 0.8323 0.3074
vn -0.6978 -0.5090 0.5040
vn -0.6417 -0.5885 0.4918
vn -0.6851 0.0255 0.7280
vn -0.4814 -0.6853 0.5465
vn -0.8546 -0.5183 -0.0321
vn -0.3443 0.9152 0.2093
vn -0.5147 0.8205 0.2487
vn -0.4920 0.7240 0.4834
vn -0.4085 0.8144 0.4121
vn -0.7676 0.3863 0.5114
vn -0.5300 0.7969 0.2899
vn -0.5653 -0.4349 0.7009
vn -0.6344 -0.0944 -0.7672
vn -0.7268 -0.2053 -0.6554
vn -0.9013 0.3193 -0.2928
vn -0.5477 0.0883 0.8320
vn -0.6231 0.1533 0.7670
vn -0.4703 0.3534 0.8087
vn 0.4397 0.8663 0.2370
vn 0.5539 0.8132 0.1786
vn 0.4166 0.8882 0.1939
vn -0.6210 0.1970 0.7587
vn -0.5626 0.2405 0.7909
vn -0.5101 0.1837 0.8403
vn -0.4380 0.0851 0.8949
vn -0.4135 0.2225 0.8829
vn -0.3624 0.2320 0.9027
vn -0.1463 0.3664 0.9189
vn -0.0251 0.4242 0.9052
vn -0.0402 0.3119 0.9493
vn -0.4451 0.1553 0.8819
vn -0.3217 0.2627 0.9097
vn -0.2734 0.1931 0.9423
vn -0.1639 0.2566 0.9525
vn -0.4724 0.1966 0.8592
vn -0.4564 0.3421 0.8214
vn -0.2433 0.2248 0.9435
vn -0.3611 0.1798 0.9150
vn -0.6226 0.1685 0.7642
vn 0.1029 0.3470 0.9322
vn 0.0839 0.4862 0.8698
vn -0.6227 0.1598 0.7660
vn 0.4206 0.8613 0.2851
vn 0.4542 0.8721 0.1819
vn 0.4963 0.7819 0.3773
vn 0.3245 0.8246 0.4633
vn 0.4239 0.7907 0.4418
vn 0.4002 0.8940 0.2015
vn 0.2793 0.4891 0.8263
vn 0.2396 0.4688 0.8502
vn 0.2328 0.6065 0.7602
vn -0.0020 0.3345 0.9424
vn -0.1156 0.4633 0.8786
vn -0.0815 0.3011 0.9501
vn 0.4829 0.7703 0.4165
vn 0.6590 0.6900 0.2995
vn 0.5477 0.7802 0.3023
vn -0.4259 0.2570 0.8675
vn 0.3714 0.7370 0.5647
vn 0.4391 0.6414 0.6291
vn 0.4185 0.6143 0.6690
vn -0.2170 0.2732 0.9372
vn 0.0484 0.3412 0.9387
vn 0.3799 0.7529 0.5375
vn 0.4932 0.7312 0.4713
vn 0.4677 0.6491 0.5999
vn 0.1851 0.5539 0.8118
vn 0.2042 0.4469 0.8710
vn 0.4483 0.8072 0.3839
vn 0.3224 0.4965 0.8060
vn 0.2677 0.6210 0.7367
vn 0.3906 0.5938 0.7035
vn 0.3350 0.6895 0.6421
vn 0.4353 0.8348 0.3371
vn 0.3539 0.5523 0.7548
vn 0.3409 0.6019 0.7221
vn 0.2437 0.7067 0.6642
vn 0.4801 0.6986 0.5305
vn 0.4410 0.7442 0.5017
vn 0.4373 0.8801 0.1849
vn -0.1810 0.3630 0.9140
vn -0.2432 0.2249 0.9435
vn 0.0899 0.5802 0.8095
vn 0.4703 0.8417 0.2652
vn 0.0303 0.4751 0.8794
vn 0.1461 0.4034 0.9033
vn 0.1611 0.4460 0.8804
vn -0.2548 0.2974 0.9201
vn -0.1040 0.1432 0.9842
vn 0.3539 0.5522 0.7548
vn 0.4207 0.8612 0.2851
vn 0.4407 0.8976 0.0118
vn 0.4547 0.8904 0.0218
vn 0.3661 0.9305 -0.0107
vn 0.4528 0.8914 0.0196
vn 0.4392 0.8977 0.0340
vn 0.4140 0.9056 -0.0925
vn 0.3563 0.9271 -0.1166
vn 0.3666 0.9304 0.0027
vn 0.4163 0.9087 0.0315
vn 0.2474 0.9242 -0.2909
vn 0.3392 0.9181 -0.2053
vn 0.2149 0.9594 -0.1825
vn 0.3421 0.9255 -0.1626
vn 0.3824 0.9227 -0.0490
vn 0.1804 0.9569 -0.2274
vn 0.2430 0.9564 -0.1622
vn 0.1939 0.9383 -0.2863
vn 0.1442 0.9435 -0.2982
vn 0.1317 0.9500 -0.2832
vn 0.2442 0.9436 -0.2236
vn 0.2248 0.9734 -0.0434
vn -0.2764 0.7765 -0.5662
vn -0.2818 0.8538 -0.4378
vn -0.2729 0.8450 -0.4599
vn -0.3302 0.8170 -0.4727
vn -0.4452 0.7918 -0.4182
vn -0.3617 0.7816 -0.5082
vn -0.2711 0.8364 -0.4764
vn -0.3791 0.8336 -0.4017
vn -0.8520 0.2819 0.4411
vn -0.9295 0.0784 0.3603
vn -0.8836 0.3255 0.3365
vn -0.4188 0.7517 -0.5094
vn -0.4999 0.7704 -0.3958
vn -0.5214 0.7465 -0.4134
vn -0.5629 0.6690 -0.4855
vn -0.7201 0.5832 -0.3759
vn -0.7873 0.5718 -0.2306
vn -0.7648 0.5405 -0.3507
vn -0.4772 0.7099 -0.5180
vn -0.4260 0.8456 -0.3216
vn -0.7276 0.6115 -0.3109
vn -0.6877 0.6348 -0.3522
vn -0.2876 0.8591 -0.4234
vn -0.6016 0.6968 -0.3905
vn -0.3617 0.7816 -0.5081
vn -0.8430 0.4649 -0.2705
vn -0.6505 0.6602 -0.3754
vn -0.6444 0.6015 -0.4722
vn -0.5847 0.6168 -0.5269
vn -0.9134 0.3312 0.2367
vn -0.9277 0.2492 0.2780
vn -0.9311 0.1989 0.3058
vn -0.8892 0.4269 0.1643
vn -0.9539 0.2930 0.0643
vn -0.9529 0.2663 0.1453
vn -0.7974 0.5666 -0.2077
vn -0.8417 0.5027 -0.1971
vn -0.8713 0.4461 -0.2046
vn -0.6657 0.4891 -0.5635
vn -0.7201 0.5832 -0.3760
vn -0.6962 0.5963 -0.3997
vn -0.7793 0.5495 -0.3012
vn -0.8458 0.3886 -0.3656
vn -0.7185 0.6600 -0.2193
vn -0.8510 0.5061 -0.1399
vn -0.8967 0.4415 -0.0324
vn -0.9060 0.3984 -0.1431
vn -0.9198 0.3841 0.0806
vn -0.9208 0.3325 0.2038
vn -0.9562 0.2735 0.1042
vn -0.9486 0.2195 0.2278
vn -0.9528 0.3006 -0.0418
vn -0.8401 0.1920 0.5074
vn -0.7944 0.2369 0.5593
vn -0.9008 0.4332 0.0314
vn -0.9515 0.3071 0.0202
vn -0.7811 0.1162 0.6136
vn -0.8786 0.4494 -0.1617
vn -0.8962 0.2500 0.3665
vn -0.7242 0.1972 0.6608
vn -0.9765 0.1210 0.1782
vn -0.8301 0.0140 0.5574
vn -0.8786 0.1426 0.4557
vn -0.9089 0.4129 -0.0583
vn -0.9363 0.3249 -0.1333
vn -0.7463 0.2043 0.6335
vn -0.8926 0.1609 0.4211
vn -0.7276 0.1335 0.6729
vn -0.6715 0.2277 0.7052
vn -0.6944 0.0809 0.7151
vn -0.8380 0.1559 0.5230
vn -0.8133 0.2666 0.5172
vn -0.8926 0.1610 0.4211
vn -0.2712 0.8364 -0.4764
vn -0.0151 0.9231 -0.3842
vn 0.0471 0.9275 -0.3708
vn 0.0620 0.9470 -0.3152
vn 0.0407 0.9295 -0.3667
vn -0.0675 0.8944 -0.4422
vn 0.0425 0.8915 -0.4510
vn 0.1118 0.9325 -0.3433
vn 0.1000 0.9335 -0.3443
vn 0.1296 0.9070 -0.4006
vn -0.0412 0.9059 -0.4216
vn -0.0730 0.8996 -0.4306
vn -0.1083 0.8638 -0.4921
vn -0.1085 0.9076 -0.4056
vn -0.1162 0.8812 -0.4583
vn -0.1066 0.8669 -0.4870
vn -0.1093 0.8633 -0.4927
vn 0.1051 -0.5635 0.8194
vn 0.8699 0.4082 0.2769
vn -0.3825 0.8429 0.3785
vn -0.3824 0.8429 0.3785
vn -0.3814 0.8416 0.3824
vn -0.2404 0.9390 -0.2460
vn -0.2819 0.9523 0.1164
vn 0.7963 0.0208 0.6045
vn -0.3738 0.8655 0.3334
vn -0.3739 0.8654 0.3336
vn -0.3748 0.8647 0.3344
vn -0.3738 0.9271 0.0269
vn -0.3835 0.8122 0.4396
vn -0.5141 -0.0540 0.8560
vn -0.5222 0.8477 0.0929
vn 0.7975 0.2649 -0.5420
vn -0.3505 0.8732 0.3387
vn -0.3523 0.8730 0.3373
vn -0.6849 0.7266 0.0547
vn -0.4010 0.8531 0.3338
vn -0.4019 0.8522 0.3351
vn -0.0701 -0.9179 0.3907
vn -0.5828 0.7474 0.3191
vn -0.3415 0.8740 0.3457
vn -0.3141 0.8512 0.4205
vn -0.3161 0.8514 0.4185
vn -0.3107 0.8508 0.4238
vn -0.5009 0.8131 0.2965
vn 0.1925 -0.3049 0.9327
vn -0.3250 0.8971 0.2995
vn 0.8722 0.2574 -0.4160
vn -0.3298 0.8741 0.3566
vn 0.0606 -0.2531 0.9655
vn -0.2729 -0.4295 0.8608
vn 0.9697 -0.2340 0.0697
vn -0.3954 -0.5100 0.7639
vn 0.6548 0.6724 0.3451
vn 0.7027 0.3297 0.6305
vn -0.2520 0.2226 0.9418
vn 0.6557 0.4519 0.6048
vn 0.0335 -0.7865 0.6167
vn 0.9995 -0.0068 -0.0309
vn 0.1122 0.9307 0.3483
vn -0.5433 0.4170 0.7286
vn 0.1802 -0.0513 0.9823
vn 0.2385 -0.4258 0.8728
vn 0.0778 0.9321 0.3537
vn 0.2570 0.8981 0.3570
vn -0.0547 0.7622 0.6450
vn 0.9352 0.3274 0.1352
vn 0.6513 -0.0030 0.7588
vn -0.0861 0.9859 0.1437
vn 0.4154 -0.1124 0.9027
vn -0.3493 0.8686 0.3516
vn 0.8718 0.2532 0.4194
vn -0.2881 -0.2545 0.9232
vn -0.1433 0.9344 0.3262
vn 0.8743 0.0347 0.4841
vn -0.6032 0.7115 0.3605
vn 0.0598 0.9892 0.1337
vn -0.5467 0.0253 0.8370
vn -0.5233 0.7708 0.3634
vn -0.3750 0.8645 0.3346
vn -0.0390 0.1691 0.9848
vn 0.0879 0.9559 0.2803
vn -0.3702 0.8573 0.3578
vn 0.0086 0.7775 0.6288
vn -0.1958 0.9284 0.3159
vn -0.4399 0.8959 -0.0617
vn -0.5447 0.8257 0.1464
vn 0.0035 0.9868 0.1620
vn -0.5844 0.6919 0.4239
vn -0.4801 0.7677 0.4244
vn 0.3792 0.9081 0.1775
vn -0.0858 0.9953 0.0442
vn -0.6223 0.7394 0.2570
vn -0.5751 0.6298 0.5221
vn -0.4143 0.8284 0.3771
vn -0.4077 0.8301 0.3804
vn -0.4091 0.8296 0.3801
vn 0.9273 0.2986 -0.2256
vn -0.4881 0.8066 0.3335
vn 0.4014 0.5455 0.7357
vn 0.1241 0.9765 0.1762
vn 0.7589 -0.5130 0.4011
vn 0.9829 -0.1742 -0.0603
vn 0.6464 0.7386 -0.1917
vn 0.9784 -0.0879 0.1872
vn 0.9638 0.0830 -0.2535
vn 0.9365 0.2950 -0.1898
vn -0.2427 0.9167 0.3174
vn -0.2397 0.9179 0.3162
vn -0.2479 0.9146 0.3196
vn 0.5047 0.6404 -0.5790
vn -0.0186 0.7264 0.6870
vn 0.8069 0.5807 0.1082
vn 0.5833 0.4984 -0.6413
vn 0.5834 0.4982 -0.6414
vn 0.7606 -0.1637 -0.6283
vn -0.3641 0.8958 0.2547
vn 0.6063 0.6957 -0.3852
vn -0.4516 0.7935 0.4080
vn 0.8750 0.1314 -0.4659
vn 0.0903 0.9020 0.4223
vn 0.8706 0.3919 -0.2972
vn 0.7004 0.2059 -0.6834
vn 0.5673 -0.0213 0.8232
vn -0.2630 0.7704 0.5807
vn 0.3121 0.2488 0.9169
vn 0.2977 0.9382 -0.1764
vn -0.3916 0.8393 0.3771
vn 0.7087 -0.0626 -0.7028
vn -0.5665 0.7408 0.3608
vn -0.3780 0.8421 0.3846
vn -0.3739 0.8425 0.3878
vn -0.4369 0.8712 0.2240
vn 0.9772 -0.0768 -0.1979
vn -0.2948 0.8806 0.3711
vn -0.3100 0.8702 0.3830
vn -0.4885 0.8386 0.2412
vn -0.2395 0.7388 0.6300
vn -0.2512 0.9132 0.3210
vn -0.3027 0.8983 0.3184
vn 0.4950 -0.6810 0.5397
vn 0.6407 -0.3059 0.7042
vn -0.3631 0.8505 0.3806
vn -0.3637 0.8501 0.3808
vn -0.3690 0.8471 0.3823
vn -0.3849 0.8030 0.4550
vn -0.4124 0.8050 0.4264
vn -0.6777 0.1428 0.7213
vn -0.2154 0.5470 0.8090
vn -0.0895 -0.6524 0.7526
vn 0.3183 -0.0733 0.9451
vn 0.2355 -0.8370 0.4939
vn -0.4293 0.6559 0.6209
vn -0.4219 0.7636 0.4887
vn -0.4250 0.4601 0.7795
vn 0.7014 0.1615 -0.6942
vn -0.1622 -0.2067 0.9649
vn 0.0558 -0.4408 0.8959
vn -0.4155 0.8283 0.3759
vn -0.2401 0.9269 0.2883
vn 0.2976 0.4884 0.8203
vn -0.3087 0.8505 0.4259
vn -0.3587 0.7197 0.5945
vn -0.3587 0.7198 0.5943
vn -0.4218 0.4365 0.7947
vn -0.4216 0.4339 0.7962
vn -0.4222 0.4412 0.7919
vn 0.9307 0.3656 0.0122
vn 0.0203 0.8390 0.5437
vn 0.6160 0.4988 -0.6097
vn 0.5752 0.4978 -0.6491
vn 0.6640 0.6371 -0.3914
vn 0.4025 0.8313 0.3833
vn 0.0984 0.8145 0.5718
vn -0.5941 0.7735 0.2205
vn -0.4002 0.8540 0.3324
vn -0.5466 0.2289 0.8055
vn -0.5465 0.2291 0.8055
vn -0.5465 0.2294 0.8054
vn -0.5308 0.7446 0.4048
vn -0.5362 0.7161 0.4469
vn -0.5050 0.8212 0.2656
vn -0.2357 0.8789 0.4147
vn -0.3044 0.8597 0.4101
vn -0.4620 0.8548 0.2364
vn -0.2247 0.8509 0.4749
vn -0.1846 0.8455 0.5011
vn 0.1997 0.6868 0.6989
vn -0.2302 0.8154 0.5311
vn 0.7301 0.0971 0.6764
vn 0.4034 -0.3969 0.8244
vn 0.1487 0.6126 0.7763
vn -0.1382 0.4076 0.9027
vn 0.1802 0.5494 0.8159
vn 0.0637 0.5187 0.8526
vn 0.1394 -0.1937 0.9711
vn -0.1793 0.5307 0.8284
vn -0.3023 0.8647 0.4012
vn -0.1351 0.8628 0.4871
vn -0.0863 0.8868 0.4540
vn 0.3475 0.7903 0.5046
vn 0.1540 0.8522 0.5000
vn 0.9121 0.2804 0.2990
vn 0.7879 0.4788 -0.3873
vn 0.7958 0.4986 -0.3436
vn 0.9477 -0.0599 -0.3136
vn 0.1194 0.9924 -0.0294
vn 0.8043 -0.0491 -0.5922
vn -0.2197 0.9458 0.2391
vn 0.1716 0.9843 0.0412
vn 0.0604 0.9939 -0.0923
vn -0.1635 0.0473 0.9854
vn -0.0399 0.5132 0.8574
vn 0.9029 0.4045 0.1456
vn 0.5335 0.8374 0.1191
vn -0.1993 0.7123 0.6730
vn 0.2311 -0.4307 0.8724
vn 0.3813 -0.4573 0.8034
vn 0.6674 0.4583 0.5870
vn 0.8888 0.3292 0.3187
vn -0.0062 0.8777 0.4792
vn -0.1805 0.8678 0.4630
vn 0.8247 0.1944 -0.5311
vn 0.6601 0.5217 -0.5405
vn 0.4901 0.7892 -0.3701
vn 0.1339 0.9849 -0.1098
vn 0.5834 0.4983 -0.6413
vn 0.6104 0.6414 -0.4648
vn 0.4833 0.8571 -0.1785
vn -0.0263 0.9989 0.0400
vn 0.1597 0.9627 -0.2185
vn 0.2265 0.9731 0.0430
vn 0.1771 0.9628 -0.2041
vn 0.3814 0.8865 -0.2621
vn 0.6685 0.6620 -0.3390
vn 0.4481 0.8856 -0.1218
vn 0.8277 0.5292 -0.1867
vn 0.1549 0.9689 0.1932
vn 0.1574 0.9686 0.1925
vn 0.1565 0.9687 0.1927
vn 0.1541 0.9689 0.1935
vn -0.1442 0.9589 0.2445
vn 0.3658 0.2682 0.8912
vn 0.6085 -0.0226 0.7933
vn -0.3300 0.8747 0.3550
vn -0.2519 0.9340 0.2535
vn -0.4224 0.4441 0.7901
vn -0.5542 0.2283 0.8004
vn -0.0591 -0.2691 0.9613
vn -0.1324 0.3417 0.9304
vn -0.3552 0.0312 0.9343
vn -0.4035 0.1730 0.8985
vn 0.2276 -0.8324 0.5052
vn -0.2732 -0.0887 0.9578
vn 0.0762 -0.8354 0.5443
vn -0.0516 -0.2152 0.9752
vn 0.1665 0.9628 -0.2129
vn 0.3851 -0.7702 0.5084
vn 0.4078 -0.3422 0.8465
vn 0.3950 -0.1961 0.8975
vn 0.6339 -0.5825 0.5087
vn 0.5297 -0.7664 0.3634
vn 0.5943 -0.3377 0.7299
vn 0.4403 -0.0610 0.8958
vn 0.3591 0.4080 0.8394
vn 0.2203 0.3699 0.9026
vn 0.3939 0.1319 0.9096
vn 0.0922 0.3046 0.9480
vn -0.1881 0.6373 0.7473
vn 0.1105 -0.0216 0.9936
vn 0.0987 0.2310 0.9679
vn -0.1953 0.3678 0.9091
vn -0.2439 0.2189 0.9448
vn 0.0338 -0.1605 0.9865
vn -0.2101 0.0595 0.9759
vn -0.3178 0.5744 0.7544
vn -0.3371 0.5549 0.7606
vn -0.2901 0.7199 0.6305
vn -0.3319 0.8256 0.4563
vn 0.3079 0.8533 0.4209
vn 0.2419 0.8755 0.4184
vn 0.1418 0.8938 0.4255
vn 0.6809 0.7248 0.1047
vn 0.0154 0.9538 0.3001
vn -0.1982 0.9096 0.3651
vn 0.2695 0.8674 0.4182
vn 0.1342 0.8660 0.4816
vn 0.3376 0.8852 0.3202
vn 0.9926 0.0446 -0.1131
vn 0.4237 0.8991 0.1103
vn 0.3922 0.8816 0.2625
vn 0.3137 0.8873 0.3379
vn 0.9335 0.3075 0.1843
vn 0.5047 0.7041 0.4995
vn 0.8742 0.1438 0.4638
vn 0.4181 0.7579 0.5008
vn 0.2543 0.7809 0.5705
vn 0.2911 0.9270 0.2364
vn 0.0538 0.9400 0.3369
vn 0.6345 0.7579 0.1518
vn 0.4337 0.9007 0.0268
vn 0.0381 0.9708 0.2370
vn 0.3929 0.8975 0.2002
vn 0.7680 -0.3918 0.5066
vn 0.5101 0.2705 0.8165
vn 0.8169 -0.0458 0.5750
vn 0.6736 0.1188 0.7295
vn 0.6282 0.3076 0.7146
vn 0.9116 -0.3529 0.2109
vn 0.8468 -0.4528 0.2791
vn 0.9209 -0.0401 0.3877
vn 0.8175 -0.1156 0.5643
vn 0.5879 0.5114 0.6267
vn -0.3909 0.8990 0.1974
vn -0.4619 0.8787 0.1208
vn -0.4214 0.8840 0.2026
vn -0.3231 0.8396 0.4366
vn -0.3237 0.8398 0.4358
vn -0.3241 0.8400 0.4352
vn -0.3227 0.8395 0.4372
vn -0.0539 0.6479 0.7599
vn -0.3329 0.7854 0.5219
vn -0.3655 0.8144 0.4508
vn 0.2246 0.9626 0.1513
vn -0.0955 0.9569 0.2743
vn 0.4882 -0.1160 0.8650
vn 0.3773 0.3713 0.8484
vn 0.1955 0.4172 0.8875
vn 0.6100 -0.2212 0.7609
vn 0.6771 0.1750 0.7148
vn 0.1727 0.7069 0.6859
vn -0.4227 0.8306 0.3626
vn -0.3519 0.8629 0.3628
vn -0.3700 0.8428 0.3909
vn -0.4195 -0.5138 0.7483
vn -0.3679 -0.5050 0.7808
vn 0.9168 0.2436 0.3166
vn 0.9568 0.1708 -0.2353
vn 0.7586 0.6469 0.0779
vn 0.7376 0.6747 -0.0270
vn 0.9924 -0.0482 -0.1131
vn -0.3322 0.9189 0.2127
vn -0.3697 0.8468 0.3825
vn -0.3621 0.9113 0.1961
vn -0.3489 0.8976 0.2693
vn 0.1219 0.7333 0.6689
vn -0.5465 0.2297 0.8053
vn 0.3140 0.7287 0.6086
vn -0.1698 0.7571 0.6309
vn -0.0888 0.5960 0.7980
vn 0.8669 0.1760 -0.4663
vn 0.5867 0.7677 -0.2577
vn 0.9496 0.1810 -0.2560
vn 0.9034 0.2794 -0.3252
vn 0.1454 0.9882 -0.0485
vn -0.4735 -0.2468 0.8455
vn -0.3906 -0.0235 0.9203
vn -0.4986 0.5287 0.6870
vn -0.5542 0.2286 0.8004
vn -0.2583 0.8317 0.4914
vn -0.9271 0.0587 -0.3701
vn -0.3801 0.8312 0.4057
vn -0.3629 0.8676 0.3399
vn -0.3333 0.9252 0.1815
vn -0.3962 0.7518 0.5272
vn -0.3105 0.9448 0.1041
vn -0.3335 0.9052 0.2636
vn -0.9884 -0.1517 0.0079
vn -0.2331 0.8648 0.4447
vn -0.3394 0.7244 0.6000
vn -0.1996 0.9088 0.3663
vn 0.4270 0.4830 -0.7644
vn -0.3503 0.7820 0.5155
vn 0.1912 0.4461 -0.8743
vn -0.3709 0.8639 0.3406
vn -0.3131 0.8037 0.5059
vn -0.6550 0.6613 -0.3656
vn 0.4408 0.3780 -0.8141
vn -0.3415 0.9300 -0.1358
vn -0.0672 0.8789 -0.4723
vn 0.4105 0.4800 -0.7753
vn -0.9070 0.3853 0.1699
vn -0.3455 0.9208 0.1809
vn 0.4001 0.3793 -0.8343
vn 0.4562 0.3617 -0.8131
vn 0.3731 -0.0783 -0.9245
vn 0.2783 0.0776 -0.9574
vn -0.3346 0.8675 0.3682
vn -0.3316 0.8678 0.3702
vn -0.3273 0.8678 0.3739
vn 0.4913 0.2778 -0.8255
vn 0.4384 -0.2598 -0.8604
vn -0.1692 0.4557 -0.8739
vn -0.4403 0.4268 -0.7899
vn -0.4609 -0.6112 -0.6434
vn -0.7052 0.4616 0.5381
vn 0.3644 0.1614 -0.9172
vn 0.0962 0.1625 -0.9820
vn -0.3527 0.8032 0.4801
vn -0.6880 0.2262 0.6896
vn -0.6889 0.2173 0.6915
vn -0.6883 0.2232 0.6902
vn 0.1506 0.0396 -0.9878
vn -0.3634 0.8352 0.4129
vn 0.1361 0.1350 -0.9815
vn -0.2082 0.5272 -0.8238
vn -0.4570 0.6259 0.6320
vn -0.5384 -0.0783 -0.8390
vn -0.0086 0.7440 0.6681
vn -0.3067 0.9516 -0.0188
vn -0.0402 0.9410 0.3360
vn -0.3811 0.8689 0.3158
vn 0.0740 -0.1345 -0.9881
vn -0.1939 0.7846 0.5889
vn -0.3687 0.8743 0.3156
vn -0.3259 0.8545 0.4046
vn -0.3234 0.8564 0.4025
vn -0.3669 0.9122 0.1824
vn -0.7445 0.2285 -0.6273
vn -0.6571 0.5713 -0.4917
vn -0.0784 0.8654 0.4949
vn -0.3561 0.9335 -0.0427
vn -0.2150 0.7356 0.6424
vn -0.3908 0.8651 0.3145
vn -0.5979 0.8014 0.0157
vn -0.3176 0.8866 0.3364
vn -0.3196 0.8872 0.3328
vn -0.0942 0.9523 0.2902
vn -0.3332 0.8682 0.3676
vn -0.4657 0.7661 0.4430
vn -0.4072 0.9074 0.1036
vn -0.4177 0.8318 0.3654
vn -0.4244 0.8284 0.3656
vn -0.4217 0.8298 0.3656
vn -0.9416 0.2709 0.2000
vn -0.0589 0.1989 -0.9783
vn -0.3860 0.8411 0.3788
vn -0.3821 0.8418 0.3813
vn 0.0548 0.9868 0.1526
vn -0.9175 0.1864 -0.3512
vn -0.4303 0.8397 0.3313
vn -0.1199 -0.3853 -0.9149
vn -0.5721 0.2329 -0.7864
vn -0.4108 0.8559 0.3143
vn -0.9340 -0.3207 0.1572
vn -0.8467 -0.4960 0.1926
vn -0.9107 -0.0913 -0.4029
vn -0.9683 -0.1272 -0.2150
vn -0.5176 -0.6974 -0.4957
vn -0.2494 0.4156 -0.8747
vn -0.3659 0.8714 0.3267
vn -0.9730 -0.1196 -0.1974
vn -0.5018 -0.8382 -0.2135
vn -0.0943 0.9831 0.1571
vn -0.7434 0.6559 0.1308
vn -0.4165 0.8056 0.4213
vn 0.1261 0.6990 -0.7040
vn -0.9425 -0.0470 0.3309
vn -0.5752 -0.5286 0.6243
vn -0.8880 -0.2632 0.3771
vn -0.3677 0.8712 0.3252
vn -0.7879 0.5626 -0.2505
vn -0.5344 -0.6056 0.5896
vn -0.7590 -0.3958 0.5169
vn -0.6089 -0.5292 0.5909
vn -0.6344 0.5515 0.5417
vn -0.3613 0.9235 0.1286
vn -0.6980 0.5365 0.4743
vn -0.3811 0.7501 -0.5405
vn -0.8485 0.1117 0.5172
vn -0.7449 0.3898 0.5415
vn 0.0694 0.8806 0.4688
vn -0.3542 0.8728 0.3358
vn -0.4212 0.8487 0.3198
vn -0.4140 0.8500 0.3258
vn -0.4166 0.8495 0.3236
vn 0.2611 0.7678 -0.5851
vn -0.3867 0.9196 -0.0687
vn -0.4816 0.8760 -0.0258
vn -0.3173 0.8656 -0.3874
vn -0.3622 0.8620 0.3545
vn -0.2162 0.9263 0.3085
vn -0.4566 0.7999 0.3895
vn -0.0896 0.8141 -0.5738
vn -0.2507 0.9678 0.0232
vn -0.4268 0.8688 0.2511
vn -0.8461 0.0734 -0.5279
vn -0.9714 0.1578 -0.1773
vn -0.3239 0.8978 0.2984
vn -0.4011 0.8397 0.3662
vn -0.3933 -0.9157 0.0828
vn -0.6098 -0.4434 0.6569
vn -0.2428 0.1737 -0.9544
vn -0.1317 0.3559 -0.9252
vn -0.6185 0.5741 -0.5365
vn -0.3951 0.7779 0.4887
vn -0.3995 0.8296 0.3901
vn -0.6036 0.7369 -0.3043
vn -0.5624 -0.0175 -0.8266
vn -0.9233 -0.3836 0.0205
vn -0.8236 -0.5411 0.1699
vn -0.7573 -0.2215 0.6144
vn -0.6352 -0.5882 0.5005
vn -0.6357 -0.5871 0.5011
vn -0.6366 -0.5854 0.5020
vn -0.4391 0.8772 -0.1939
vn -0.3937 0.6902 -0.6072
vn -0.5046 0.8581 -0.0949
vn -0.4035 0.0476 -0.9137
vn -0.4036 0.9003 0.1632
vn -0.5679 0.6482 -0.5073
vn -0.7328 0.5940 -0.3319
vn -0.5787 0.7043 -0.4112
vn -0.4689 0.8574 0.2124
vn -0.7892 0.6043 -0.1096
vn -0.3240 -0.5772 -0.7496
vn -0.8569 -0.1344 -0.4976
vn -0.5759 -0.6572 -0.4862
vn -0.8879 -0.4091 -0.2102
vn -0.8725 0.4867 -0.0443
vn -0.7116 -0.3714 -0.5965
vn -0.1234 0.8404 0.5277
vn -0.3284 0.8525 0.4067
vn -0.2360 0.8490 0.4728
vn -0.4240 0.8482 0.3175
vn -0.4056 0.8593 0.3117
vn -0.2871 0.8205 0.4944
vn -0.7022 0.7092 0.0624
vn -0.5085 0.8475 0.1525
vn -0.5321 0.8082 0.2524
vn -0.7481 0.6636 0.0097
vn -0.4544 0.8324 0.3173
vn -0.7034 0.6348 0.3197
vn -0.8830 0.4552 0.1142
vn -0.9725 -0.2070 0.1072
vn -0.2306 0.9323 0.2785
vn -0.3156 0.8859 0.3401
vn -0.5337 0.7404 0.4086
vn -0.2186 0.9155 0.3378
vn -0.5526 0.7462 0.3712
vn -0.3848 0.8514 0.3566
vn -0.6330 0.6979 0.3350
vn -0.6309 0.6997 0.3353
vn -0.6297 0.7007 0.3354
vn -0.8459 0.4985 0.1894
vn -0.6891 0.2157 0.6918
vn -0.6891 0.2155 0.6918
vn -0.6025 -0.7747 -0.1919
vn -0.0158 -0.0684 0.9975
vn -0.2818 0.7266 0.6267
vn -0.4906 0.8397 0.2330
vn -0.4459 0.8752 0.1875
vn -0.5146 0.8331 0.2027
vn -0.8181 0.4521 -0.3553
vn 0.1114 0.6753 -0.7290
vn -0.7605 0.2864 0.5827
vn -0.4753 -0.8020 -0.3617
vn -0.8748 -0.4842 -0.0175
vn -0.4565 -0.8884 -0.0471
vn -0.7342 -0.5796 0.3536
vn -0.9304 -0.2831 0.2330
vn -0.7757 0.4770 0.4132
vn -0.2571 -0.4746 -0.8418
vn -0.6950 -0.1239 -0.7082
vn -0.0075 -0.2999 -0.9539
vn -0.4080 0.0839 -0.9091
vn -0.2487 0.4812 -0.8406
vn 0.0968 -0.4028 -0.9102
vn 0.0037 0.4404 -0.8978
vn 0.2817 -0.3287 -0.9015
vn -0.6907 -0.6571 0.3020
vn -0.7939 -0.0042 0.6080
vn -0.7373 -0.5235 0.4269
vn -0.9762 0.0780 0.2026
vn -0.9864 -0.0639 0.1517
vn -0.9376 -0.2071 0.2794
vn -0.8696 -0.4497 -0.2036
vn -0.9834 -0.1034 0.1488
vn -0.4710 -0.7904 -0.3917
vn -0.9411 0.3333 -0.0571
vn -0.8833 0.4211 -0.2058
vn -0.9584 0.2045 -0.1993
vn -0.9827 0.1709 0.0714
vn -0.8174 0.5017 0.2832
vn -0.9485 0.0158 0.3164
vn -0.9333 -0.0263 0.3580
vn -0.7832 0.4719 0.4048
vn -0.8877 -0.1749 0.4259
vn -0.8246 0.3538 0.4415
vn -0.6026 0.6467 0.4675
vn -0.7049 0.5909 0.3924
vn -0.5108 0.7388 0.4396
vn -0.5550 0.6615 0.5044
vn -0.6188 0.4735 0.6268
vn -0.6998 0.3911 0.5978
vn -0.6701 0.3071 0.6757
vn -0.4151 0.8332 0.3654
vn -0.5218 0.7513 0.4042
vn -0.8363 -0.5193 0.1758
vn -0.8248 0.2110 0.5246
vn -0.3893 -0.5490 -0.7396
vn -0.6856 0.6494 -0.3288
vn -0.8330 0.4376 -0.3384
vn -0.7482 -0.1866 -0.6367
vn -0.7765 0.0730 -0.6259
vn -0.6756 0.2042 -0.7085
vn -0.8302 0.3473 -0.4360
vn -0.8669 -0.2186 -0.4480
vn -0.7025 0.3388 -0.6259
vn -0.2709 -0.1938 -0.9429
vn -0.2363 -0.0306 -0.9712
vn -0.5034 0.6559 -0.5625
vn -0.4650 0.7671 -0.4420
vn -0.5214 0.7984 -0.3010
vn -0.2532 -0.0699 -0.9649
vn -0.6071 0.7726 -0.1859
vn -0.4315 0.7937 -0.4287
vn -0.2166 0.1212 -0.9687
vn 0.0178 0.3700 -0.9288
vn 0.0078 0.4577 -0.8891
vn -0.2451 0.8503 -0.4657
vn -0.1819 0.8358 -0.5181
vn -0.7092 0.6695 -0.2208
vn -0.6187 0.2564 -0.7427
vn 0.2550 -0.0276 -0.9665
vn -0.3501 0.8214 -0.4502
vn -0.7578 0.4537 -0.4690
vn -0.6898 0.0292 -0.7234
vn -0.5650 0.8246 -0.0282
vn -0.5601 0.8268 0.0509
vn -0.2705 0.8887 -0.3703
vn 0.3477 0.0500 -0.9363
vn -0.7209 -0.0908 0.6870
vn 0.4026 0.0742 -0.9123
vn -0.7154 0.5603 -0.4175
vn -0.6573 0.7532 0.0268
vn -0.6371 -0.5844 0.5026
vn -0.2662 -0.9238 0.2751
vn -0.7807 -0.4871 0.3914
vn -0.6406 -0.7203 0.2660
vn -0.8039 0.5403 -0.2485
vn -0.7284 0.6473 -0.2245
vn -0.7652 0.6245 -0.1563
vn -0.9044 0.2770 -0.3247
vn 0.0168 0.9438 -0.3300
vn -0.1312 0.9475 -0.2915
vn -0.5709 -0.5285 0.6283
vn -0.4111 -0.8588 0.3057
vn -0.2109 0.8802 0.4253
vn -0.6690 0.7015 0.2458
vn 0.0839 0.9147 0.3952
vn -0.3238 0.8675 0.3775
vn -0.4808 0.8105 0.3346
vn -0.9385 0.3358 -0.0800
vn -0.9029 -0.2041 -0.3782
vn -0.9000 0.4178 0.1247
vn -0.9996 0.0181 0.0223
vn -0.9232 0.3816 0.0448
vn -0.6679 0.2176 0.7117
vn -0.6829 0.2154 0.6980
vn 0.4174 0.4812 -0.7708
vn 0.5846 -0.2324 -0.7773
vn 0.2704 0.4586 -0.8465
vn -0.3414 0.9133 0.2221
vn -0.1682 0.9810 -0.0965
vn -0.2991 0.9263 0.2290
vn -0.3081 0.9243 0.2251
vn 0.0425 0.9495 -0.3109
vn 0.2326 0.7721 -0.5914
vn 0.3344 0.8755 -0.3488
vn -0.2960 0.9552 -0.0084
vn -0.2794 0.8003 -0.5304
vn -0.2385 0.9298 -0.2802
vn 0.0714 0.7951 -0.6023
vn -0.1826 0.9832 -0.0061
vn -0.4287 0.8315 -0.3533
vn -0.5078 0.8543 -0.1113
vn -0.9100 0.3906 0.1388
vn -0.9956 -0.0099 -0.0930
vn -0.9085 0.4159 0.0397
vn -0.6338 0.6973 0.3349
vn -0.7350 0.6398 0.2248
vn -0.6440 0.7252 0.2437
vn -0.8311 0.4279 0.3551
vn -0.6670 0.6697 0.3265
vn -0.6688 0.6923 0.2710
vn -0.9924 0.0184 0.1217
vn -0.5591 0.7314 0.3905
vn -0.8624 0.4386 0.2526
vn -0.3701 0.8570 0.3585
vn -0.5042 0.8617 0.0559
vn -0.4446 0.8873 0.1225
vn -0.3598 0.8542 0.3753
vn 0.0439 0.9498 -0.3098
vn -0.3347 0.8696 0.3631
vn -0.1996 0.8958 0.3972
vn -0.3502 0.4496 0.8217
vn -0.3921 0.3743 0.8403
vn -0.2766 0.4057 0.8711
vn -0.2747 0.5613 0.7807
vn -0.3979 0.5238 0.7532
vn -0.4761 0.4094 0.7783
vn -0.5056 0.3487 0.7892
vn -0.2326 0.4793 0.8463
vn -0.1408 0.5409 0.8292
vn -0.5962 0.4040 0.6938
vn 0.0546 0.5730 0.8177
vn 0.1450 0.6324 0.7609
vn 0.0502 0.6475 0.7604
vn 0.2223 0.7007 0.6779
vn 0.1800 0.7652 0.6181
vn 0.1399 0.6981 0.7022
vn -0.0332 0.5868 0.8091
vn -0.1551 0.4561 0.8763
vn -0.0489 0.5124 0.8573
vn -0.4970 0.4973 0.7112
vn 0.0431 0.7440 0.6667
vn -0.5569 0.4906 0.6702
vn -0.5356 0.5135 0.6704
vn 0.2674 0.9121 0.3107
vn 0.1554 0.9264 0.3430
vn 0.2403 0.8732 0.4240
vn -0.6066 0.3359 0.7205
vn -0.1377 0.6772 0.7228
vn -0.0532 0.6853 0.7263
vn -0.0381 0.7362 0.6757
vn -0.1416 0.6268 0.7662
vn -0.2301 0.6144 0.7547
vn 0.3092 0.8221 0.4781
vn 0.2368 0.8138 0.5307
vn -0.4594 0.5507 0.6969
vn -0.3460 0.5774 0.7396
vn 0.3225 0.8708 0.3710
vn 0.3311 0.9100 0.2494
vn -0.0023 0.9975 0.0710
vn 0.0630 0.9811 0.1830
vn 0.0553 0.9968 0.0582
vn 0.2736 0.7610 0.5883
vn 0.2717 0.9438 0.1882
vn 0.1781 0.9615 0.2094
vn 0.1422 0.8638 0.4834
vn 0.1726 0.9792 0.1065
vn 0.2288 0.9642 0.1343
vn 0.3100 0.9389 0.1498
vn 0.1100 0.9824 0.1512
vn 0.0298 0.7949 0.6060
vn 0.1110 0.9065 0.4074
vn 0.0761 0.8590 0.5063
vn 0.1182 0.9918 0.0496
vn 0.1041 0.9537 0.2823
vn 0.0058 0.9995 -0.0319
vn 0.0402 0.9992 -0.0035
vn 0.0949 0.8137 0.5735
vn -0.0359 0.9950 -0.0929
vn -0.0595 0.9973 -0.0423
vn -0.0892 0.9960 -0.0095
vn 0.3145 0.9488 -0.0298
vn 0.2336 0.9707 -0.0572
vn 0.2945 0.9553 -0.0275
vn 0.2335 0.9707 -0.0572
vn 0.2239 0.9735 -0.0468
vn 0.2944 0.9553 -0.0275
vn 0.1892 0.9777 -0.0913
vn 0.1526 0.9796 -0.1307
vn 0.0826 0.9743 -0.2097
vn 0.0695 0.9780 -0.1968
vn 0.1085 0.9816 -0.1571
vn 0.1419 0.9821 -0.1239
vn 0.0484 0.9830 -0.1772
vn -0.2310 0.9107 -0.3424
vn -0.3331 0.8723 -0.3579
vn -0.2730 0.9113 -0.3084
vn -0.7600 0.6463 -0.0687
vn -0.6660 0.7421 -0.0757
vn -0.7099 0.6820 -0.1758
vn -0.1954 0.9545 -0.2253
vn -0.2862 0.9340 -0.2139
vn -0.1702 0.9761 -0.1352
vn -0.7361 0.6757 0.0413
vn -0.2166 0.9378 -0.2712
vn -0.5132 0.8074 -0.2911
vn -0.5721 0.7528 -0.3255
vn -0.6220 0.7372 -0.2641
vn -0.4005 0.8679 -0.2938
vn -0.4517 0.8199 -0.3517
vn -0.7067 0.5406 0.4565
vn -0.7594 0.5604 0.3306
vn -0.7761 0.5127 0.3672
vn -0.1919 0.9780 -0.0821
vn -0.2908 0.9485 -0.1254
vn -0.8938 0.4247 0.1437
vn -0.8790 0.4212 0.2236
vn -0.8542 0.5065 0.1170
vn -0.7665 0.6207 -0.1650
vn -0.8213 0.5667 -0.0654
vn -0.5974 0.7832 -0.1724
vn -0.5345 0.8379 -0.1102
vn -0.4861 0.8553 -0.1793
vn -0.6824 0.6822 -0.2624
vn -0.0855 0.9876 -0.1315
vn -0.7393 0.6618 0.1243
vn -0.6867 0.7265 0.0244
vn -0.8102 0.5854 0.0292
vn -0.7676 0.5954 0.2371
vn -0.8232 0.5079 0.2538
vn -0.3810 0.9093 -0.1674
vn -0.1342 0.9733 -0.1864
vn -0.6941 0.3213 0.6441
vn -0.7307 0.3555 0.5829
vn -0.7914 0.3246 0.5181
vn -0.4204 0.9004 -0.1121
vn -0.8401 0.3503 0.4141
vn -0.7795 0.4123 0.4716
vn -0.8383 0.4132 0.3557
vn -0.8659 0.4991 0.0322
vn -0.7870 0.5948 0.1639
vn -0.8842 0.3692 0.2861
vn -0.6677 0.4517 0.5917
vn -0.6146 0.7864 -0.0625
vn -0.6056 0.4916 0.6258
vn -0.6485 0.5071 0.5677
vn -0.7272 0.5012 0.4689
vn -0.6207 0.4833 0.6173
vn 0.0143 0.9728 -0.2311
vn 0.0074 0.9671 -0.2543
vn -0.0517 0.9516 -0.3031
vn -0.0826 0.9359 -0.3425
vn -0.0714 0.9453 -0.3184
vn -0.0240 0.9620 -0.2721
vn -0.0569 0.9830 -0.1746
vn -0.6104 0.6077 0.5080
vn -0.6062 0.6100 0.5103
vn -0.6118 0.6069 0.5072
vn -0.2509 0.9678 0.0208
vn 0.8798 0.1505 0.4509
vn -0.4668 0.8819 -0.0665
vn -0.4659 0.8823 -0.0668
vn -0.4667 0.8817 -0.0699
vn -0.8378 0.4521 0.3061
vn -0.3311 0.8876 -0.3203
vn -0.4685 0.8808 -0.0690
vn -0.5029 -0.2543 0.8261
vn -0.1577 0.5601 0.8133
vn -0.1539 0.5439 0.8249
vn -0.6216 0.7377 -0.2635
vn -0.4254 -0.3973 0.8131
vn -0.2545 0.9662 -0.0398
vn -0.4636 0.5866 0.6640
vn -0.2720 0.9621 -0.0191
vn 0.7092 0.6328 -0.3108
vn -0.2072 0.0162 0.9782
vn -0.8216 0.5669 -0.0605
vn -0.3128 0.5963 0.7393
vn 0.3518 -0.4149 0.8391
vn -0.6384 0.7695 0.0189
vn -0.6382 0.7697 0.0189
vn -0.6385 0.7694 0.0188
vn -0.0799 0.7166 0.6928
vn -0.0519 0.9557 0.2899
vn -0.6381 0.7697 0.0190
vn -0.1962 -0.2756 0.9411
vn -0.6381 0.7697 0.0185
vn 0.3166 -0.0629 0.9465
vn 0.4928 -0.1988 0.8472
vn -0.7257 0.6605 0.1928
vn -0.7266 0.6594 0.1928
vn -0.7260 0.6602 0.1927
vn -0.6051 0.6106 0.5109
vn 0.0231 0.8964 0.4427
vn -0.3900 0.8573 0.3361
vn 0.0422 -0.4094 0.9114
vn -0.9176 0.3405 0.2050
vn 0.0485 -0.1433 0.9885
vn 0.1901 0.5537 0.8108
vn -0.6551 0.3797 0.6532
vn 0.0400 0.8168 0.5755
vn 0.3170 0.8219 0.4732
vn -0.4648 0.8826 -0.0702
vn 0.6474 0.7608 0.0447
vn 0.0805 0.7471 0.6598
vn 0.0520 0.7129 0.6993
vn 0.4649 0.7215 -0.5131
vn 0.5118 0.1194 0.8508
vn -0.7366 0.6535 0.1744
vn 0.5671 0.6037 -0.5603
vn -0.9289 0.1211 0.3499
vn 0.1983 0.9607 0.1944
vn -0.0613 0.9923 0.1073
vn 0.8671 0.4840 0.1179
vn 0.8976 0.4058 0.1721
vn 0.7483 0.0227 0.6630
vn -0.0310 0.4745 0.8797
vn -0.7269 0.6591 0.1929
vn -0.3651 0.3278 0.8713
vn 0.3640 0.7867 0.4986
vn 0.6864 0.2542 0.6813
vn 0.4735 0.8072 0.3524
vn 0.8168 0.3575 0.4528
vn 0.7821 0.5539 0.2855
vn 0.9144 0.2286 0.3340
vn -0.6743 0.5392 0.5046
vn -0.3268 0.8676 0.3748
vn -0.6636 0.5344 0.5235
vn 0.2620 0.9648 -0.0240
vn 0.5795 0.8085 -0.1021
vn 0.7727 0.5565 -0.3053
vn 0.2467 0.6827 0.6878
vn 0.6598 -0.0293 0.7509
vn -0.5331 0.3915 0.7500
vn 0.0683 0.5736 -0.8163
vn -0.5097 0.7848 -0.3526
vn -0.4337 0.6272 0.6469
vn -0.1990 0.6693 0.7158
vn -0.1999 0.6688 0.7160
vn -0.1981 0.6671 0.7182
vn -0.0132 0.3416 -0.9397
vn -0.2345 0.4300 0.8719
vn -0.4577 0.1170 -0.8814
vn 0.3089 0.7064 -0.6369
vn -0.7025 0.6401 -0.3111
vn -0.4413 0.3534 -0.8248
vn 0.0570 0.5778 0.8142
vn 0.3461 0.5822 -0.7357
vn -0.2080 0.9781 -0.0091
vn -0.0255 0.7773 0.6286
vn -0.0255 0.7772 0.6288
vn -0.0254 0.7773 0.6286
vn -0.0730 0.9846 0.1586
vn -0.0781 0.9845 0.1572
vn -0.0713 0.9847 0.1590
vn 0.2569 0.7486 0.6112
vn -0.1176 0.7408 -0.6613
vn 0.2444 0.9305 0.2727
vn -0.3441 0.9337 -0.0987
vn -0.2162 0.0991 -0.9713
vn -0.6733 0.2570 -0.6932
vn -0.5774 0.8148 -0.0518
vn -0.4536 0.8644 -0.2167
vn -0.0258 0.7773 0.6286
vn -0.8344 -0.3410 0.4329
vn -0.0257 0.7770 0.6289
vn -0.6999 0.6804 0.2173
vn -0.9561 -0.2696 -0.1151
vn 0.0610 0.8881 0.4555
vn 0.0623 0.8883 0.4551
vn 0.0615 0.8882 0.4553
vn -0.0795 0.9844 0.1568
vn -0.6729 0.7337 -0.0938
vn -0.3459 0.8572 0.3816
vn -0.9689 -0.2469 -0.0186
vn 0.3996 0.8662 0.3001
vn -0.2000 0.6662 0.7185
vn 0.0782 0.8805 0.4676
vn 0.0652 0.9948 -0.0778
vn -0.6422 0.6616 0.3871
vn -0.8751 0.4787 0.0713
vn -0.4493 0.8615 -0.2365
vn -0.9642 -0.0229 0.2642
vn -0.7049 0.7075 -0.0512
vn 0.5082 0.8591 0.0604
vn -0.6589 -0.2696 0.7023
vn -0.4041 0.6133 0.6786
vn 0.0627 0.8883 0.4549
vn -0.6465 -0.4188 0.6378
vn -0.1964 0.6684 0.7174
vn -0.8025 0.4473 0.3949
vn -0.6103 0.5723 0.5477
vn -0.4141 0.5914 0.6919
vn -0.6970 0.7141 0.0654
vn -0.7351 -0.0536 -0.6759
vn -0.2061 0.5103 -0.8349
vn -0.8555 -0.2071 -0.4746
vn -0.1710 0.9216 -0.3485
vn -0.8940 0.4478 0.0182
vn -0.8410 0.1058 -0.5306
vn -0.9481 0.2983 0.1103
vn -0.9408 -0.0685 -0.3319
vn -0.9954 -0.0570 -0.0775
vn -0.8992 -0.2641 -0.3488
vn 0.0177 0.9906 0.1358
vn -0.4086 0.8460 0.3425
vn 0.0080 0.9932 0.1159
vn -0.7938 0.2744 0.5427
vn -0.9060 -0.0478 0.4205
vn -0.8340 -0.4138 0.3650
vn -0.7928 0.5894 -0.1553
vn -0.6609 0.0320 -0.7498
vn -0.3878 0.6884 0.6129
vn -0.4358 0.6464 0.6263
vn -0.3496 0.6713 0.6535
vn -0.1521 0.8644 0.4792
vn -0.1127 0.8404 0.5301
vn -0.1566 0.7916 0.5906
vn -0.1026 0.8081 0.5800
vn -0.2143 0.7336 0.6449
vn -0.2422 0.7638 0.5983
vn -0.1786 0.8340 0.5220
vn -0.3087 0.7070 0.6363
vn -0.4201 0.7185 0.5544
vn -0.4325 0.7351 0.5221
vn -0.1645 0.7550 0.6348
vn -0.3478 0.7372 0.5793
vn -0.0897 0.9176 0.3872
vn -0.2095 0.8085 0.5499
vn -0.5178 0.6334 0.5751
vn -0.4539 0.6695 0.5881
vn -0.4739 0.7182 0.5094
vn -0.1471 0.9814 0.1234
vn -0.1839 0.9687 0.1669
vn -0.1497 0.9750 0.1642
vn -0.2572 0.7036 0.6624
vn -0.1300 0.8876 0.4418
vn -0.0677 0.8816 0.4672
vn -0.0567 0.8544 0.5165
vn -0.0276 0.9218 0.3867
vn -0.0212 0.8994 0.4366
vn -0.0665 0.9513 0.3011
vn -0.0211 0.9418 0.3356
vn -0.1125 0.9662 0.2318
vn -0.0562 0.9673 0.2474
vn -0.1065 0.9802 0.1672
vn -0.2883 0.7631 0.5785
vn -0.1413 0.9455 0.2935
vn -0.1418 0.9805 0.1359
vn -0.1867 0.9561 0.2258
vn -0.1259 0.9268 0.3538
vn -0.2198 0.9510 0.2173
vn -0.4982 0.6740 0.5454
vn -0.2100 0.9569 0.2007
vn -0.1973 0.9578 0.2090
vn -0.3140 0.9467 0.0715
vn -0.2560 0.9655 0.0484
vn -0.3418 0.9395 0.0208
vn -0.5616 0.7985 0.2168
vn -0.5887 0.7936 0.1539
vn -0.5418 0.8356 0.0905
vn -0.5889 0.8027 0.0943
vn -0.4775 0.8781 0.0297
vn -0.4638 0.8813 0.0903
vn -0.5344 0.8272 0.1734
vn -0.3896 0.9199 0.0448
vn -0.2939 0.9452 0.1421
vn -0.2869 0.9410 0.1795
vn -0.5246 0.8505 0.0372
vn -0.3650 0.9237 0.1160
vn -0.6164 0.7274 0.3014
vn -0.5032 0.8519 0.1451
vn -0.2065 0.9756 0.0745
vn -0.2473 0.9642 0.0958
vn -0.2664 0.9487 0.1706
vn -0.5293 0.7079 0.4677
vn -0.5487 0.6603 0.5128
vn -0.4319 0.9019 0.0097
vn -0.5825 0.7724 0.2531
vn -0.6308 0.7459 0.2141
vn -0.6347 0.7565 0.1578
vn -0.6641 0.6899 0.2880
vn -0.6678 0.7061 0.2354
vn -0.6318 0.6757 0.3799
vn -0.6681 0.6637 0.3364
vn -0.5896 0.6688 0.4529
vn -0.6353 0.6436 0.4269
vn -0.5870 0.6317 0.5064
vn -0.4246 0.8978 0.1167
vn -0.5716 0.7155 0.4018
vn -0.4973 0.7288 0.4707
vn -0.5870 0.7341 0.3415
vn -0.2287 0.9655 0.1243
vn 0.4710 0.5575 -0.6836
vn 0.4862 0.5828 -0.6511
vn 0.4508 0.5676 -0.6889
vn 0.4476 0.5668 -0.6917
vn 0.4502 0.5662 -0.6904
vn 0.3897 0.5914 -0.7060
vn 0.4173 0.6190 -0.6654
vn 0.3871 0.6164 -0.6857
vn 0.4260 0.5786 -0.6955
vn 0.4274 0.6029 -0.6737
vn 0.4238 0.6056 -0.6735
vn 0.4232 0.6060 -0.6735
vn 0.4076 0.6662 -0.6246
vn 0.4380 0.5283 -0.7274
vn 0.4344 0.4848 -0.7591
vn 0.4065 0.6987 -0.5888
vn 0.4032 0.6995 -0.5900
vn 0.4070 0.6963 -0.5912
vn 0.4477 0.5646 -0.6934
vn 0.4493 0.5654 -0.6917
vn 0.4702 0.5612 -0.6812
vn 0.4279 0.6025 -0.6737
vn 0.4329 0.5850 -0.6859
vn 0.4379 0.5851 -0.6826
vn 0.4031 0.6356 -0.6584
vn 0.3993 0.6378 -0.6586
vn 0.4010 0.6359 -0.6594
vn 0.3627 0.6240 -0.6922
vn 0.3915 0.5823 -0.7124
vn 0.4091 0.5521 -0.7266
vn 0.4149 0.6154 -0.6702
vn 0.3975 0.6368 -0.6607
vn 0.3499 0.6528 -0.6718
vn 0.3886 0.6559 -0.6471
vn 0.4051 0.6361 -0.6566
vn 0.4093 0.6947 -0.5914
vn 0.4123 0.6936 -0.5907
vn 0.4687 0.6612 -0.5857
vn 0.4106 0.6794 -0.6082
vn 0.3703 0.7367 -0.5658
vn 0.4055 0.6789 -0.6121
vn 0.3669 0.6857 -0.6287
vn 0.3537 0.6781 -0.6443
vn 0.3989 0.6550 -0.6417
vn 0.4223 0.7028 -0.5725
vn 0.4230 0.7018 -0.5731
vn 0.4210 0.7045 -0.5714
vn 0.3750 0.6973 -0.6108
vn 0.3606 0.7122 -0.6023
vn 0.3698 0.7322 -0.5720
vn 0.4204 0.7053 -0.5707
vn 0.4037 0.6524 -0.6414
vn 0.5471 0.5109 -0.6631
vn 0.5304 0.5192 -0.6701
vn 0.5304 0.5192 -0.6702
vn 0.5723 0.4209 -0.7037
vn 0.5324 0.5586 -0.6360
vn 0.5442 0.4759 -0.6909
vn 0.5137 0.5629 -0.6475
vn 0.5417 0.5196 -0.6607
vn 0.5172 0.5123 -0.6856
vn 0.5283 0.4798 -0.7005
vn 0.5098 0.4368 -0.7412
vn 0.5305 0.5192 -0.6701
vn 0.4779 0.5214 -0.7069
vn 0.4722 0.4593 -0.7524
vn 0.5008 0.5728 -0.6489
vn 0.4971 0.5706 -0.6537
vn 0.4634 0.4581 -0.7586
vn 0.4908 0.5078 -0.7080
vn 0.5072 0.3902 0.7684
vn 0.5075 0.3909 0.7679
vn 0.5052 0.3858 0.7720
vn 0.3464 0.5200 0.7808
vn 0.5022 0.5466 0.6701
vn 0.6509 0.4095 0.6392
vn 0.9189 0.0597 0.3900
vn 0.7576 0.0791 0.6479
vn 0.7619 0.0827 0.6424
vn 0.7557 0.0776 0.6503
vn 0.8638 0.0950 0.4948
vn 0.6480 0.2418 0.7222
vn 0.6505 0.2474 0.7181
vn 0.6510 0.2484 0.7173
vn 0.9437 -0.0172 0.3303
vn 0.3448 0.7655 0.5432
vn 0.5798 0.8016 0.1463
vn 0.5740 0.7979 -0.1841
vn 0.8721 -0.4527 0.1856
vn 0.8725 -0.4522 0.1849
vn 0.8735 -0.4511 0.1832
vn 0.7101 0.6532 -0.2630
vn 0.1940 0.4964 0.8461
vn 0.7798 0.6051 -0.1605
vn 0.5477 0.6909 -0.4718
vn 0.2406 0.4410 0.8647
vn 0.8736 -0.4509 0.1829
vn 0.8560 0.2685 -0.4418
vn 0.6617 0.7131 -0.2317
vn 0.6630 0.7395 -0.1168
vn 0.8252 0.5310 -0.1925
vn 0.5760 0.7809 -0.2415
vn 0.7761 0.2621 0.5736
vn 0.5044 0.3840 0.7734
vn 0.7500 0.5949 -0.2891
vn 0.8689 0.3272 -0.3714
vn 0.7800 0.5238 -0.3423
vn 0.9142 -0.4053 0.0077
vn 0.8855 -0.3135 0.3429
vn 0.8861 -0.3125 0.3424
vn 0.8822 -0.3192 0.3463
vn 0.9468 -0.2774 0.1633
vn 0.8163 -0.5770 0.0267
vn 0.8189 -0.5735 0.0217
vn 0.8152 -0.5785 0.0287
vn 0.7238 -0.6294 -0.2828
vn 0.6477 -0.6805 -0.3426
vn 0.7301 -0.6691 -0.1387
vn 0.7683 -0.6178 -0.1672
vn 0.8440 -0.5150 -0.1501
vn 0.5343 -0.7628 -0.3642
vn 0.9381 -0.1417 0.3160
vn 0.9060 -0.1543 0.3941
vn 0.8040 0.5017 -0.3193
vn 0.8701 0.3891 -0.3025
vn 0.8808 -0.3215 0.3477
vn 0.8194 -0.5729 0.0208
vn 0.7944 0.3890 -0.4665
vn 0.8278 0.2204 -0.5158
vn 0.6986 -0.3961 -0.5959
vn 0.7414 -0.1187 -0.6604
vn 0.7278 0.6740 -0.1268
vn 0.5953 0.5233 -0.6097
vn 0.7154 0.3151 -0.6236
vn 0.6469 0.2394 0.7241
vn 0.8536 0.0126 0.5207
vn 0.7888 0.5085 -0.3454
vn 0.7809 0.3371 -0.5259
vn 0.5721 -0.6601 -0.4868
vn 0.8027 0.4369 -0.4060
vn 0.7627 0.0832 0.6413
vn -0.4282 0.6471 0.6308
vn -0.3781 0.7231 0.5780
vn -0.3333 0.8075 0.4867
vn 0.4688 0.7084 -0.5276
vn 0.1506 0.9557 0.2528
vn 0.1262 0.9920 0.0041
vn 0.2492 0.9491 -0.1926
vn -0.1019 0.8532 0.5115
vn 0.3578 0.8534 -0.3791
vn -0.1579 0.9177 0.3645
vn -0.0118 0.9812 0.1929
vn -0.2125 0.6064 0.7663
vn -0.1414 0.6853 0.7144
vn -0.0536 0.8136 0.5790
vn 0.3536 0.9071 -0.2283
vn 0.4533 0.8282 -0.3295
vn 0.4532 0.8284 -0.3291
vn 0.4534 0.8279 -0.3301
vn 0.4534 0.8277 -0.3306
vn 0.3314 0.8765 -0.3491
vn -0.1847 0.8580 0.4792
vn 0.0224 0.6181 0.7858
vn 0.2924 0.8404 0.4563
vn 0.4265 0.9009 0.0807
vn 0.5073 0.8300 -0.2319
vn 0.0124 0.5540 0.8324
vn 0.4135 0.8944 0.1705
vn 0.2074 0.7905 0.5763
vn 0.5179 0.7074 -0.4810
vn 0.5258 0.7747 -0.3514
vn 0.5016 0.7641 -0.4057
vn 0.0320 0.5686 0.8220
vn 0.2439 -0.9125 -0.3283
vn 0.2475 -0.9045 -0.3472
vn 0.2267 -0.9195 -0.3210
vn 0.3023 -0.8604 -0.4104
vn 0.2336 -0.9144 -0.3307
vn 0.2375 -0.9135 -0.3303
vn 0.2337 -0.9135 -0.3330
vn 0.5636 0.5653 -0.6023
vn 0.5997 0.5275 -0.6018
vn 0.5950 0.5293 -0.6048
vn 0.5626 0.5187 -0.6438
vn 0.6565 0.4376 -0.6145
vn 0.6180 0.4909 -0.6140
vn 0.5900 0.5159 -0.6211
vn 0.5900 0.5158 -0.6211
vn 0.5731 0.5190 -0.6342
vn 0.5729 0.5193 -0.6341
vn 0.5590 0.5184 -0.6472
vn 0.5479 0.5579 -0.6233
vn 0.5838 0.4926 -0.6453
vn 0.5709 0.4894 -0.6593
vn 0.5890 0.4203 -0.6903
vn 0.6004 0.4824 -0.6379
vn 0.4910 0.7054 -0.5112
vn 0.5014 0.6627 -0.5562
vn 0.5098 0.7048 -0.4932
vn 0.5086 0.7037 -0.4961
vn 0.5109 0.7016 -0.4968
vn 0.5635 0.6604 -0.4963
vn 0.5333 0.7050 -0.4675
vn 0.5456 0.6729 -0.4996
vn 0.5815 0.6470 -0.4933
vn 0.5824 0.6449 -0.4949
vn 0.5840 0.6460 -0.4916
vn 0.5990 0.6652 -0.4457
vn 0.5099 0.6988 -0.5017
vn 0.5108 0.6999 -0.4991
vn 0.4933 0.7385 -0.4596
vn 0.4869 0.7426 -0.4599
vn 0.6035 0.5648 -0.5628
vn 0.6043 0.5640 -0.5628
vn 0.6022 0.5668 -0.5623
vn 0.5695 0.6886 -0.4489
vn 0.5327 0.6852 -0.4967
vn 0.5291 0.6853 -0.5004
vn 0.5318 0.6853 -0.4975
vn 0.5526 0.6949 -0.4602
vn 0.5255 0.7204 -0.4526
vn 0.5702 0.6649 -0.4826
vn 0.6139 0.5748 -0.5411
vn 0.6106 0.5756 -0.5440
vn 0.6121 0.5744 -0.5436
vn 0.5959 0.6108 -0.5213
vn 0.6392 0.5945 -0.4878
vn 0.6108 0.6275 -0.4829
vn 0.6190 0.5883 -0.5204
vn 0.6134 0.5737 -0.5428
vn 0.6155 0.5731 -0.5411
vn 0.5689 0.5869 -0.5761
vn 0.6046 0.5934 -0.5312
vn 0.6018 0.5675 -0.5619
vn 0.5642 0.6632 -0.4918
vn 0.6265 0.6098 -0.4855
vn 0.5887 0.6270 -0.5103
vn 0.5876 0.6274 -0.5110
vn 0.5918 0.6250 -0.5090
vn 0.6192 0.6367 -0.4596
vn 0.5283 0.6852 -0.5014
vn 0.5928 0.6242 -0.5088
vn 0.6532 0.5641 -0.5052
vn 0.6522 0.5391 -0.5330
vn 0.6865 0.4974 -0.5304
vn 0.5795 0.6448 -0.4985
vn 0.5812 0.6445 -0.4968
vn 0.4887 0.7089 -0.5086
vn 0.6083 0.5938 -0.5266
vn 0.5709 0.5745 -0.5866
vn 0.6846 0.4690 -0.5579
vn 0.6293 0.5144 -0.5825
vn 0.6287 0.5288 -0.5702
vn 0.6776 0.4696 -0.5660
vn 0.5659 0.5761 -0.5898
vn 0.2328 -0.9132 -0.3345
vn 0.4273 0.3298 -0.8418
vn -0.2534 -0.4994 -0.8285
vn -0.2509 -0.4936 -0.8327
vn -0.2511 -0.4944 -0.8322
vn 0.3451 0.2481 -0.9052
vn 0.3646 0.3689 -0.8550
vn -0.7221 0.0138 -0.6917
vn -0.7179 0.0165 -0.6959
vn -0.7208 0.0146 -0.6930
vn 0.1869 -0.9140 -0.3600
vn -0.2544 -0.5014 -0.8270
vn 0.1829 0.5681 -0.8024
vn -0.8364 0.4632 -0.2931
vn -0.2892 -0.2227 -0.9310
vn -0.0748 -0.6034 -0.7939
vn -0.0740 -0.6027 -0.7946
vn -0.0799 -0.6074 -0.7903
vn -0.0821 -0.6091 -0.7888
vn 0.0845 0.4947 -0.8649
vn -0.0804 -0.4421 -0.8934
vn 0.0861 -0.5421 -0.8359
vn 0.0505 0.5687 -0.8210
vn 0.2125 0.5021 -0.8383
vn -0.3599 -0.1529 -0.9204
vn 0.2630 -0.8562 -0.4447
vn 0.1981 -0.8216 -0.5345
vn 0.4312 -0.6702 -0.6041
vn 0.2065 -0.5237 -0.8265
vn 0.5389 -0.3849 -0.7493
vn 0.2728 -0.6712 -0.6893
vn 0.0196 0.6389 -0.7691
vn 0.0136 0.7073 -0.7068
vn 0.2921 -0.5497 -0.7826
vn -0.3299 -0.3533 -0.8754
vn 0.5561 0.4176 -0.7186
vn 0.5089 0.3032 -0.8057
vn 0.0909 -0.6118 -0.7857
vn -0.7902 0.1806 -0.5856
vn -0.7909 0.1797 -0.5850
vn -0.7944 0.1741 -0.5819
vn 0.5137 0.2629 -0.8167
vn 0.4212 0.1994 -0.8848
vn -0.6259 -0.1545 -0.7645
vn -0.6203 -0.1507 -0.7698
vn -0.6242 -0.1534 -0.7660
vn -0.2506 -0.3334 -0.9089
vn 0.2662 0.2948 -0.9177
vn 0.2734 0.4324 -0.8592
vn 0.2994 0.4337 -0.8498
vn 0.5443 0.2385 -0.8043
vn -0.7174 0.0171 -0.6964
vn -0.6196 -0.1501 -0.7704
vn -0.5813 0.0311 -0.8131
vn -0.7959 0.1717 -0.5806
vn -0.7445 0.4858 -0.4579
vn -0.9047 0.3874 -0.1773
vn -0.8363 0.3222 -0.4437
vn -0.8336 0.3261 -0.4458
vn -0.8374 0.3205 -0.4427
vn -0.8331 0.3268 -0.4463
vn -0.7221 0.3433 -0.6006
vn -0.8862 0.4435 -0.1339
vn -0.4721 -0.1293 -0.8720
vn -0.4845 -0.2095 -0.8493
vn 0.2617 0.4154 -0.8712
vn 0.1359 0.4238 -0.8955
vn 0.1544 0.6269 -0.7636
vn -0.6621 0.1939 -0.7239
vn -0.2446 0.7612 -0.6006
vn 0.1388 0.7605 -0.6344
vn 0.3792 0.6825 -0.6248
vn 0.0841 0.7738 -0.6278
vn 0.1247 0.6878 -0.7151
vn -0.6141 0.7186 -0.3262
vn -0.7742 0.5768 0.2605
vn -0.5495 0.7965 0.2522
vn -0.5492 0.7969 0.2518
vn -0.5508 0.7948 0.2549
vn -0.5513 0.7940 0.2561
vn -0.4142 0.8782 0.2390
vn 0.2390 0.8186 -0.5223
vn -0.3099 0.9313 -0.1914
vn -0.5311 0.8407 0.1054
vn -0.6058 0.7945 0.0421
vn -0.6902 0.7151 0.1109
vn -0.4210 0.8262 0.3742
vn -0.1429 0.9859 0.0865
vn -0.2856 0.9223 0.2604
vn -0.3604 0.8087 0.4649
vn -0.4919 0.6499 0.5793
vn 0.1337 0.9045 -0.4050
vn 0.1806 0.9518 -0.2481
vn 0.0154 0.9962 -0.0862
vn 0.1846 0.9173 -0.3528
vn 0.3252 0.8684 -0.3744
vn 0.2297 0.8754 -0.4254
vn 0.2003 0.8338 -0.5144
vn 0.4554 0.7090 -0.5384
vn 0.3392 0.8541 -0.3942
vn -0.4895 0.6772 0.5494
vn -0.6357 0.7486 -0.1882
vn -0.2575 0.8611 -0.4383
vn 0.2569 0.7613 -0.5953
vn 0.3141 0.7546 -0.5762
vn -0.8509 0.5250 0.0211
vn -0.8164 0.5770 0.0244
vn -0.5274 0.7997 -0.2869
vn 0.3898 0.7012 -0.5969
vn 0.1372 0.8116 -0.5679
vn -0.1697 0.8713 -0.4604
vn -0.8585 0.5110 0.0422
vn -0.2526 -0.8121 0.5261
vn 0.2722 -0.9377 0.2160
vn -0.2174 -0.8267 0.5189
vn 0.4967 -0.8649 -0.0721
vn 0.7530 -0.6160 -0.2314
vn 0.5745 -0.8183 -0.0144
vn 0.6616 -0.7453 -0.0827
vn 0.5202 -0.8244 -0.2229
vn 0.5200 -0.8246 -0.2227
vn 0.5212 -0.8236 -0.2235
vn -0.3312 -0.8615 0.3849
vn 0.0444 -0.9987 0.0237
vn -0.1354 -0.9687 0.2081
vn 0.5217 -0.8233 -0.2237
vn -0.3202 -0.8725 0.3690
vn -0.4491 -0.7182 0.5315
vn -0.1526 -0.8968 0.4153
vn 0.3959 -0.8509 -0.3452
vn 0.2118 -0.9625 -0.1697
vn 0.4659 -0.7228 -0.5104
vn -0.1967 -0.9112 0.3619
vn -0.2428 -0.8669 0.4353
vn 0.4590 -0.7049 -0.5407
vn 0.3018 -0.8632 -0.4048
vn 0.3849 -0.8994 -0.2074
vn -0.2690 -0.7565 0.5961
vn 0.2246 -0.8641 0.4504
vn 0.5921 -0.7682 0.2433
vn 0.8269 -0.5622 0.0110
vn -0.3216 -0.7502 0.5778
vn 0.1583 -0.8702 0.4666
vn -0.1390 -0.8105 0.5689
vn 0.8359 -0.5487 -0.0101
vn 0.4981 -0.8188 0.2856
vn 0.7898 -0.6133 0.0082
vn -0.3900 -0.7013 0.5967
vn -0.5598 0.3275 0.7612
vn 0.8122 -0.3484 0.4678
vn 0.8135 -0.3467 0.4669
vn 0.8094 -0.3523 0.4699
vn -0.3071 0.8123 0.4958
vn -0.4634 0.6171 0.6359
vn -0.2843 0.7175 0.6359
vn -0.3039 0.5469 0.7801
vn -0.4322 -0.3438 0.8336
vn -0.1689 -0.6286 0.7591
vn -0.2754 -0.3055 0.9115
vn -0.5068 -0.3148 0.8025
vn -0.0649 -0.5722 0.8175
vn -0.5540 -0.3896 0.7357
vn -0.5137 -0.2553 0.8191
vn -0.2821 -0.4422 0.8514
vn 0.0590 0.5789 0.8133
vn 0.0568 0.5770 0.8147
vn 0.0517 0.5727 0.8181
vn 0.0508 0.5720 0.8187
vn -0.3528 -0.2612 0.8985
vn -0.2735 0.8832 0.3810
vn -0.2770 0.8837 0.3772
vn -0.2723 0.8831 0.3821
vn -0.3720 -0.3804 0.8467
vn -0.1481 -0.4310 0.8901
vn -0.4265 -0.2130 0.8790
vn -0.2255 0.8849 0.4075
vn -0.2126 0.5127 0.8318
vn -0.1107 0.5045 0.8563
vn -0.2259 -0.5091 0.8305
vn 0.2321 0.4733 0.8498
vn 0.2281 0.4646 0.8557
vn 0.2309 0.4706 0.8516
vn 0.0541 0.4055 0.9125
vn 0.2276 0.4635 0.8564
vn 0.6956 -0.0429 0.7172
vn 0.6927 -0.0449 0.7198
vn 0.6932 -0.0444 0.7194
vn -0.1971 -0.5720 0.7962
vn 0.2237 0.2997 0.9274
vn -0.0986 -0.5005 0.8601
vn 0.3095 0.3234 0.8942
vn 0.7716 -0.1984 0.6044
vn 0.7661 -0.2063 0.6087
vn 0.7700 -0.2008 0.6057
vn -0.3071 -0.4386 0.8446
vn 0.5494 -0.0621 0.8332
vn 0.3365 0.1272 0.9330
vn 0.4421 0.0970 0.8917
vn 0.2666 0.1960 0.9437
vn -0.0349 -0.6407 0.7670
vn -0.1394 -0.6875 0.7127
vn -0.3467 -0.6950 0.6300
vn 0.4623 -0.7116 0.5291
vn 0.0197 -0.7717 0.6357
vn -0.0294 -0.7073 0.7063
vn 0.9373 -0.3361 0.0926
vn -0.3065 0.5229 0.7954
vn 0.6018 0.1264 0.7886
vn 0.5999 0.1251 0.7902
vn 0.5958 0.1222 0.7938
vn 0.5950 0.1216 0.7945
vn 0.6967 -0.0421 0.7161
vn 0.4583 0.1848 0.8694
vn 0.6298 -0.2222 0.7443
vn -0.2652 -0.4178 0.8690
vn 0.7654 -0.2073 0.6092
vn 0.6895 -0.3700 0.6227
vn 0.8088 -0.3530 0.4704
vn 0.7119 -0.5111 0.4816
vn 0.8125 -0.4890 0.3174
vn 0.8343 -0.5140 0.1993
vn -0.1156 0.5948 0.7955
vn -0.1563 -0.7588 0.6323
vn -0.5596 -0.5425 0.6265
vn -0.5596 -0.5425 0.6266
vn -0.5596 -0.5426 0.6265
vn -0.5735 -0.5393 0.6167
vn -0.5734 -0.5394 0.6166
vn -0.5730 -0.5399 0.6166
vn -0.6000 -0.5149 0.6123
vn -0.5807 -0.5487 0.6015
vn -0.5773 -0.5503 0.6032
vn -0.5798 -0.5492 0.6018
vn -0.6329 -0.4735 0.6126
vn -0.5729 -0.5400 0.6166
vn -0.5537 -0.5760 0.6014
vn -0.5737 -0.5388 0.6169
vn -0.5765 -0.5505 0.6038
vn -0.5701 -0.5194 0.6366
vn -0.5504 -0.5435 0.6338
vn -0.5485 -0.5423 0.6364
vn -0.5485 -0.5434 0.6356
vn -0.5761 -0.4613 0.6748
vn -0.5512 -0.5427 0.6337
vn -0.5606 -0.5146 0.6488
vn -0.5397 -0.5696 0.6199
vn -0.5855 -0.5080 0.6318
vn -0.6068 -0.5450 0.5786
vn -0.6073 -0.5374 0.5852
vn -0.6072 -0.5385 0.5842
vn -0.5600 -0.5830 0.5886
vn -0.6538 -0.5002 0.5678
vn -0.6477 -0.5006 0.5743
vn -0.5572 -0.5835 0.5908
vn -0.6067 -0.5462 0.5776
vn -0.5290 -0.6886 0.4960
vn -0.5830 -0.6008 0.5469
vn -0.5110 -0.6836 0.5211
vn -0.5107 -0.6852 0.5193
vn -0.5108 -0.6844 0.5202
vn -0.5741 -0.6246 0.5294
vn -0.5233 -0.7062 0.4770
vn -0.5233 -0.7064 0.4766
vn -0.5276 -0.6719 0.5198
vn -0.5852 -0.6599 0.4712
vn -0.5852 -0.6599 0.4713
vn -0.5853 -0.6598 0.4712
vn -0.4963 -0.7210 0.4836
vn -0.4963 -0.7212 0.4834
vn -0.5595 -0.6785 0.4760
vn -0.5232 -0.7063 0.4768
vn -0.5519 -0.6547 0.5164
vn -0.5855 -0.5742 0.5723
vn -0.4954 -0.6868 0.5319
vn -0.4960 -0.6858 0.5326
vn -0.4943 -0.6886 0.5306
vn -0.5455 -0.6835 0.4850
vn -0.4936 -0.6896 0.5299
vn -0.5866 -0.6009 0.5430
vn -0.5865 -0.6010 0.5430
vn -0.4905 -0.7231 0.4863
vn -0.5028 -0.6561 0.5628
vn -0.5373 -0.6614 0.5234
vn -0.5372 -0.6614 0.5234
vn -0.5243 -0.6711 0.5242
vn -0.5103 -0.6824 0.5234
vn -0.5900 -0.5855 0.5559
vn -0.5900 -0.5856 0.5559
vn -0.5918 -0.5849 0.5546
vn -0.5662 -0.6404 0.5190
vn -0.5672 -0.6411 0.5171
vn -0.5103 -0.6863 0.5182
vn -0.5373 -0.6613 0.5234
vn -0.5585 -0.6571 0.5063
vn -0.5642 -0.6404 0.5211
vn -0.6065 -0.6132 0.5061
vn -0.5914 -0.6276 0.5064
vn -0.6024 -0.6359 0.4825
vn -0.6023 -0.6358 0.4827
vn -0.6024 -0.6359 0.4824
vn -0.6179 -0.6006 0.5074
vn -0.6312 -0.5746 0.5209
vn -0.6313 -0.5746 0.5209
vn -0.5929 -0.5846 0.5538
vn -0.5908 -0.5852 0.5554
vn -0.5109 -0.6837 0.5211
vn -0.6296 -0.5539 0.5447
vn -0.5696 -0.6269 0.5316
vn -0.5756 -0.6142 0.5399
vn -0.5756 -0.6142 0.5398
vn -0.5665 -0.6406 0.5183
vn -0.5677 -0.6415 0.5160
vn -0.5575 -0.5939 0.5801
vn -0.5756 -0.6143 0.5398
vn -0.5879 -0.5870 0.5565
vn -0.5826 -0.5783 0.5711
vn -0.6312 -0.5747 0.5209
vn -0.5966 -0.5963 0.5372
vn -0.6523 -0.5342 0.5377
vn -0.5511 -0.6520 0.5208
vn -0.3377 -0.8718 0.3549
vn -0.0856 -0.9930 -0.0818
vn -0.3661 -0.8467 0.3862
vn -0.4537 -0.8314 0.3207
vn 0.3945 -0.7020 -0.5929
vn 0.0710 -0.9563 -0.2838
vn 0.3641 -0.7187 -0.5923
vn 0.2838 -0.8623 -0.4194
vn 0.1860 -0.8573 -0.4801
vn -0.4638 -0.7176 0.5196
vn -0.3599 -0.9009 0.2428
vn -0.4562 -0.8212 0.3429
vn -0.1901 -0.9605 -0.2031
vn 0.0635 -0.8859 -0.4594
vn 0.1876 -0.6457 -0.7402
vn 0.0596 -0.7717 -0.6332
vn 0.0014 -0.8473 -0.5311
vn -0.2278 -0.9645 0.1333
vn -0.2881 0.8842 0.3676
vn -0.2879 0.8843 0.3676
vn -0.3470 0.8170 0.4605
vn -0.3467 0.8171 0.4606
vn -0.2773 0.8835 0.3776
vn -0.2772 0.8835 0.3776
vn -0.3470 0.8170 0.4607
vn -0.3472 0.8168 0.4609
vn -0.2880 0.8843 0.3674
vn -0.2871 -0.8577 -0.4266
vn -0.4317 -0.8994 -0.0687
vn -0.0504 -0.6550 -0.7540
vn -0.0401 -0.5921 -0.8049
vn -0.5082 -0.8287 0.2344
vn -0.5028 -0.7591 0.4135
vn -0.5256 -0.7693 0.3632
vn -0.0594 -0.6060 -0.7933
vn -0.2567 -0.8102 -0.5269
vn -0.4223 -0.8962 -0.1364
vn -0.5178 -0.7074 0.4811
vn -0.5726 -0.7837 0.2405
vn -0.5286 -0.7626 -0.3728
vn -0.2489 -0.5686 -0.7841
vn -0.5552 -0.7053 0.4408
vn -0.7733 -0.3007 -0.5582
vn -0.6573 -0.7179 0.2294
vn -0.7058 -0.6603 0.2564
vn -0.5899 -0.8035 0.0796
vn -0.8676 -0.1538 -0.4729
vn -0.8173 -0.5368 0.2094
vn -0.1705 -0.4055 -0.8981
vn -0.5117 -0.5750 -0.6384
vn -0.5191 -0.4269 -0.7405
vn -0.5178 -0.4239 -0.7431
vn -0.5182 -0.4248 -0.7424
vn -0.8444 -0.4682 0.2604
vn -0.8502 0.0146 -0.5263
vn -0.8512 0.0123 -0.5248
vn -0.8510 0.0127 -0.5250
vn -0.5192 -0.4272 -0.7402
vn -0.7680 -0.5463 0.3342
vn -0.6530 -0.4432 -0.6141
vn -0.6536 -0.2831 -0.7019
vn -0.6541 -0.2843 -0.7009
vn -0.6554 -0.2872 -0.6986
vn -0.7803 -0.1975 0.5934
vn -0.7868 -0.4902 0.3750
vn -0.7658 -0.1346 -0.6288
vn -0.7665 -0.1362 -0.6276
vn -0.7681 -0.1400 -0.6248
vn -0.7684 -0.1406 -0.6244
vn -0.6601 -0.7383 0.1384
vn -0.3656 -0.5534 -0.7484
vn -0.8498 0.0154 -0.5269
vn -0.7525 -0.1875 0.6314
vn -0.9307 -0.0052 -0.3656
vn -0.8948 0.1722 -0.4119
vn -0.8982 0.1686 -0.4060
vn -0.8958 0.1712 -0.4102
vn -0.8620 -0.3979 0.3139
vn -0.7425 -0.6025 0.2929
vn -0.8462 -0.2838 0.4510
vn -0.8626 -0.3352 0.3789
vn -0.9584 0.1452 -0.2459
vn -0.8986 0.1682 -0.4053
vn -0.7982 -0.3717 0.4741
vn -0.6574 -0.3737 0.6543
vn -0.6582 0.7100 0.2502
vn -0.7771 -0.6064 0.1683
vn -0.8043 0.5234 0.2814
vn -0.7438 -0.3577 0.5647
vn -0.6939 0.4513 0.5611
vn -0.9045 0.3218 -0.2797
vn -0.9072 0.3186 -0.2749
vn -0.9053 0.3208 -0.2782
vn -0.9075 0.3182 -0.2742
vn -0.9530 0.2829 -0.1086
vn -0.8826 0.4522 -0.1286
vn -0.8828 0.4519 -0.1281
vn -0.8813 0.4540 -0.1312
vn -0.7705 -0.3239 0.5490
vn -0.8807 0.4548 -0.1323
vn -0.9146 0.4023 0.0404
vn -0.7989 -0.4298 0.4207
vn -0.8262 0.5627 0.0270
vn -0.6892 0.7212 -0.0690
vn -0.7943 0.5960 0.1173
vn -0.6940 0.6652 0.2753
vn -0.5048 0.8391 0.2026
vn -0.5527 0.7276 0.4062
vn -0.6556 -0.2877 -0.6982
vn -0.7236 -0.6750 0.1443
vn -0.5427 -0.5306 0.6511
vn -0.5405 -0.5345 0.6498
vn -0.5420 -0.5319 0.6507
vn -0.5267 -0.5420 0.6548
vn -0.5267 -0.5423 0.6546
vn -0.5412 -0.5309 0.6522
vn -0.5231 -0.5703 0.6333
vn -0.5132 -0.5368 0.6696
vn -0.5628 -0.4615 0.6858
vn -0.5396 -0.5018 0.6760
vn -0.5394 -0.5021 0.6760
vn -0.5395 -0.5020 0.6760
vn -0.5398 -0.5356 0.6494
vn -0.5123 -0.4735 0.7165
vn -0.5184 -0.5268 0.6736
vn -0.5265 -0.5048 0.6841
vn -0.5149 -0.5416 0.6645
vn -0.5132 -0.5741 0.6380
vn -0.5268 -0.5420 0.6547
vn -0.4816 -0.4927 0.7248
vn -0.5024 -0.5812 0.6401
vn -0.4931 -0.5324 0.6881
vn -0.4872 -0.5386 0.6874
vn -0.4862 -0.5398 0.6871
vn -0.4942 -0.5313 0.6881
vn -0.4998 -0.5807 0.6426
vn -0.4746 -0.4912 0.7304
vn -0.4261 -0.5645 0.7070
vn -0.4261 -0.5644 0.7070
vn -0.4646 -0.5803 0.6688
vn -0.4644 -0.5797 0.6695
vn -0.4643 -0.5794 0.6699
vn -0.4445 -0.5888 0.6751
vn -0.4273 -0.6334 0.6451
vn -0.4286 -0.6337 0.6440
vn -0.4117 -0.5980 0.6876
vn -0.4392 -0.6199 0.6503
vn -0.4378 -0.6184 0.6526
vn -0.4374 -0.6178 0.6535
vn -0.4126 -0.5904 0.6936
vn -0.3875 -0.6252 0.6775
vn -0.3874 -0.6252 0.6776
vn -0.3874 -0.6252 0.6775
vn -0.4816 -0.5690 0.6665
vn -0.4810 -0.5725 0.6640
vn -0.4815 -0.5700 0.6658
vn -0.4650 -0.5810 0.6680
vn -0.4428 -0.5234 0.7280
vn -0.4908 -0.5903 0.6408
vn -0.4553 -0.5946 0.6627
vn -0.4320 -0.6797 0.5928
vn -0.4335 -0.6789 0.5926
vn -0.4326 -0.6794 0.5927
vn -0.4512 -0.5453 0.7065
vn -0.3767 -0.6495 0.6605
vn -0.4293 -0.6337 0.6435
vn -0.4278 -0.6336 0.6446
vn -0.4480 -0.6079 0.6556
vn -0.4621 -0.5782 0.6724
vn -0.4130 -0.6188 0.6683
vn -0.3934 -0.7164 0.5762
vn -0.3938 -0.7161 0.5763
vn -0.3851 -0.6997 0.6018
vn -0.3851 -0.6997 0.6017
vn -0.3825 -0.6698 0.6365
vn -0.3873 -0.6252 0.6776
vn -0.4420 -0.6871 0.5767
vn -0.4139 -0.6500 0.6373
vn -0.4295 -0.6671 0.6087
vn -0.4334 -0.6666 0.6065
vn -0.4307 -0.6668 0.6081
vn -0.4343 -0.6667 0.6057
vn -0.4343 -0.6786 0.5924
vn -0.4252 -0.6484 0.6315
vn -0.4398 -0.6204 0.6494
vn -0.4511 -0.5943 0.6658
vn -0.4511 -0.5944 0.6657
vn -0.3924 -0.6762 0.6236
vn -0.4329 -0.6562 0.6181
vn -0.4807 -0.5734 0.6634
vn -0.4049 -0.6824 0.6085
vn -0.4298 -0.6459 0.6310
vn -0.4442 -0.6106 0.6556
vn -0.3973 -0.7184 0.5710
vn -0.4320 -0.6796 0.5929
vn -0.4446 -0.6834 0.5791
vn -0.4763 -0.6543 0.5874
vn -0.4288 -0.6824 0.5920
vn -0.4640 -0.5792 0.6702
vn -0.4238 -0.6344 0.6465
vn 0.4608 -0.8163 -0.3484
vn 0.0850 -0.9500 0.3004
vn 0.8257 0.3431 -0.4478
vn -0.3890 0.6553 0.6476
vn 0.1331 -0.4724 0.8713
vn 0.1432 -0.9781 -0.1510
vn 0.1399 -0.9892 -0.0435
vn 0.8155 0.5781 -0.0254
vn 0.1907 -0.8996 0.3928
vn -0.3184 -0.5133 0.7970
vn 0.3618 0.9322 0.0051
vn -0.0491 -0.8879 0.4574
vn 0.4937 -0.7101 0.5020
vn -0.0920 -0.8084 0.5814
vn -0.1797 -0.9404 0.2887
vn 0.0291 -0.9498 0.3115
vn 0.5605 -0.6772 -0.4767
vn 0.1199 0.7061 0.6979
vn 0.5047 0.7840 -0.3615
vn 0.2552 -0.9422 -0.2171
vn 0.2165 -0.9228 -0.3188
vn 0.0749 0.5680 0.8196
vn -0.2883 -0.7734 0.5646
vn 0.7792 -0.5036 -0.3731
vn -0.5766 0.2487 0.7783
vn -0.5466 0.4231 0.7227
vn -0.5390 0.4225 0.7287
vn -0.5467 0.4232 0.7225
vn -0.2610 0.7023 0.6623
vn 0.5502 -0.8203 -0.1562
vn 0.1432 -0.7504 0.6453
vn -0.5041 0.3426 0.7928
vn -0.4491 0.0080 0.8935
vn 0.2801 0.9260 0.2531
vn 0.9978 0.0666 0.0028
vn 0.6699 0.2933 -0.6821
vn -0.2953 0.2127 0.9314
vn -0.3872 -0.6196 0.6828
vn -0.3877 -0.6193 0.6827
vn -0.3887 -0.6106 0.6900
vn -0.5160 0.5833 0.6273
vn -0.0521 0.8965 0.4400
vn -0.3079 0.7515 0.5834
vn -0.5067 0.6718 0.5403
vn 0.8818 -0.0216 -0.4712
vn 0.8833 -0.0314 -0.4678
vn 0.8833 -0.0313 -0.4678
vn -0.2687 -0.8618 0.4302
vn -0.5353 -0.2988 0.7901
vn 0.3077 0.3997 0.8634
vn 0.9735 -0.1883 -0.1298
vn -0.0770 -0.9868 0.1428
vn 0.6735 -0.0698 -0.7359
vn 0.3890 -0.6668 -0.6357
vn 0.8133 0.3251 -0.4825
vn 0.6721 0.6373 -0.3770
vn 0.8119 -0.5403 -0.2212
vn 0.4025 0.8568 -0.3223
vn 0.4767 -0.5816 -0.6592
vn 0.0366 0.9975 0.0611
vn 0.6533 -0.3490 -0.6719
vn 0.5794 -0.4242 -0.6960
vn -0.0306 0.8603 0.5088
vn 0.3306 0.8752 0.3531
vn 0.0285 -0.1706 0.9849
vn 0.6543 0.4603 -0.6001
vn 0.2989 -0.8765 -0.3774
vn 0.7307 0.1454 -0.6671
vn 0.7308 0.1455 -0.6669
vn 0.7300 0.1458 -0.6677
vn 0.7159 -0.1343 -0.6851
vn 0.7233 -0.1353 -0.6772
vn 0.7153 -0.1342 -0.6858
vn 0.9407 0.1509 -0.3037
vn 0.7293 0.1460 -0.6685
vn 0.5572 -0.7150 -0.4223
vn 0.6290 -0.2509 -0.7358
vn 0.7055 0.6544 -0.2720
vn 0.5548 0.6185 -0.5564
vn -0.3388 -0.1886 0.9218
vn -0.3404 -0.1915 0.9206
vn -0.3387 -0.1885 0.9218
vn -0.5146 -0.1894 0.8362
vn -0.2703 0.7974 0.5395
vn -0.1119 0.9328 0.3426
vn 0.9178 0.2737 -0.2876
vn 0.1855 0.9823 0.0269
vn 0.1940 0.9804 0.0349
vn 0.1863 0.9821 0.0274
vn -0.0848 -0.3492 0.9332
vn -0.2095 0.8743 0.4378
vn 0.5167 0.5965 0.6142
vn 0.1948 0.9802 0.0359
vn 0.5239 0.8432 -0.1206
vn 0.0590 0.9710 0.2318
vn 0.0589 0.9709 0.2319
vn 0.0589 0.9710 0.2316
vn 0.2440 -0.5986 0.7630
vn -0.1687 0.8149 0.5545
vn 0.8834 -0.0319 -0.4675
vn -0.2292 0.4612 0.8572
vn -0.2374 0.9234 0.3016
vn -0.1970 0.2301 0.9530
vn -0.0981 0.9439 0.3155
vn -0.3081 -0.3063 0.9007
vn -0.6005 0.0667 0.7968
vn -0.1427 0.7589 0.6354
vn 0.6473 -0.5765 -0.4986
vn 0.6466 -0.5761 -0.5000
vn 0.6504 -0.5782 -0.4926
vn -0.3258 0.5623 0.7600
vn -0.1930 -0.9014 0.3875
vn -0.3417 0.8732 0.3474
vn 0.5823 -0.8077 0.0928
vn 0.4697 -0.8691 -0.1549
vn 0.4735 -0.8671 -0.1548
vn 0.4706 -0.8686 -0.1549
vn -0.5220 -0.4684 0.7129
vn -0.3387 -0.1883 0.9219
vn 0.4096 -0.8614 -0.3003
vn 0.4812 -0.7666 -0.4251
vn 0.0897 -0.8526 0.5149
vn -0.3111 -0.7513 0.5820
vn 0.0487 -0.9988 0.0081
vn 0.2326 -0.9634 0.1330
vn 0.3078 0.9335 -0.1842
vn 0.6312 0.7529 -0.1862
vn 0.6518 0.5020 -0.5685
vn 0.8247 0.2091 -0.5254
vn -0.4382 0.1796 0.8808
vn -0.4208 0.5132 0.7480
vn -0.1182 0.9780 0.1717
vn -0.1182 0.9780 0.1718
vn -0.1175 0.9780 0.1721
vn 0.2090 0.9701 0.1237
vn 0.7662 -0.2022 -0.6100
vn 0.6178 -0.5216 -0.5884
vn -0.3230 0.6129 0.7212
vn 0.1520 0.5808 0.7997
vn -0.2742 0.7306 0.6254
vn 0.1091 0.8957 0.4311
vn 0.1087 0.8962 0.4302
vn 0.1087 0.8963 0.4300
vn 0.7019 -0.4307 0.5673
vn 0.1043 0.4219 0.9006
vn 0.8849 -0.4229 0.1954
vn 0.8642 0.2406 0.4420
vn 0.8634 0.2366 0.4455
vn 0.8634 0.2364 0.4457
vn 0.3883 -0.8364 -0.3868
vn 0.2711 -0.9392 -0.2108
vn 0.3969 -0.9166 -0.0488
vn -0.2155 0.8023 0.5566
vn -0.1639 0.7330 0.6602
vn -0.0356 0.5455 0.8374
vn 0.0203 0.6988 0.7151
vn -0.0803 0.8622 0.5002
vn 0.5187 0.7460 -0.4177
vn 0.7173 0.5420 -0.4378
vn 0.5529 0.7105 -0.4353
vn 0.5990 0.7769 -0.1941
vn 0.7904 0.4755 -0.3862
vn 0.6871 0.3997 -0.6068
vn 0.0208 0.2530 0.9673
vn 0.1464 0.0826 0.9858
vn 0.0237 0.0963 0.9951
vn 0.5715 -0.0502 0.8191
vn 0.4802 0.2253 0.8477
vn 0.3192 0.8622 0.3933
vn 0.8577 0.4860 0.1681
vn 0.6057 0.6137 0.5066
vn 0.7171 0.6968 -0.0175
vn 0.7754 0.5896 -0.2262
vn 0.6563 0.7503 0.0789
vn 0.6715 0.7071 0.2216
vn 0.7842 0.5546 0.2783
vn 0.9769 0.0976 0.1901
vn 0.8949 -0.1408 0.4235
vn 0.8189 -0.5155 -0.2522
vn 0.8210 0.4953 -0.2840
vn 0.9138 0.3653 -0.1775
vn 0.9147 0.3658 -0.1720
vn 0.9157 0.3657 -0.1669
vn 0.9550 0.2942 -0.0386
vn 0.9641 -0.1074 -0.2428
vn 0.1785 -0.9182 0.3537
vn 0.4370 -0.8267 0.3543
vn 0.2949 -0.8985 -0.3251
vn 0.4741 -0.8668 -0.1547
vn 0.8049 0.5923 -0.0348
vn 0.9155 0.3663 -0.1667
vn 0.5351 0.8434 0.0487
vn 0.5545 0.7653 0.3267
vn 0.5393 0.7327 0.4152
vn 0.7217 0.5130 0.4648
vn 0.3568 0.7821 0.5109
vn 0.3632 0.7065 0.6074
vn 0.9134 0.3743 0.1601
vn 0.8649 0.2447 0.4382
vn 0.9316 0.2676 0.2461
vn 0.8007 -0.0998 0.5907
vn 0.6349 -0.6088 0.4757
vn 0.9672 0.0172 0.2533
vn 0.6386 -0.0267 0.7691
vn 0.3706 -0.3239 0.8705
vn 0.9947 0.0959 -0.0364
vn 0.9300 -0.1225 -0.3465
vn 0.9783 0.0621 -0.1978
vn 0.9973 -0.0719 0.0122
vn 0.9643 -0.1681 0.2047
vn 0.8430 -0.5378 -0.0095
vn -0.4368 0.5363 0.7222
vn -0.2544 0.4530 0.8544
vn -0.2674 0.6259 0.7326
vn -0.3429 0.3660 0.8651
vn -0.0914 0.2912 0.9523
vn 0.6077 -0.5678 -0.5553
vn 0.4525 -0.7185 -0.5282
vn 0.7643 -0.3910 -0.5128
vn 0.6630 -0.6811 -0.3106
vn -0.0809 0.8537 0.5145
vn -0.2821 0.8348 0.4728
vn 0.1104 0.8987 0.4245
vn 0.1107 0.8995 0.4227
vn 0.4934 0.8229 0.2817
vn 0.1120 -0.9802 0.1632
vn 0.2957 -0.9288 0.2235
vn 0.4590 -0.8823 0.1044
vn 0.2986 -0.8481 0.4377
vn 0.3886 -0.8927 0.2281
vn 0.6436 -0.7646 0.0346
vn 0.7863 -0.6021 0.1382
vn 0.7852 -0.6034 0.1391
vn 0.7872 -0.6012 0.1376
vn 0.5723 -0.6326 0.5218
vn 0.9249 -0.3683 0.0947
vn 0.7117 -0.5140 0.4788
vn 0.2918 -0.7777 0.5568
vn 0.1564 -0.7711 0.6172
vn -0.0695 -0.6409 0.7645
vn -0.0694 -0.6405 0.7648
vn -0.0677 -0.6337 0.7706
vn -0.0286 -0.8667 0.4981
vn 0.3804 -0.7154 0.5861
vn 0.5704 -0.4477 0.6886
vn 0.3583 -0.5875 0.7255
vn 0.2475 -0.3261 0.9124
vn 0.4762 -0.7988 0.3676
vn 0.5230 -0.4924 0.6957
vn 0.6006 -0.7500 0.2772
vn 0.7422 -0.6211 0.2516
vn 0.1750 -0.1794 0.9681
vn -0.1306 -0.3737 0.9183
vn 0.2350 0.1669 0.9575
vn -0.1019 0.0639 0.9927
vn -0.2812 0.6169 0.7351
vn 0.6510 -0.5785 -0.4914
vn -0.1837 0.6549 0.7330
vn -0.1063 0.8774 0.4678
vn -0.0202 0.7994 0.6005
vn 0.3109 0.6683 0.6758
vn 0.3838 0.4964 0.7787
vn -0.3070 0.0427 0.9507
vn -0.1878 0.0006 0.9822
vn 0.4847 -0.7249 -0.4894
vn 0.6538 -0.7198 -0.2333
vn 0.6765 -0.6454 -0.3546
vn 0.5309 -0.8270 -0.1848
vn 0.3780 -0.9203 -0.1008
vn 0.8777 -0.2870 -0.3839
vn 0.8250 -0.1948 -0.5305
vn 0.8818 -0.3296 -0.3374
vn 0.7525 -0.4704 -0.4609
vn 0.9039 -0.3386 -0.2614
vn 0.7808 -0.4921 -0.3850
vn 0.3661 0.9136 -0.1767
vn 0.3650 0.9138 -0.1783
vn 0.3656 0.9137 -0.1775
vn 0.4510 0.8859 0.1088
vn 0.4512 0.8859 0.1081
vn 0.4509 0.8859 0.1094
vn 0.3664 0.9136 -0.1766
vn 0.1741 0.9826 -0.0640
vn 0.8958 0.0833 -0.4366
vn 0.8058 -0.0034 -0.5922
vn 0.7241 -0.1354 -0.6762
vn 0.6971 0.1129 -0.7080
vn -0.0220 -0.7169 0.6968
vn -0.3231 -0.6937 0.6438
vn 0.7392 -0.6412 -0.2059
vn 0.6693 -0.7426 0.0259
vn 0.9686 -0.1790 -0.1726
vn 0.9088 -0.3988 -0.1227
vn -0.3772 -0.0139 0.9260
vn -0.1953 -0.1301 0.9721
vn -0.0536 -0.2267 0.9725
vn -0.0238 0.0597 0.9979
vn -0.4646 0.1587 0.8712
vn -0.5512 -0.1192 0.8258
vn -0.5359 0.1637 0.8282
vn -0.5361 -0.0482 0.8427
vn 0.2236 0.2503 0.9420
vn 0.0797 0.3047 0.9491
vn -0.1341 0.4580 0.8788
vn -0.1306 0.4593 0.8786
vn -0.1352 0.4576 0.8788
vn -0.1795 0.2525 0.9508
vn -0.0707 0.5036 0.8611
vn -0.2591 0.4381 0.8608
vn 0.8431 -0.2868 -0.4548
vn 0.7185 -0.3582 -0.5962
vn 0.7190 -0.3593 -0.5949
vn 0.7162 -0.3529 -0.6021
vn 0.5176 -0.8516 0.0830
vn 0.2646 -0.9621 -0.0661
vn 0.7777 0.2315 0.5844
vn 0.3545 0.1104 0.9285
vn 0.5826 0.2752 0.7647
vn 0.4964 0.4971 0.7117
vn 0.1259 0.8592 0.4958
vn 0.3468 0.7745 0.5290
vn 0.0347 -0.9957 0.0857
vn 0.2613 -0.9651 0.0189
vn 0.6715 -0.6774 0.3003
vn 0.8521 -0.3865 0.3530
vn 0.7925 -0.4796 0.3769
vn 0.8419 -0.1779 0.5094
vn 0.7974 -0.3012 0.5230
vn 0.6110 -0.2987 0.7331
vn 0.5087 -0.1664 0.8447
vn 0.4552 -0.5063 0.7325
vn 0.8976 -0.3856 -0.2139
vn 0.8554 -0.5141 -0.0637
vn 0.8527 -0.5190 -0.0600
vn 0.8552 -0.5145 -0.0632
vn 0.6666 -0.7359 -0.1184
vn 0.7122 -0.6094 -0.3486
vn 0.2298 -0.0901 0.9691
vn 0.4755 0.2009 0.8565
vn 0.3558 -0.0426 0.9336
vn 0.5120 -0.1266 0.8496
vn -0.4984 -0.3603 0.7885
vn -0.1764 -0.5097 0.8421
vn -0.0677 -0.6335 0.7708
vn 0.1340 -0.5151 0.8466
vn -0.3888 -0.6095 0.6909
vn -0.3762 -0.3895 0.8407
vn 0.3292 0.3748 0.8667
vn 0.0773 0.3953 0.9153
vn 0.3156 0.4301 0.8458
vn 0.0123 0.6898 0.7239
vn -0.1276 0.6422 0.7558
vn -0.0934 0.6843 0.7232
vn -0.2514 0.5866 0.7699
vn -0.1299 0.4594 0.8787
vn 0.0647 0.5583 0.8271
vn 0.1721 0.6077 0.7753
vn 0.3032 0.6217 0.7222
vn 0.1503 0.7321 0.6644
vn 0.1489 0.7659 0.6255
vn -0.0316 0.7799 0.6251
vn 0.1872 0.8077 0.5590
vn -0.0518 0.7887 0.6126
vn 0.8877 0.0629 0.4561
vn 0.9233 -0.2269 0.3100
vn 0.8666 -0.3736 0.3308
vn 0.9511 -0.2999 0.0740
vn 0.9116 0.0118 0.4110
vn 0.8164 0.0072 0.5774
vn 0.7334 0.0987 0.6726
vn 0.7063 -0.2473 0.6633
vn 0.7321 -0.1382 0.6670
vn 0.7668 -0.3187 0.5572
vn 0.7874 -0.6010 0.1374
vn 0.8521 -0.5201 -0.0592
vn -0.3192 0.1876 0.9289
vn -0.4158 0.3585 0.8358
vn 0.0590 0.9708 0.2324
vn 0.1277 0.9405 0.3149
vn -0.0884 -0.9667 0.2400
vn -0.4519 0.5081 0.7332
vn -0.4451 0.3408 0.8281
vn -0.0761 0.9397 0.3335
vn 0.0209 0.9836 0.1790
vn 0.5973 -0.5143 -0.6154
vn 0.7160 -0.3522 -0.6028
vn 0.7411 0.5062 0.4410
vn 0.6099 0.3632 0.7044
vn 0.6643 0.3698 0.6496
vn 0.7030 0.0903 0.7054
vn 0.9720 -0.1847 0.1451
vn 0.9577 -0.2814 -0.0601
vn -0.3776 0.7181 0.5846
vn 0.6195 -0.6192 -0.4825
vn 0.4507 0.8859 0.1096
vn 0.2886 0.9334 0.2131
vn 0.5300 -0.7470 -0.4014
vn 0.6012 -0.7614 -0.2424
vn 0.2700 -0.7239 -0.6349
vn 0.3757 -0.0277 -0.9263
vn -0.6312 -0.7529 0.1862
vn 0.2288 -0.0055 -0.9735
vn -0.3681 0.9089 -0.1958
vn 0.5209 -0.4214 -0.7424
vn 0.4896 -0.3373 -0.8041
vn -0.4478 -0.8863 -0.1186
vn -0.4479 -0.8862 -0.1180
vn -0.4479 -0.8863 -0.1181
vn -0.0537 0.3767 -0.9248
vn -0.0289 0.9996 0.0080
vn -0.7171 -0.6968 0.0175
vn 0.4759 0.0964 -0.8742
vn -0.0067 -0.1866 -0.9824
vn 0.5743 -0.0655 -0.8160
vn 0.3263 0.2049 -0.9228
vn 0.4963 0.0994 -0.8625
vn 0.1646 -0.8509 -0.4989
vn -0.6810 0.7111 0.1749
vn -0.6871 -0.3997 0.6068
vn 0.4434 -0.5300 -0.7228
vn 0.5299 0.2988 -0.7937
vn -0.6192 0.7850 0.0203
vn -0.2588 0.9644 -0.0553
vn -0.8792 0.2808 0.3850
vn -0.2114 0.9774 0.0083
vn -0.1263 0.9782 0.1649
vn -0.4649 0.8276 0.3144
vn -0.1428 -0.4612 -0.8757
vn 0.1728 0.4839 -0.8579
vn -0.1306 0.9899 0.0547
vn 0.0476 0.9850 -0.1659
vn -0.0366 -0.9975 -0.0611
vn -0.9571 -0.0877 -0.2763
vn -0.4025 -0.8568 0.3223
vn 0.2660 0.5522 -0.7901
vn 0.4449 0.6223 -0.6440
vn -0.1981 0.9217 0.3335
vn -0.8057 0.0034 0.5923
vn -0.4303 0.8043 0.4098
vn -0.2240 0.8682 0.4428
vn 0.4979 -0.5827 -0.6423
vn 0.4369 0.4709 -0.7664
vn 0.4395 0.4666 -0.7675
vn 0.4393 0.4669 -0.7675
vn 0.3058 0.7474 -0.5899
vn 0.3050 0.7504 -0.5864
vn 0.3048 0.7507 -0.5862
vn -0.9350 0.2566 -0.2448
vn -0.3384 -0.7537 -0.5634
vn -0.1424 0.9777 -0.1544
vn 0.2707 -0.0370 -0.9619
vn -0.6466 0.5761 0.5000
vn 0.3417 -0.8732 -0.3474
vn -0.5990 -0.7769 0.1941
vn -0.7173 -0.5420 0.4378
vn 0.0416 -0.8011 -0.5971
vn -0.6699 -0.2933 0.6821
vn 0.2374 -0.9234 -0.3016
vn -0.4512 -0.8859 -0.1081
vn -0.0209 -0.9837 -0.1788
vn 0.0852 -0.9764 -0.1982
vn -0.7998 0.5251 0.2908
vn -0.9172 -0.3638 0.1622
vn -0.6642 0.7041 -0.2511
vn -0.5187 -0.7460 0.4177
vn 0.4330 -0.6660 -0.6074
vn -0.3662 -0.9136 0.1768
vn -0.3664 -0.9136 0.1766
vn -0.3656 -0.9137 0.1775
vn -0.1863 -0.9821 -0.0274
vn -0.1940 -0.9804 -0.0350
vn -0.1855 -0.9823 -0.0269
vn -0.9544 -0.2969 -0.0302
vn -0.3650 -0.9138 0.1783
vn 0.1688 -0.8149 -0.5544
vn -0.3395 0.8799 0.3325
vn -0.7904 -0.4756 0.3862
vn -0.5548 -0.6185 0.5564
vn 0.1880 0.9407 -0.2823
vn -0.6290 0.2509 0.7358
vn -0.4679 0.7584 0.4537
vn -0.5882 0.5428 0.5995
vn 0.2502 0.7995 -0.5461
vn -0.7153 0.1342 0.6858
vn -0.7233 0.1353 0.6772
vn -0.7159 0.1344 0.6851
vn -0.1483 0.6348 -0.7583
vn -0.5189 0.6608 0.5423
vn -0.7753 0.6155 0.1414
vn -0.7241 0.1354 0.6763
vn -0.8247 -0.2091 0.5254
vn -0.6932 0.3657 0.6211
vn -0.6931 0.3655 0.6213
vn -0.6930 0.3654 0.6215
vn -0.6103 0.0839 -0.7878
vn -0.5572 0.7150 0.4222
vn -0.0540 0.8390 -0.5415
vn -0.1331 -0.8580 -0.4962
vn -0.4767 0.5816 0.6592
vn -0.8350 0.2434 0.4935
vn -0.5947 0.5160 0.6165
vn 0.0338 0.9017 -0.4309
vn -0.1741 -0.9826 0.0640
vn -0.5735 0.7505 0.3282
vn 0.0618 0.9732 -0.2216
vn -0.3729 0.9102 0.1801
vn 0.0513 -0.8959 -0.4414
vn 0.0521 -0.8965 -0.4400
vn 0.0478 -0.8934 -0.4467
vn -0.6149 0.5164 0.5960
vn -0.3890 0.6667 0.6357
vn -0.3131 -0.4977 -0.8089
vn 0.2223 -0.5895 -0.7766
vn 0.2187 -0.5910 -0.7765
vn 0.2215 -0.5899 -0.7766
vn 0.5411 -0.2466 -0.8040
vn 0.3409 -0.2474 -0.9070
vn 0.3155 -0.6667 -0.6753
vn 0.2548 -0.7846 -0.5653
vn -0.6971 -0.1130 0.7080
vn -0.8257 -0.3431 0.4478
vn -0.5529 -0.7105 0.4353
vn -0.5239 -0.8432 0.1206
vn -0.5472 0.4229 0.7223
vn -0.7611 0.1935 0.6191
vn -0.2110 -0.9678 -0.1370
vn 0.0741 -0.9366 -0.3425
vn 0.2333 0.8590 -0.4557
vn -0.0178 0.9423 -0.3344
vn -0.3899 0.8896 0.2380
vn -0.6927 0.7202 -0.0380
vn -0.4581 0.8128 0.3599
vn -0.7596 0.4752 0.4441
vn -0.7593 0.4748 0.4450
vn -0.7592 0.4747 0.4453
vn 0.3485 -0.7164 -0.6044
vn 0.4278 -0.5337 -0.7295
vn 0.2635 -0.4750 -0.8396
vn -0.2188 0.9116 -0.3480
vn -0.3904 0.9197 0.0409
vn -0.3956 0.9175 0.0414
vn -0.3965 0.9171 0.0417
vn -0.5169 0.7410 0.4287
vn -0.5523 0.7765 0.3034
vn -0.5238 0.8519 0.0031
vn -0.5226 0.8526 -0.0036
vn -0.5218 0.8530 -0.0046
vn -0.6694 0.7265 0.1553
vn -0.6286 0.6318 0.4535
vn -0.6543 -0.4603 0.6001
vn -0.6721 -0.6373 0.3769
vn -0.6518 -0.5020 0.5685
vn -0.8133 -0.3252 0.4825
vn -0.7055 -0.6544 0.2720
vn -0.5047 -0.7840 0.3614
vn -0.5180 0.8554 -0.0012
vn -0.5170 0.8560 -0.0016
vn -0.6173 0.7541 -0.2242
vn -0.6207 0.7514 -0.2241
vn -0.6175 0.7540 -0.2240
vn -0.5868 0.5432 -0.6005
vn -0.9038 -0.2935 -0.3114
vn -0.8476 -0.0813 -0.5244
vn -0.9610 -0.2763 0.0084
vn -0.9745 0.1824 -0.1305
vn -0.8783 0.3160 0.3588
vn -0.9178 -0.2737 0.2875
vn -0.8203 -0.4949 0.2867
vn -0.9407 -0.1509 0.3037
vn -0.9924 -0.0014 -0.1231
vn -0.9772 -0.0655 0.2020
vn -0.8534 0.2210 -0.4722
vn -0.4331 -0.3311 -0.8383
vn -0.5506 -0.7694 -0.3238
vn -0.7320 -0.4603 -0.5023
vn -0.6563 -0.7503 -0.0789
vn -0.9958 -0.0873 0.0258
vn -0.8916 0.3404 0.2985
vn -0.6229 -0.4520 -0.6385
vn -0.4801 -0.5919 -0.6474
vn -0.9617 0.2683 0.0555
vn -0.8124 0.4767 -0.3357
vn -0.7771 -0.5879 0.2250
vn -0.8082 -0.5878 0.0355
vn -0.8112 -0.5839 0.0328
vn -0.8141 -0.5798 0.0312
vn -0.8514 -0.5099 -0.1230
vn -0.7246 -0.5374 -0.4314
vn -0.9119 0.3330 -0.2398
vn -0.6611 0.4011 -0.6341
vn -0.5170 0.4016 -0.7559
vn -0.6694 -0.1818 -0.7203
vn -0.6692 -0.1814 -0.7206
vn -0.6695 -0.1815 -0.7203
vn 0.0397 -0.1776 -0.9833
vn -0.4253 0.2358 -0.8738
vn 0.4293 -0.6278 -0.6493
vn 0.0939 -0.4346 -0.8957
vn -0.9143 -0.3618 0.1819
vn -0.8140 -0.5801 0.0302
vn -0.9192 -0.0152 -0.3935
vn -0.8212 -0.3244 -0.4695
vn -0.8958 -0.0833 0.4366
vn -0.9451 0.1166 0.3052
vn -0.5960 -0.3496 -0.7229
vn -0.1934 -0.7144 -0.6725
vn -0.1933 -0.7138 -0.6732
vn -0.1922 -0.7069 -0.6807
vn -0.2365 -0.0771 -0.9686
vn -0.2040 -0.5154 -0.8323
vn -0.6701 -0.7151 -0.1990
vn -0.4737 -0.8391 -0.2674
vn -0.7733 -0.5769 -0.2632
vn -0.5606 -0.7049 -0.4346
vn -0.2634 0.9393 0.2198
vn -0.2769 0.9592 -0.0578
vn -0.4420 0.8692 0.2218
vn -0.3843 0.9223 0.0401
vn -0.4216 0.8870 -0.1882
vn -0.5417 0.7965 -0.2688
vn -0.3643 0.8375 -0.4072
vn -0.6772 0.6069 -0.4161
vn -0.1372 0.8374 -0.5292
vn -0.4110 0.4834 -0.7729
vn 0.2029 0.3736 -0.9051
vn -0.5098 0.2695 -0.8170
vn -0.7748 0.4853 -0.4053
vn -0.7360 0.6767 -0.0172
vn 0.0960 -0.9152 -0.3915
vn 0.2859 -0.8377 -0.4653
vn -0.1360 -0.9332 -0.3326
vn 0.0310 -0.7816 -0.6231
vn -0.6285 0.6414 0.4399
vn -0.4564 0.7215 0.5207
vn -0.7598 0.4700 0.4492
vn -0.7598 0.4686 0.4506
vn -0.9402 0.1187 0.3194
vn -0.1765 0.9306 -0.3207
vn -0.0194 0.9923 -0.1227
vn -0.4277 0.8771 0.2186
vn -0.2045 0.6564 -0.7262
vn -0.5311 0.8203 0.2124
vn -0.6066 0.6250 0.4913
vn -0.6570 0.6216 0.4266
vn 0.2024 0.8797 -0.4303
vn 0.0255 0.7824 -0.6222
vn -0.0012 0.6654 -0.7465
vn -0.2401 0.7661 -0.5961
vn -0.3290 0.7645 -0.5543
vn -0.2771 0.8995 -0.3379
vn 0.4258 -0.1589 -0.8908
vn 0.2432 -0.2075 -0.9475
vn 0.1547 -0.3860 -0.9094
vn 0.1130 -0.0270 -0.9932
vn 0.1590 -0.2475 -0.9558
vn -0.1640 -0.3144 -0.9350
vn -0.0154 0.1172 -0.9930
vn 0.2293 0.1514 -0.9615
vn -0.2052 0.1661 -0.9645
vn -0.3256 0.4294 -0.8423
vn 0.0568 0.2308 -0.9713
vn 0.3175 0.3262 -0.8904
vn 0.4424 0.4172 -0.7939
vn 0.5140 0.1200 -0.8493
vn 0.0535 0.2646 -0.9629
vn -0.0151 0.6545 -0.7559
vn 0.0532 0.5163 -0.8547
vn 0.3059 0.7469 -0.5904
vn 0.4366 0.4715 -0.7662
vn 0.2204 0.6483 -0.7288
vn -0.3342 -0.5554 -0.7615
vn -0.2280 -0.7484 -0.6229
vn 0.2519 -0.8276 -0.5017
vn 0.0305 -0.8153 -0.5782
vn 0.0168 -0.8157 -0.5782
vn 0.1629 -0.5919 -0.7894
vn 0.2985 -0.5056 -0.8095
vn -0.8979 0.1860 -0.3990
vn -0.7809 0.0513 -0.6225
vn -0.3264 -0.8749 -0.3579
vn -0.2874 -0.9382 -0.1928
vn -0.3218 -0.8505 -0.4160
vn -0.1005 -0.9036 -0.4163
vn -0.3638 -0.8022 -0.4734
vn -0.1366 -0.8656 -0.4817
vn -0.5457 -0.7324 -0.4071
vn -0.4748 -0.6342 -0.6102
vn -0.0670 -0.2835 -0.9566
vn -0.3131 -0.1972 -0.9290
vn 0.0511 -0.4439 -0.8946
vn 0.0199 -0.4745 -0.8800
vn 0.0722 -0.6822 -0.7276
vn -0.0583 -0.7033 -0.7085
vn -0.7306 -0.1455 0.6671
vn -0.7293 -0.1460 0.6684
vn -0.7300 -0.1458 0.6677
vn -0.8819 0.0223 0.4709
vn -0.8818 0.0216 0.4712
vn -0.8820 0.0230 0.4707
vn -0.7308 -0.1455 0.6669
vn -0.6735 0.0698 0.7359
vn -0.5352 -0.8434 -0.0487
vn -0.3618 -0.9323 -0.0051
vn -0.1948 -0.9802 -0.0359
vn -0.3078 -0.9335 0.1842
vn -0.6703 -0.1862 -0.7184
vn -0.3903 -0.2169 -0.8948
vn 0.3918 -0.4221 -0.8175
vn 0.2182 -0.5912 -0.7765
vn -0.7097 0.0054 -0.7045
vn -0.8150 -0.1916 -0.5468
vn -0.6103 0.1836 -0.7706
vn -0.5047 -0.0704 -0.8604
vn -0.3355 0.3017 -0.8924
vn -0.5054 -0.0077 -0.8628
vn -0.0360 0.1092 -0.9934
vn -0.4078 0.0870 -0.9089
vn -0.1275 -0.0690 -0.9894
vn -0.3010 0.0629 -0.9516
vn -0.6971 0.2473 -0.6730
vn -0.6340 0.4236 -0.6470
vn -0.7869 0.1604 -0.5959
vn -0.7736 0.4146 -0.4792
vn -0.6451 0.6185 -0.4487
vn -0.3930 0.5745 -0.7180
vn 0.5208 -0.1775 -0.8350
vn 0.3639 -0.3553 -0.8610
vn -0.2751 -0.9103 -0.3094
vn -0.0910 -0.9645 -0.2481
vn -0.0911 -0.9640 -0.2499
vn -0.0904 -0.9665 -0.2402
vn -0.7784 0.5206 0.3509
vn -0.8624 0.4433 0.2444
vn -0.8971 0.4396 0.0435
vn -0.9647 0.2271 0.1332
vn -0.9658 0.2276 0.1242
vn -0.9659 0.2272 0.1238
vn -0.4882 0.7863 -0.3786
vn -0.4578 0.6190 -0.6381
vn -0.4425 0.6893 -0.5736
vn -0.5237 0.7140 -0.4646
vn -0.1920 -0.7055 -0.6822
vn 0.0193 -0.6056 -0.7955
vn -0.6932 0.3659 0.6209
vn -0.7560 0.3837 0.5304
vn -0.2758 0.9437 0.1829
vn -0.2395 0.9501 0.2000
vn -0.6533 0.3491 0.6718
vn 0.0947 -0.9441 -0.3157
vn -0.0902 -0.9668 -0.2392
vn -0.7484 0.6632 0.0114
vn -0.5644 0.8016 0.1972
vn -0.7771 0.6285 0.0348
vn -0.7823 0.5723 0.2460
vn -0.8758 0.4791 -0.0589
vn -0.8748 0.4807 -0.0597
vn -0.8761 0.4786 -0.0587
vn -0.9144 0.3977 0.0754
vn -0.6240 0.7487 -0.2239
vn -0.7838 0.5964 -0.1733
vn -0.6579 0.7378 0.1509
vn -0.4310 0.8932 0.1281
vn -0.6434 0.6708 0.3688
vn -0.6607 0.6846 0.3080
vn -0.6604 0.6850 0.3076
vn -0.6606 0.6847 0.3079
vn -0.6610 0.6841 0.3085
vn -0.7986 0.5748 0.1783
vn -0.9293 -0.2460 -0.2756
vn -0.8391 -0.5136 -0.1794
vn -0.8747 0.4809 -0.0596
vn -0.8007 0.5725 -0.1762
vn -0.9645 0.2270 0.1353
vn -0.9939 -0.0558 0.0947
vn -0.3608 0.8382 0.4090
vn -0.0899 0.3804 -0.9204
vn -0.1882 0.4783 -0.8578
vn -0.2233 0.2605 -0.9393
vn 0.0471 -0.8928 -0.4479
vn 0.0903 -0.8767 -0.4725
vn -0.8820 0.0231 0.4707
vn -0.8306 0.2089 0.5162
vn 0.1993 -0.7900 -0.5798
vn -0.0296 -0.7195 -0.6939
vt 0.784260 0.140121
vt 0.796288 0.131378
vt 0.781943 0.154159
vt 0.785890 0.118290
vt 0.786517 0.123895
vt 0.775855 0.128471
vt 0.772081 0.121461
vt 0.785179 0.110078
vt 0.000000 0.000000
vt 0.762438 0.130318
vt 0.770069 0.112509
vt 0.768741 0.104388
vt 0.758052 0.120625
vt 0.779480 0.134686
vt 0.790493 0.126864
vt 0.797107 0.115453
vt 0.806541 0.105274
vt 0.796723 0.080382
vt 0.794188 0.066044
vt 0.803510 0.077494
vt 0.799516 0.118753
vt 0.760345 0.088623
vt 0.773205 0.089110
vt 0.770578 0.096557
vt 0.757508 0.109789
vt 0.774383 0.147085
vt 0.777507 0.080974
vt 0.787168 0.095240
vt 0.756964 0.098953
vt 0.777307 0.061790
vt 0.786474 0.056874
vt 0.788139 0.070078
vt 0.790017 0.087493
vt 0.781568 0.102070
vt 0.813876 0.061147
vt 0.810762 0.077566
vt 0.792100 0.082244
vt 0.800109 0.093056
vt 0.802500 0.092158
vt 0.783000 0.075159
vt 0.766824 0.140011
vt 0.795640 0.051958
vt 0.805788 0.051126
vt 0.763725 0.078292
vt 0.770517 0.070041
vt 0.815935 0.050293
vt 0.014152 0.801348
vt 0.009681 0.797991
vt 0.014152 0.786286
vt 0.736636 0.304577
vt 0.732970 0.319182
vt 0.729336 0.303857
vt 0.007170 0.784827
vt 0.004775 0.799043
vt 0.744119 0.303857
vt 0.744119 0.330006
vt 0.736636 0.325076
vt 0.012954 0.770682
vt 0.726234 0.331875
vt 0.716947 0.327700
vt 0.000000 0.784756
vt 0.002648 0.771666
vt 0.736636 0.332000
vt 0.713769 0.314275
vt 0.808457 0.757687
vt 0.802441 0.787638
vt 0.785936 0.768489
vt 0.788294 0.814765
vt 0.785532 0.796035
vt 0.781157 0.744174
vt 0.776324 0.675119
vt 0.794847 0.699052
vt 0.776719 0.693230
vt 0.781753 0.719687
vt 0.763176 0.702895
vt 0.805855 0.727339
vt 0.763176 0.812101
vt 0.118959 0.755069
vt 0.124992 0.781956
vt 0.118959 0.784173
vt 0.703913 0.787815
vt 0.699580 0.803931
vt 0.699580 0.776941
vt 0.016131 0.449379
vt 0.043355 0.442064
vt 0.041128 0.468045
vt 0.114542 0.630634
vt 0.105157 0.667855
vt 0.086932 0.653379
vt 0.122074 0.557932
vt 0.116898 0.593765
vt 0.097965 0.571299
vt 0.041811 0.637707
vt 0.049605 0.673225
vt 0.016968 0.657171
vt 0.828932 0.785010
vt 0.868477 0.769633
vt 0.866145 0.810831
vt 0.131308 0.662446
vt 0.077406 0.693726
vt 0.106359 0.695281
vt 0.075238 0.722385
vt 0.030102 0.693025
vt 0.103764 0.530434
vt 0.133090 0.525854
vt 0.039274 0.742602
vt 0.044553 0.710751
vt 0.076712 0.552310
vt 0.072486 0.521325
vt 0.077201 0.470391
vt 0.013973 0.731218
vt 0.149022 0.625283
vt 0.090890 0.613545
vt 0.060832 0.612553
vt 0.108746 0.495296
vt 0.102946 0.461297
vt 0.848301 0.714883
vt 0.865616 0.690788
vt 0.868298 0.729041
vt 0.114795 0.432574
vt 0.072685 0.439961
vt 0.060350 0.492584
vt 0.018476 0.424191
vt 0.129652 0.489279
vt 0.072736 0.583425
vt 0.842599 0.752138
vt 0.041930 0.411103
vt 0.000000 0.755069
vt 0.158743 0.585373
vt 0.713769 0.295520
vt 0.744371 0.269204
vt 0.744371 0.303857
vt 0.137605 0.466357
vt 0.085453 0.404267
vt 0.265290 0.780381
vt 0.286225 0.820303
vt 0.256259 0.819854
vt 0.000000 0.400597
vt 0.808134 0.251551
vt 0.806258 0.271277
vt 0.802078 0.230502
vt 0.650460 0.819830
vt 0.655272 0.839970
vt 0.657743 0.860398
vt 0.868891 0.709836
vt 0.268093 0.761385
vt 0.274575 0.743525
vt 0.085848 0.816734
vt 0.084112 0.835665
vt 0.084112 0.797833
vt 0.870564 0.749373
vt 0.649738 0.758959
vt 0.650875 0.799080
vt 0.647452 0.779008
vt 0.131414 0.827971
vt 0.131414 0.794050
vt 0.133531 0.810808
vt 0.868089 0.672981
vt 0.870854 0.673509
vt 0.872696 0.701411
vt 0.657236 0.839659
vt 0.653469 0.798987
vt 0.861605 0.869760
vt 0.865940 0.831058
vt 0.868442 0.831469
vt 0.289341 0.820384
vt 0.286349 0.805134
vt 0.289341 0.789382
vt 0.870003 0.790377
vt 0.180218 0.811917
vt 0.178215 0.794132
vt 0.180218 0.772329
vt 0.651831 0.762060
vt 0.653802 0.758271
vt 0.276621 0.726470
vt 0.283717 0.710859
vt 0.258220 0.799519
vt 0.872452 0.763038
vt 0.865659 0.673592
vt 0.871051 0.710038
vt 0.148029 0.774391
vt 0.148029 0.794110
vt 0.144893 0.755069
vt 0.163751 0.714209
vt 0.172977 0.733441
vt 0.174493 0.753318
vt 0.138081 0.790256
vt 0.138081 0.816545
vt 0.135159 0.803943
vt 0.808134 0.290794
vt 0.800829 0.329438
vt 0.802417 0.311841
vt 0.132387 0.794050
vt 0.129315 0.774773
vt 0.129315 0.755069
vt 0.874843 0.701785
vt 0.875795 0.731982
vt 0.156005 0.809642
vt 0.153830 0.829860
vt 0.153830 0.789532
vt 0.273813 0.726675
vt 0.264950 0.754527
vt 0.271517 0.725042
vt 0.265823 0.761004
vt 0.822510 0.332396
vt 0.820661 0.326432
vt 0.822510 0.302997
vt 0.865097 0.865905
vt 0.872969 0.790531
vt 0.859636 0.869777
vt 0.652881 0.721143
vt 0.648848 0.739676
vt 0.657743 0.716539
vt 0.654849 0.721002
vt 0.800829 0.213070
vt 0.876490 0.779391
vt 0.871996 0.827107
vt 0.878852 0.743083
vt 0.874603 0.756679
vt 0.261393 0.755083
vt 0.286225 0.696596
vt 0.158743 0.696596
vt 0.166279 0.727524
vt 0.820661 0.302997
vt 0.820661 0.329550
vt 0.818492 0.316837
vt 0.699580 0.816316
vt 0.698434 0.808530
vt 0.135133 0.794050
vt 0.135133 0.824605
vt 0.133531 0.814763
vt 0.256465 0.798169
vt 0.061321 0.819137
vt 0.058903 0.822297
vt 0.058903 0.779078
vt 0.121980 0.784173
vt 0.124095 0.802605
vt 0.121980 0.829821
vt 0.873811 0.828410
vt 0.878852 0.790879
vt 0.344581 0.709536
vt 0.340972 0.722574
vt 0.340972 0.674811
vt 0.823937 0.311385
vt 0.823937 0.263631
vt 0.826294 0.276696
vt 0.696605 0.800828
vt 0.114541 0.788093
vt 0.117066 0.797128
vt 0.114541 0.825467
vt 0.685693 0.803151
vt 0.685693 0.746152
vt 0.688250 0.778499
vt 0.876824 0.697312
vt 0.292058 0.789382
vt 0.292058 0.824272
vt 0.289531 0.806739
vt 0.826294 0.260386
vt 0.828246 0.309988
vt 0.826294 0.311384
vt 0.868661 0.855369
vt 0.709672 0.783814
vt 0.706601 0.814097
vt 0.706601 0.776941
vt 0.077419 0.804303
vt 0.075498 0.829191
vt 0.075498 0.794585
vt 0.863834 0.882737
vt 0.174248 0.858074
vt 0.158743 0.887733
vt 0.172977 0.850833
vt 0.696605 0.776941
vt 0.696605 0.807642
vt 0.692701 0.792286
vt 0.181877 0.752051
vt 0.186941 0.785082
vt 0.183579 0.792146
vt 0.181327 0.822056
vt 0.183439 0.824769
vt 0.905111 0.185945
vt 0.902698 0.175699
vt 0.906054 0.161527
vt 0.183854 0.845218
vt 0.175788 0.863896
vt 0.902979 0.228721
vt 0.898230 0.242126
vt 0.901104 0.221479
vt 0.909373 0.151787
vt 0.189852 0.805254
vt 0.103033 0.798904
vt 0.105427 0.818921
vt 0.103033 0.820982
vt 0.061321 0.793776
vt 0.065012 0.779077
vt 0.065012 0.808943
vt 0.907014 0.076709
vt 0.902180 0.049143
vt 0.905633 0.056495
vt 0.757679 0.321552
vt 0.754431 0.331320
vt 0.754431 0.311610
vt 0.905348 0.248386
vt 0.910639 0.211470
vt 0.906958 0.101022
vt 0.907113 0.138105
vt 0.904076 0.136219
vt 0.184902 0.755157
vt 0.344581 0.605827
vt 0.341901 0.614151
vt 0.342576 0.588975
vt 0.124919 0.824719
vt 0.124919 0.794486
vt 0.127202 0.801943
vt 0.908036 0.191250
vt 0.823826 0.788359
vt 0.826120 0.803038
vt 0.822608 0.814713
vt 0.915077 0.131818
vt 0.913919 0.172175
vt 0.823339 0.766650
vt 0.827238 0.763992
vt 0.751600 0.311761
vt 0.754431 0.321994
vt 0.751600 0.331320
vt 0.897959 0.041551
vt 0.899262 0.028764
vt 0.339314 0.624304
vt 0.339314 0.587952
vt 0.816306 0.802985
vt 0.817430 0.763097
vt 0.820856 0.783449
vt 0.124992 0.755069
vt 0.129315 0.775481
vt 0.124992 0.794486
vt 0.895502 0.024045
vt 0.127202 0.794486
vt 0.129315 0.816522
vt 0.127202 0.827565
vt 0.910532 0.112008
vt 0.819124 0.817826
vt 0.901785 0.265035
vt 0.897568 0.272597
vt 0.909835 0.069816
vt 0.910152 0.090099
vt 0.910946 0.053333
vt 0.907260 0.046646
vt 0.905795 0.017835
vt 0.903306 0.096884
vt 0.900415 0.059057
vt 0.105427 0.819341
vt 0.105427 0.789789
vt 0.108205 0.804191
vt 0.819221 0.725064
vt 0.823118 0.745115
vt 0.914075 0.091757
vt 0.815884 0.843386
vt 0.095504 0.815840
vt 0.095504 0.796091
vt 0.098708 0.806218
vt 0.824367 0.708785
vt 0.821618 0.690159
vt 0.903279 0.036889
vt 0.898142 0.003498
vt 0.820829 0.843007
vt 0.144018 0.779808
vt 0.828128 0.745412
vt 0.826052 0.735057
vt 0.761145 0.311636
vt 0.763796 0.321886
vt 0.761145 0.331196
vt 0.133657 0.772832
vt 0.095504 0.776342
vt 0.098375 0.783526
vt 0.899866 0.249547
vt 0.153830 0.810722
vt 0.150193 0.792176
vt 0.153830 0.784190
vt 0.898223 0.281685
vt 0.188552 0.764866
vt 0.895389 0.268505
vt 0.899218 0.213959
vt 0.900958 0.194829
vt 0.806369 0.316098
vt 0.894681 0.005286
vt 0.814892 0.707884
vt 0.816300 0.675119
vt 0.414212 0.876483
vt 0.423582 0.839313
vt 0.427540 0.860333
vt 0.427540 0.778247
vt 0.415698 0.760147
vt 0.416574 0.738660
vt 0.636708 0.812023
vt 0.647452 0.830989
vt 0.641243 0.852170
vt 0.914778 0.035935
vt 0.907497 0.002654
vt 0.913872 -0.000000
vt 0.905935 0.295041
vt 0.898873 0.295556
vt 0.905727 0.269537
vt 0.913177 0.229730
vt 0.919571 0.191857
vt 0.920696 0.223804
vt 0.092954 0.840354
vt 0.092120 0.839953
vt 0.092954 0.799912
vt 0.928070 0.107688
vt 0.925244 0.147670
vt 0.920807 0.111957
vt 0.922864 0.069600
vt 0.913609 0.260020
vt 0.808457 0.758730
vt 0.635937 0.772289
vt 0.641296 0.791670
vt 0.075498 0.790071
vt 0.072727 0.821990
vt 0.072727 0.787685
vt 0.374465 0.971166
vt 0.356627 0.982535
vt 0.376751 0.952831
vt 0.374465 0.668729
vt 0.398691 0.701759
vt 0.382080 0.690359
vt 0.431235 0.819245
vt 0.921731 0.033496
vt 0.344676 1.000000
vt 0.416574 0.900191
vt 0.398691 0.937536
vt 0.419923 0.799368
vt 0.399075 0.914685
vt 0.916925 0.072825
vt 0.918945 0.152030
vt 0.808457 0.707381
vt 0.399015 0.723990
vt 0.647452 0.716539
vt 0.642029 0.758500
vt 0.638955 0.734301
vt 0.353687 0.660496
vt 0.344676 0.640633
vt 0.346349 0.984504
vt 0.926805 0.187758
vt 0.894681 0.322699
vt 0.112128 0.755069
vt 0.112128 0.789789
vt 0.105427 0.773842
vt 0.609517 0.226907
vt 0.579761 0.162674
vt 0.617845 0.208573
vt 0.628429 0.169921
vt 0.624173 0.189508
vt 0.599277 0.244311
vt 0.558311 0.289095
vt 0.541737 0.301005
vt 0.524775 0.225743
vt 0.587240 0.260592
vt 0.573533 0.275575
vt 0.630567 0.130037
vt 0.628426 0.110176
vt 0.624169 0.090657
vt 0.554656 0.076357
vt 0.617840 0.071695
vt 0.609510 0.053496
vt 0.526514 0.146363
vt 0.630567 0.150025
vt 0.409748 0.236833
vt 0.484067 0.269794
vt 0.411238 0.285968
vt 0.599269 0.036258
vt 0.587227 0.020170
vt 0.537707 0.003106
vt 0.573530 0.005418
vt 0.409849 0.135566
vt 0.411436 0.086654
vt 0.485807 0.113490
vt 0.458409 0.000354
vt 0.482847 0.064217
vt 0.413989 0.040981
vt 0.465729 0.330234
vt 0.485781 0.325869
vt 0.523993 0.311174
vt 0.445337 0.332540
vt 0.431390 0.332396
vt 0.417475 0.332332
vt 0.467003 0.161318
vt 0.409281 0.186161
vt 0.472222 0.216835
vt 0.498926 0.001400
vt 0.505274 0.319492
vt 0.417429 -0.000000
vt 0.414053 0.561145
vt 0.385688 0.505762
vt 0.431674 0.489306
vt 0.084112 0.792564
vt 0.075498 0.755069
vt 0.699635 0.737451
vt 0.711945 0.716539
vt 0.711945 0.746152
vt 0.077709 0.306534
vt 0.094686 0.263656
vt 0.151463 0.287330
vt 0.508821 0.504474
vt 0.452663 0.568050
vt 0.744371 0.311610
vt 0.761145 0.297804
vt 0.178499 0.237512
vt 0.234172 0.179905
vt 0.230961 0.251593
vt 0.083723 0.374950
vt 0.008795 0.340107
vt 0.123294 0.221043
vt 0.433046 0.563934
vt 0.029778 0.395645
vt -0.000000 0.365365
vt 0.050718 0.400597
vt 0.024464 0.235658
vt 0.070431 0.219137
vt 0.285879 0.272444
vt 0.282625 0.213232
vt 0.021226 0.274193
vt 0.344676 0.510090
vt 0.362895 0.560984
vt 0.172897 0.163814
vt 0.208246 0.109684
vt 0.015947 0.309387
vt 0.083386 0.173138
vt 0.366358 0.461197
vt 0.449755 0.417939
vt 0.348421 0.563667
vt 0.378779 0.559662
vt 0.395896 0.559716
vt 0.604268 0.381124
vt 0.531632 0.332540
vt 0.616108 0.349463
vt 0.590713 0.456122
vt 0.506220 0.441900
vt 0.588665 0.628447
vt 0.570933 0.617080
vt 0.607740 0.617675
vt 0.611654 0.628415
vt 0.605272 0.640417
vt 0.552275 0.606444
vt 0.532901 0.596658
vt 0.598090 0.579140
vt 0.301550 0.781652
vt 0.309482 0.802628
vt 0.298199 0.803038
vt 0.121485 0.347280
vt 0.523501 0.384500
vt 0.595711 0.417064
vt 0.024464 0.153592
vt 0.068598 0.127091
vt 0.591922 0.538490
vt 0.513027 0.587833
vt 0.492879 0.580067
vt 0.282266 0.119083
vt 0.472682 0.573448
vt 0.121614 0.122504
vt 0.134098 0.074795
vt 0.589437 0.497038
vt 0.021226 0.112701
vt 0.112230 0.023277
vt 0.133308 0.027979
vt 0.220025 0.317693
vt 0.025555 0.195022
vt 0.078860 0.073607
vt 0.015947 0.073665
vt 0.276838 0.166236
vt 0.344190 0.154147
vt 0.344676 0.195563
vt 0.341534 0.112904
vt 0.071695 0.012409
vt 0.091616 0.018068
vt 0.034810 0.000000
vt 0.008795 0.037741
vt 0.000000 0.006084
vt 0.316834 0.793290
vt 0.685693 0.728469
vt 0.052690 0.006364
vt 0.084112 0.776342
vt 0.084112 0.755069
vt 0.098708 0.770431
vt 0.302671 0.760074
vt 0.301070 0.813311
vt 0.256322 0.043060
vt 0.274110 0.043122
vt 0.237391 0.042268
vt 0.290559 0.042457
vt 0.175910 0.035656
vt 0.336793 0.073161
vt 0.217531 0.040759
vt 0.196961 0.038546
vt 0.305486 0.041070
vt 0.467994 0.354218
vt 0.334755 0.061877
vt 0.154614 0.032121
vt 0.318724 0.038977
vt 0.616108 0.640633
vt 0.511108 0.751825
vt 0.431235 0.732803
vt 0.487473 0.677861
vt 0.543673 0.759227
vt 0.615929 0.730446
vt 0.602454 0.788998
vt 0.432262 0.712506
vt 0.513991 0.809689
vt 0.536816 0.861571
vt 0.507769 0.861784
vt 0.536816 0.698075
vt 0.432316 0.753095
vt 0.533511 0.640633
vt 0.542872 0.718639
vt 0.591866 0.685032
vt 0.546008 0.678535
vt 0.549016 0.659204
vt 0.468156 0.846992
vt 0.447980 0.811779
vt 0.457153 0.829909
vt 0.552945 0.640633
vt 0.440735 0.792797
vt 0.435494 0.773165
vt 0.562263 0.851553
vt 0.556780 0.834953
vt 0.543952 0.698418
vt 0.542779 0.738981
vt 0.545546 0.779158
vt 0.548376 0.798560
vt 0.552134 0.817225
vt 0.480870 0.862842
vt 0.385811 0.000215
vt 0.361156 0.063819
vt 0.355315 0.000859
vt 0.344676 0.113497
vt 0.338288 0.526439
vt 0.336966 0.566240
vt 0.331143 0.546450
vt 0.763176 0.785694
vt 0.760415 0.824032
vt 0.751405 0.817367
vt 0.324010 0.620508
vt 0.333467 0.603667
vt 0.327911 0.637440
vt 0.739874 0.701835
vt 0.740186 0.704732
vt 0.721555 0.675119
vt 0.721555 0.716539
vt 0.688013 0.693154
vt 0.708560 0.699517
vt 0.622751 0.530339
vt 0.617301 0.553563
vt 0.616108 0.512487
vt 0.858770 0.288080
vt 0.843324 0.252370
vt 0.851329 0.251784
vt 0.680070 0.671817
vt 0.661395 0.664351
vt 0.330431 0.584858
vt 0.626618 0.492573
vt 0.621916 0.471507
vt 0.832832 0.213464
vt 0.838213 0.212548
vt 0.626988 0.571851
vt 0.636576 0.610392
vt 0.625460 0.593410
vt 0.039427 0.785568
vt 0.043201 0.755069
vt 0.046913 0.781261
vt 0.655634 0.643922
vt 0.640317 0.630741
vt 0.829339 0.173452
vt 0.329561 0.465738
vt 0.332985 0.506182
vt 0.328037 0.512109
vt 0.032884 0.755069
vt 0.030362 0.791146
vt 0.025655 0.773557
vt 0.833833 0.098392
vt 0.835768 0.132914
vt 0.828375 0.132561
vt 0.865543 0.288943
vt 0.650637 0.417239
vt 0.634537 0.431948
vt 0.653568 0.395086
vt 0.837114 0.174823
vt 0.841011 0.151005
vt 0.844352 0.191127
vt 0.758739 0.747152
vt 0.756196 0.766741
vt 0.879591 0.323527
vt 0.840174 0.095508
vt 0.032884 0.823910
vt 0.025396 0.808308
vt 0.334296 0.445220
vt 0.337388 0.485633
vt 0.851546 0.231352
vt 0.327118 0.429630
vt 0.329118 0.406585
vt 0.197933 0.808541
vt 0.208531 0.801609
vt 0.205522 0.844579
vt 0.322726 0.433569
vt 0.325172 0.472319
vt 0.325049 0.588749
vt 0.708201 0.334091
vt 0.697903 0.354426
vt 0.678388 0.362113
vt 0.633910 0.453562
vt 0.740837 0.718272
vt 0.750900 0.736665
vt 0.670777 0.382745
vt 0.339314 0.440899
vt 0.339314 0.400597
vt 0.344484 0.409013
vt 0.208340 0.755138
vt 0.198262 0.772611
vt 0.199155 0.737943
vt 0.752372 0.772482
vt 0.743735 0.858182
vt 0.747241 0.709620
vt 0.744147 0.709187
vt 0.741559 0.707433
vt 0.205507 0.696596
vt 0.211469 0.701579
vt 0.205129 0.700156
vt 0.316835 0.653697
vt 0.750542 0.860962
vt 0.316835 0.402607
vt 0.320522 0.400597
vt 0.862348 0.270301
vt 0.212102 0.746565
vt 0.112128 0.761611
vt 0.118959 0.788093
vt 0.344165 0.581077
vt 0.339314 0.547114
vt 0.721555 0.332540
vt 0.200588 0.705470
vt 0.203250 0.703283
vt 0.198178 0.844763
vt 0.871894 0.324718
vt 0.210914 0.845076
vt 0.046913 0.819330
vt 0.738021 0.888176
vt 0.212102 0.883781
vt 0.199012 0.881081
vt 0.208973 0.898399
vt 0.721555 0.913280
vt 0.728376 0.891631
vt 0.286349 0.696596
vt 0.292658 0.734973
vt 0.286349 0.748833
vt 0.105427 0.782976
vt 0.102518 0.782210
vt 0.102182 0.761550
vt 0.853212 0.210301
vt 0.874582 0.284724
vt 0.869007 0.279657
vt 0.861208 0.249646
vt 0.872836 0.264382
vt 0.886478 0.300136
vt 0.847095 0.170696
vt 0.101744 0.798904
vt 0.098708 0.767902
vt 0.894681 0.000000
vt 0.887109 0.009571
vt 0.887702 0.002588
vt 0.105427 0.755069
vt 0.853757 0.109692
vt 0.849955 0.118525
vt 0.852472 0.093414
vt 0.340960 0.806176
vt 0.340960 0.786685
vt 0.342769 0.777556
vt 0.894681 0.316109
vt 0.887702 0.309981
vt 0.869530 0.031388
vt 0.867404 0.044434
vt 0.861762 0.050562
vt 0.866704 0.256071
vt 0.866443 0.018045
vt 0.878761 0.009376
vt 0.864733 0.032432
vt 0.841638 0.112363
vt 0.846637 0.131771
vt 0.343908 0.803244
vt 0.848321 0.094853
vt 0.846213 0.076525
vt 0.855558 0.061613
vt 0.854576 0.044723
vt 0.339314 0.465667
vt 0.008820 0.814430
vt 0.011767 0.801348
vt 0.011767 0.817821
vt 0.858707 0.074978
vt 0.857111 0.068101
vt 0.863055 0.059705
vt 0.879538 0.019142
vt 0.879487 0.013681
vt 0.100444 0.764726
vt 0.867638 0.245235
vt 0.853242 0.128520
vt 0.084112 0.789083
vt 0.090096 0.776341
vt 0.090096 0.797833
vt 0.878578 0.302099
vt 0.067492 0.826497
vt 0.065012 0.817866
vt 0.067492 0.787685
vt 0.688794 0.807993
vt 0.688794 0.776941
vt 0.690793 0.782251
vt 0.855656 0.186610
vt 0.853938 0.196925
vt 0.850895 0.169430
vt 0.852728 0.147348
vt 0.849579 0.140157
vt 0.857962 0.219705
vt 0.692701 0.791278
vt 0.889619 0.320462
vt 0.862439 0.226087
vt 0.341058 0.631786
vt 0.339314 0.648179
vt 0.081841 0.794585
vt 0.084112 0.815473
vt 0.081841 0.824539
vt 0.749462 0.330006
vt 0.744119 0.318976
vt 0.749462 0.315632
vt 0.007233 0.823242
vt 0.006661 0.801348
vt 0.008820 0.801348
vt 0.001616 0.801348
vt 0.001616 0.830928
vt 0.000000 0.820463
vt 0.340960 0.767195
vt 0.344523 0.780833
vt 0.876385 0.306636
vt 0.196738 0.753740
vt 0.194194 0.762330
vt 0.196780 0.731128
vt 0.193654 0.736781
vt 0.191732 0.718197
vt 0.196035 0.711742
vt 0.195287 0.819916
vt 0.195601 0.790775
vt 0.189855 0.779188
vt 0.190566 0.747861
vt 0.193970 0.844337
vt 0.653197 0.066506
vt 0.641021 0.094363
vt 0.644752 0.078031
vt 0.192633 0.794915
vt 0.156005 0.824920
vt 0.156005 0.789532
vt 0.158457 0.809065
vt 0.192992 0.868519
vt 0.189853 0.843900
vt 0.196643 0.844608
vt 0.669663 0.041102
vt 0.683476 0.021404
vt 0.690004 0.018776
vt 0.195799 0.869184
vt 0.092954 0.820152
vt 0.095504 0.811889
vt 0.077888 0.800724
vt 0.080022 0.794585
vt 0.080022 0.825512
vt 0.912633 0.781705
vt 0.909994 0.762627
vt 0.911343 0.743817
vt 0.908747 0.839688
vt 0.904235 0.874934
vt 0.906566 0.841501
vt 0.219234 0.850509
vt 0.227951 0.867716
vt 0.233245 0.886135
vt 0.343513 0.547114
vt 0.339314 0.537166
vt 0.343513 0.500282
vt 0.217713 0.753920
vt 0.212103 0.773085
vt 0.219234 0.734031
vt 0.240994 0.776106
vt 0.239513 0.747286
vt 0.242666 0.772234
vt 0.671755 0.042772
vt 0.114541 0.789168
vt 0.112128 0.827398
vt 0.112128 0.788093
vt 0.675768 0.045971
vt 0.656623 0.074286
vt 0.673848 0.044439
vt 0.243695 0.800057
vt 0.242184 0.804689
vt 0.342888 0.440899
vt 0.342888 0.499025
vt 0.341466 0.443829
vt 0.728485 0.561029
vt 0.727074 0.541788
vt 0.734164 0.579708
vt 0.909202 0.801008
vt 0.911705 0.820527
vt 0.908595 0.858816
vt 0.331883 0.838387
vt 0.339579 0.874059
vt 0.331227 0.847707
vt 0.118959 0.822738
vt 0.117195 0.830899
vt 0.117195 0.788093
vt 0.906646 0.725895
vt 0.906629 0.762523
vt 0.902189 0.712474
vt 0.651524 0.231717
vt 0.641679 0.198746
vt 0.643729 0.201226
vt 0.723797 0.522616
vt 0.723705 0.503122
vt 0.653378 0.231768
vt 0.325778 0.687283
vt 0.320923 0.716283
vt 0.321818 0.698189
vt 0.897299 0.911611
vt 0.901472 0.876858
vt 0.659166 0.073745
vt 0.645968 0.104828
vt 0.724184 0.465173
vt 0.721555 0.486160
vt 0.637123 0.166265
vt 0.635363 0.162652
vt 0.904122 0.847189
vt 0.905775 0.814800
vt 0.648790 0.102534
vt 0.640508 0.140477
vt 0.320036 0.799790
vt 0.325151 0.824855
vt 0.324987 0.835259
vt 0.638875 0.171547
vt 0.339314 0.487987
vt 0.212102 0.812376
vt 0.216680 0.829837
vt 0.233245 0.696596
vt 0.229311 0.713768
vt 0.639559 0.135692
vt 0.633419 0.124024
vt 0.635096 0.126502
vt 0.630567 0.154802
vt 0.648576 0.080925
vt 0.240558 0.822670
vt 0.241906 0.809463
vt 0.241835 0.850090
vt 0.644688 0.096957
vt 0.636861 0.128500
vt 0.718013 0.794146
vt 0.711945 0.770378
vt 0.715477 0.773467
vt 0.340642 0.653697
vt 0.329413 0.695452
vt 0.326520 0.692787
vt 0.903421 0.895125
vt 0.239093 0.791331
vt 0.905628 0.705878
vt 0.241019 0.730288
vt 0.243876 0.763720
vt 0.246072 0.795934
vt 0.666862 0.261031
vt 0.723867 0.447479
vt 0.728494 0.429377
vt 0.112128 0.828540
vt 0.109912 0.810912
vt 0.233245 0.731234
vt 0.235374 0.761421
vt 0.233245 0.753995
vt 0.657943 0.066090
vt 0.234925 0.696865
vt 0.214661 0.794668
vt 0.902322 0.695579
vt 0.081841 0.812147
vt 0.080022 0.831502
vt 0.102521 0.805857
vt 0.100419 0.824686
vt 0.100419 0.798904
vt 0.341387 0.499025
vt 0.344614 0.568547
vt 0.344165 0.582214
vt 0.344165 0.547114
vt 0.322415 0.763054
vt 0.321654 0.787575
vt 0.320523 0.750968
vt 0.828250 0.223858
vt 0.826288 0.258873
vt 0.826288 0.213070
vt 0.744708 0.615449
vt 0.737835 0.597893
vt 0.150193 0.785679
vt 0.148078 0.815837
vt 0.148078 0.784190
vt 0.633620 0.156377
vt 0.087660 0.807881
vt 0.085848 0.830269
vt 0.085848 0.797833
vt 0.237582 0.696596
vt 0.238133 0.752291
vt 0.011767 0.814575
vt 0.014152 0.822188
vt 0.139554 0.829002
vt 0.139554 0.789024
vt 0.141891 0.811604
vt 0.335978 0.658655
vt 0.901920 0.839602
vt 0.896696 0.889475
vt 0.316921 0.749887
vt 0.318558 0.765535
vt 0.322747 0.720293
vt 0.323743 0.729037
vt 0.713769 0.318435
vt 0.689933 0.296831
vt 0.687830 0.291079
vt 0.669023 0.267718
vt 0.763371 0.286766
vt 0.765238 0.306870
vt 0.762436 0.311636
vt 0.761145 0.287657
vt 0.048268 0.817396
vt 0.046913 0.779077
vt 0.049141 0.793835
vt 0.896696 0.672981
vt 0.141948 0.828154
vt 0.141948 0.789024
vt 0.144018 0.820853
vt 0.660300 0.076193
vt 0.676502 0.047195
vt 0.340642 0.868729
vt 0.332596 0.830566
vt 0.326617 0.794798
vt 0.324499 0.755156
vt 0.327078 0.738859
vt 0.088426 0.797833
vt 0.090096 0.812202
vt 0.088426 0.833340
vt 0.239780 0.842333
vt 0.316834 0.790753
vt 0.326065 0.815294
vt 0.046913 0.827875
vt 0.236703 0.756303
vt 0.234859 0.727866
vt 0.051318 0.793418
vt 0.049141 0.824413
vt 0.049141 0.779077
vt 0.091992 0.799912
vt 0.091992 0.830698
vt 0.090353 0.808858
vt 0.235509 0.794315
vt 0.109912 0.829268
vt 0.108387 0.797844
vt 0.109912 0.789789
vt 0.238187 0.806804
vt 0.237117 0.838913
vt 0.642111 0.182109
vt 0.640577 0.177121
vt 0.642768 0.133855
vt 0.144331 0.794110
vt 0.146179 0.813349
vt 0.144331 0.832761
vt 0.149819 0.823708
vt 0.139358 0.755069
vt 0.139358 0.789577
vt 0.138081 0.789404
vt 0.146179 0.832854
vt 0.146179 0.794110
vt 0.148030 0.813438
vt 0.058903 0.795266
vt 0.055743 0.812123
vt 0.055743 0.779078
vt 0.052019 0.786717
vt 0.051318 0.810213
vt 0.051318 0.779077
vt 0.765238 0.269204
vt 0.688250 0.746152
vt 0.688748 0.775322
vt 0.688250 0.792904
vt 0.645255 0.219930
vt 0.711945 0.776941
vt 0.711945 0.825767
vt 0.709704 0.794475
vt 0.138081 0.809513
vt 0.139239 0.789577
vt 0.139239 0.824513
vt 0.344530 0.440899
vt 0.344530 0.493333
vt 0.342888 0.464833
vt 0.129315 0.830101
vt 0.129315 0.794050
vt 0.131414 0.821808
vt 0.144018 0.755069
vt 0.144018 0.789024
vt 0.141563 0.761189
vt 0.903697 0.794460
vt 0.139554 0.776758
vt 0.121980 0.816243
vt 0.118959 0.791255
vt 0.238606 0.859008
vt 0.751600 0.314884
vt 0.750478 0.332268
vt 0.750478 0.311761
vt 0.100419 0.833037
vt 0.098708 0.825831
vt 0.343513 0.545826
vt 0.343513 0.499025
vt 0.344557 0.515432
vt 0.721555 0.803495
vt 0.907886 0.708299
vt 0.826288 0.263631
vt 0.823937 0.248541
vt 0.713769 0.000000
vt 0.702862 0.010266
vt 0.695173 0.022593
vt 0.704708 0.011620
vt 0.780846 0.581088
vt 0.793745 0.549804
vt 0.806293 0.583310
vt 0.793249 0.615745
vt 0.758305 0.647659
vt 0.769391 0.551781
vt 0.769933 0.519342
vt 0.810364 0.643631
vt 0.770132 0.457642
vt 0.736472 0.397088
vt 0.783555 0.405387
vt 0.770442 0.427535
vt 0.767576 0.487870
vt 0.814213 0.605893
vt 0.793415 0.441171
vt 0.177976 0.556859
vt 0.197421 0.568565
vt 0.186234 0.593789
vt 0.774443 0.675119
vt 0.810850 0.496438
vt 0.792220 0.476251
vt 0.812954 0.466433
vt 0.789188 0.502887
vt 0.812954 0.527821
vt 0.762094 0.347736
vt 0.806382 0.369701
vt 0.790272 0.382273
vt 0.706213 0.775004
vt 0.688794 0.750568
vt 0.819121 0.558441
vt 0.158743 0.572749
vt 0.159292 0.534811
vt 0.240471 0.502372
vt 0.225433 0.528075
vt 0.220473 0.487292
vt 0.828932 0.586214
vt 0.747815 0.369527
vt 0.778770 0.332540
vt 0.175829 0.523575
vt 0.191833 0.530075
vt 0.813447 0.394401
vt 0.191714 0.479139
vt 0.178794 0.489264
vt 0.166997 0.498183
vt 0.208559 0.513030
vt 0.819121 0.439849
vt 0.217649 0.588195
vt 0.225433 0.618513
vt 0.204575 0.613362
vt 0.205610 0.467919
vt 0.217649 0.557347
vt 0.231245 0.446516
vt 0.220322 0.455736
vt 0.828932 0.418499
vt 0.807571 0.415578
vt 0.242448 0.436916
vt 0.251321 0.459118
vt 0.261738 0.481992
vt 0.816278 0.352146
vt 0.075498 0.770805
vt 0.075498 0.787358
vt 0.069552 0.771140
vt 0.065012 0.787685
vt 0.772230 0.226508
vt 0.784854 0.230416
vt 0.771998 0.240826
vt 0.256259 0.745621
vt 0.791070 0.261554
vt 0.791574 0.293141
vt 0.782055 0.288983
vt 0.771936 0.270199
vt 0.771903 0.255907
vt 0.772085 0.284966
vt 0.287784 0.468321
vt 0.280294 0.438883
vt 0.316834 0.462292
vt 0.256007 0.425118
vt 0.269734 0.412983
vt 0.283532 0.400597
vt 0.772398 0.302560
vt 0.788521 0.314997
vt 0.772862 0.320491
vt 0.816854 0.281018
vt 0.818864 0.258085
vt 0.823892 0.272640
vt 0.316834 0.696596
vt 0.287784 0.686658
vt 0.305546 0.683130
vt 0.225057 0.542777
vt 0.222957 0.572182
vt 0.622129 0.733681
vt 0.621459 0.767946
vt 0.616108 0.746017
vt 0.278595 0.672909
vt 0.261738 0.669483
vt 0.153830 0.765133
vt 0.148029 0.784190
vt 0.148029 0.755069
vt 0.240471 0.646240
vt 0.238618 0.629216
vt 0.626591 0.752457
vt 0.257849 0.651749
vt 0.635937 0.810885
vt 0.624796 0.790778
vt 0.629186 0.782813
vt 0.628363 0.722277
vt 0.230337 0.600984
vt 0.229112 0.576036
vt 0.023169 0.766560
vt 0.021102 0.783476
vt 0.014152 0.776307
vt 0.018869 0.757907
vt 0.025396 0.755069
vt 0.019328 0.800911
vt 0.817940 0.239184
vt 0.821465 0.213070
vt 0.823937 0.242069
vt 0.815662 0.302997
vt 0.821333 0.302307
vt 0.616600 0.716539
vt 0.815895 0.245128
vt 0.815662 0.221096
vt 0.234041 0.530943
vt 0.025396 0.802042
vt 0.299462 0.474285
vt 0.769081 0.176759
vt 0.772420 0.205145
vt 0.748396 0.189231
vt 0.746516 0.091180
vt 0.734215 0.096111
vt 0.729682 0.120743
vt 0.713769 0.109015
vt 0.730552 0.148379
vt 0.741687 0.141444
vt 0.743764 0.104480
vt 0.749067 0.165622
vt 0.065012 0.755069
vt 0.046913 0.776698
vt 0.780851 0.169446
vt 0.763812 0.157809
vt 0.753380 0.054202
vt 0.743792 0.118247
vt 0.799819 0.213070
vt 0.783642 0.185763
vt 0.823961 0.016496
vt 0.821763 0.024709
vt 0.805730 0.020290
vt 0.635937 0.738836
vt 0.729695 0.166618
vt 0.749310 0.077069
vt 0.736319 0.071213
vt 0.717833 0.078692
vt 0.744433 0.044811
vt 0.729696 0.050624
vt 0.766872 0.032777
vt 0.748396 0.027087
vt 0.789145 0.027047
vt 0.772419 0.009985
vt 0.799819 0.000706
vt 0.754535 0.146842
vt 0.779075 0.043925
vt 0.828375 -0.000000
vt 0.798601 0.037003
vt 0.767223 0.052170
vt 0.803890 0.051282
vt 0.799975 0.187284
vt 0.818849 0.037501
vt 0.717833 0.139137
vt 0.737210 0.245809
vt 0.764452 0.242066
vt 0.754761 0.269204
vt 0.731295 0.269204
vt 0.727089 0.233540
vt 0.719885 0.252990
vt 0.765578 0.213566
vt 0.742486 0.229843
vt 0.820790 0.174598
vt 0.816702 0.190029
vt 0.003549 0.755069
vt 0.713769 0.213545
vt 0.740005 0.213070
vt 0.828375 0.212365
vt 0.796165 0.230936
vt 0.791574 0.213070
vt 0.795625 0.216310
vt 0.798467 0.267617
vt 0.797316 0.249277
vt 0.800829 0.258346
vt 0.665559 0.752400
vt 0.661651 0.734469
vt 0.665408 0.737234
vt 0.660172 0.716747
vt 0.796142 0.285804
vt 0.796914 0.300388
vt 0.793815 0.303990
vt 0.799362 0.237209
vt 0.299262 0.773129
vt 0.300446 0.754419
vt 0.800009 0.279483
vt 0.669136 0.779399
vt 0.666023 0.770801
vt 0.668407 0.758196
vt 0.791574 0.320825
vt 0.667585 0.800607
vt 0.666487 0.789203
vt 0.663490 0.807446
vt 0.663774 0.821585
vt 0.660494 0.825688
vt 0.298078 0.791840
vt 0.298220 0.735882
vt 0.301550 0.738547
vt 0.298200 0.717309
vt 0.292658 0.696596
vt 0.295994 0.717346
vt 0.657743 0.842098
vt 0.293524 0.810083
vt 0.292658 0.823995
vt 0.344451 0.631321
vt 0.342458 0.638653
vt 0.341120 0.624304
vt 0.341789 0.653009
vt 0.344581 0.653144
vt 0.342429 0.674811
vt 0.341120 0.667366
vt 0.674772 0.768147
vt 0.677215 0.808215
vt 0.670919 0.797696
vt 0.669560 0.757435
vt 0.670399 0.736948
vt 0.669733 0.777758
vt 0.887016 0.680328
vt 0.881761 0.689064
vt 0.878852 0.672981
vt 0.888597 0.784163
vt 0.888317 0.763867
vt 0.896695 0.784188
vt 0.886100 0.724767
vt 0.894645 0.753757
vt 0.887481 0.743997
vt 0.884185 0.706390
vt 0.892050 0.715083
vt 0.888317 0.804663
vt 0.675140 0.716638
vt 0.677215 0.717035
vt 0.828932 0.333586
vt 0.831310 0.333110
vt 0.869706 0.362913
vt 0.867277 0.353113
vt 0.834228 0.332540
vt 0.881760 0.884238
vt 0.884186 0.865147
vt 0.887067 0.894167
vt 0.912558 0.410489
vt 0.914731 0.428965
vt 0.895776 0.393544
vt 0.672241 0.716539
vt 0.926242 0.444489
vt 0.891989 0.855825
vt 0.893379 0.620018
vt 0.897201 0.603612
vt 0.913078 0.588298
vt 0.892676 0.379678
vt 0.933258 0.480515
vt 0.925464 0.467628
vt 0.915604 0.567205
vt 0.926561 0.553672
vt 0.929285 0.497971
vt 0.878852 0.902437
vt 0.894599 0.815154
vt 0.886099 0.845378
vt 0.678760 0.726212
vt 0.683598 0.752760
vt 0.677770 0.744218
vt 0.090353 0.796121
vt 0.095504 0.776341
vt 0.095504 0.799912
vt 0.677215 0.782783
vt 0.677253 0.763144
vt 0.685693 0.806502
vt 0.887482 0.825142
vt 0.933365 0.517330
vt 0.925831 0.527930
vt 0.685693 0.716539
vt 0.868138 0.647746
vt 0.871535 0.635560
vt 0.838222 0.670531
vt 0.828932 0.672981
vt 0.770257 0.256118
vt 0.765578 0.224860
vt 0.768543 0.256153
vt 0.153830 0.755069
vt 0.156324 0.759227
vt 0.772600 0.213070
vt 0.135003 0.786966
vt 0.133657 0.771235
vt 0.138081 0.755069
vt 0.158743 0.762698
vt 0.720512 0.745265
vt 0.716556 0.724426
vt 0.068094 0.795355
vt 0.068842 0.787751
vt 0.072004 0.787685
vt 0.193083 0.713517
vt 0.193211 0.710130
vt 0.070194 0.805835
vt 0.072004 0.808735
vt 0.067492 0.803033
vt 0.818492 0.302997
vt 0.818492 0.318373
vt 0.815662 0.306270
vt 0.816769 0.324834
vt 0.765578 0.293700
vt 0.032884 0.792548
vt 0.039427 0.815294
vt 0.035839 0.830121
vt 0.039427 0.774371
vt 0.036908 0.755069
vt 0.536816 0.749253
vt 0.536816 0.708320
vt 0.292058 0.769040
vt 0.286349 0.779170
vt 0.291511 0.748833
vt 0.544007 0.808513
vt 0.055743 0.790196
vt 0.052098 0.807555
vt 0.052098 0.779077
vt 0.757679 0.311610
vt 0.761145 0.330126
vt 0.757679 0.331090
vt 0.812879 0.238537
vt 0.810097 0.257177
vt 0.808313 0.255906
vt 0.703913 0.798619
vt 0.706601 0.802546
vt 0.704650 0.820338
vt 0.813165 0.223684
vt 0.815662 0.219896
vt 0.810791 0.234298
vt 0.811500 0.294840
vt 0.810258 0.299297
vt 0.808134 0.277654
vt 0.815539 0.213070
vt 0.814657 0.320590
vt 0.815662 0.313215
vt 0.341771 0.756361
vt 0.340972 0.745527
vt 0.344523 0.760068
vt 0.810797 0.276009
vt 0.704696 0.787780
vt 0.705480 0.776941
vt 0.706601 0.783714
vt 0.341678 0.723811
vt 0.342777 0.741322
vt 0.342570 0.767195
vt 0.005063 0.823074
vt 0.005063 0.801348
vt 0.006661 0.808068
vt 0.344523 0.722574
s 1
f 1/1/1 2/2/2 3/3/3
f 4/4/4 5/5/5 6/6/6
f 6/6/6 7/7/7 4/4/4
f 7/7/7 8/8/8 4/4/4
f 9/9/9 10/9/10 11/9/11
f 6/6/6 12/10/12 7/7/7
f 13/11/13 14/12/14 8/8/8
f 13/11/13 7/7/7 15/13/15
f 16/14/16 5/5/5 17/15/17
f 5/5/5 18/16/18 17/15/17
f 8/8/8 19/17/19 4/4/4
f 20/18/20 21/19/21 22/20/22
f 23/21/23 18/16/18 19/17/19
f 24/22/24 25/23/25 26/24/26
f 13/11/13 15/13/15 27/25/27
f 1/1/1 3/3/3 28/26/28
f 29/27/29 30/28/30 25/23/25
f 27/25/27 31/29/31 14/12/14
f 32/30/32 33/31/33 34/32/34
f 30/28/30 29/27/29 35/33/35
f 36/34/36 14/12/14 26/24/26
f 37/35/37 38/36/38 22/20/22
f 2/9/2 39/9/39 40/9/40
f 19/17/19 36/34/36 30/28/30
f 35/33/35 41/37/41 42/38/42
f 43/39/43 42/38/42 20/18/20
f 44/40/44 35/33/35 29/27/29
f 39/9/39 19/9/19 45/9/45
f 43/9/43 22/9/22 46/9/46
f 7/7/7 13/11/13 8/8/8
f 8/8/8 14/12/14 36/34/36
f 42/38/42 19/17/19 35/33/35
f 5/5/5 16/14/16 6/6/6
f 6/6/6 16/14/16 47/41/47
f 2/2/2 1/1/1 17/15/17
f 39/9/39 23/9/23 19/9/19
f 22/20/22 48/42/48 49/43/49
f 16/14/16 17/15/17 1/1/1
f 4/4/4 18/16/18 5/5/5
f 1/1/1 28/26/28 16/14/16
f 47/41/47 16/14/16 28/26/28
f 12/10/12 6/6/6 47/41/47
f 12/10/12 15/13/15 7/7/7
f 40/9/40 39/9/39 45/9/45
f 39/9/39 2/9/2 23/9/23
f 2/2/2 17/15/17 23/21/23
f 23/21/23 17/15/17 18/16/18
f 25/23/25 50/44/50 29/27/29
f 50/44/50 25/23/25 24/22/24
f 26/24/26 30/28/30 36/34/36
f 44/40/44 51/45/51 32/30/32
f 51/45/51 44/40/44 29/27/29
f 20/18/20 34/32/34 21/19/21
f 41/37/41 35/33/35 44/40/44
f 22/20/22 21/19/21 48/42/48
f 48/42/48 21/19/21 33/31/33
f 20/18/20 41/37/41 34/32/34
f 49/43/49 52/46/52 37/35/37
f 46/9/46 38/9/38 53/9/53
f 41/37/41 44/40/44 34/32/34
f 42/38/42 41/37/41 20/18/20
f 29/27/29 50/44/50 51/45/51
f 32/30/32 34/32/34 44/40/44
f 33/31/33 21/19/21 34/32/34
f 19/17/19 42/38/42 43/39/43
f 53/9/53 19/9/19 46/9/46
f 46/9/46 22/9/22 38/9/38
f 22/20/22 43/39/43 20/18/20
f 43/9/43 46/9/46 19/9/19
f 19/17/19 18/16/18 4/4/4
f 35/33/35 19/17/19 30/28/30
f 19/17/19 8/8/8 36/34/36
f 27/25/27 14/12/14 13/11/13
f 31/29/31 24/22/24 26/24/26
f 26/24/26 14/12/14 31/29/31
f 30/28/30 26/24/26 25/23/25
f 2/9/2 10/9/10 9/9/9
f 9/9/9 3/9/3 2/9/2
f 40/9/40 10/9/10 2/9/2
f 49/43/49 37/35/37 22/20/22
f 54/9/54 55/9/55 56/9/56
f 57/47/57 58/48/58 59/49/59
f 59/9/59 60/9/60 57/9/57
f 60/9/60 61/9/61 57/9/57
f 62/9/62 37/9/37 52/9/52
f 59/9/59 63/9/63 60/9/60
f 64/9/64 65/9/65 61/9/61
f 64/9/64 60/9/60 66/9/66
f 67/50/67 68/51/68 69/52/69
f 58/9/58 70/9/70 71/9/71
f 61/9/61 19/9/72 57/9/57
f 72/9/73 19/9/72 73/9/74
f 74/9/75 70/9/70 19/9/72
f 75/53/76 58/48/58 71/54/71
f 64/9/64 66/9/66 76/9/77
f 54/9/54 56/9/56 77/9/78
f 78/9/79 79/9/80 80/9/81
f 76/9/77 81/9/82 65/9/65
f 82/9/83 83/9/84 84/9/85
f 79/9/80 78/9/79 85/9/86
f 86/9/87 65/9/65 87/9/88
f 10/9/10 40/9/40 69/9/69
f 19/55/72 86/56/87 79/57/80
f 85/9/86 88/9/89 89/9/90
f 90/9/91 80/9/81 87/9/88
f 91/9/92 89/9/90 67/9/67
f 92/9/93 85/9/86 78/9/79
f 91/9/92 69/9/69 93/9/94
f 55/9/55 72/9/73 38/9/38
f 60/9/60 64/9/64 61/9/61
f 61/9/61 65/9/65 86/9/87
f 89/9/90 19/9/72 85/9/86
f 58/48/58 75/53/76 59/49/59
f 59/49/59 75/53/76 94/58/95
f 55/9/55 54/9/54 71/9/71
f 72/9/73 74/9/75 19/9/72
f 69/52/69 95/59/96 96/60/97
f 75/53/76 71/54/71 54/61/54
f 57/9/57 70/9/70 58/9/58
f 54/61/54 77/62/78 75/53/76
f 94/58/95 75/53/76 77/62/78
f 63/9/63 59/9/59 94/9/95
f 63/9/63 66/9/66 60/9/60
f 38/9/38 72/9/73 73/9/74
f 72/9/73 55/9/55 74/9/75
f 55/9/55 71/9/71 74/9/75
f 74/9/75 71/9/71 70/9/70
f 80/9/81 97/9/98 78/9/79
f 97/9/98 80/9/81 90/9/91
f 87/9/88 79/9/80 86/9/87
f 92/9/93 98/9/99 82/9/83
f 98/9/99 92/9/93 78/9/79
f 67/9/67 84/9/85 68/9/68
f 88/9/89 85/9/86 92/9/93
f 69/52/69 68/51/68 95/59/96
f 95/59/96 68/51/68 83/63/84
f 67/9/67 88/9/89 84/9/85
f 96/9/97 11/9/11 10/9/10
f 93/9/94 40/9/40 99/9/100
f 88/9/89 92/9/93 84/9/85
f 89/9/90 88/9/89 67/9/67
f 78/9/79 97/9/98 98/9/99
f 82/9/83 84/9/85 92/9/93
f 83/9/84 68/9/68 84/9/85
f 19/9/72 89/9/90 91/9/92
f 99/9/100 19/9/72 93/9/94
f 93/9/94 69/9/69 40/9/40
f 69/9/69 91/9/92 67/9/67
f 91/9/92 93/9/94 19/9/72
f 19/9/72 70/9/70 57/9/57
f 85/9/86 19/9/72 79/9/80
f 19/9/72 61/9/61 86/9/87
f 76/9/77 65/9/65 64/9/64
f 81/9/82 90/9/91 87/9/88
f 87/9/88 65/9/65 81/9/82
f 79/9/80 87/9/88 80/9/81
f 55/9/55 37/9/37 62/9/62
f 62/9/62 56/9/56 55/9/55
f 38/9/38 37/9/37 55/9/55
f 96/60/97 10/64/10 69/52/69
f 100/9/101 101/9/102 102/9/103
f 103/9/104 104/9/104 105/9/104
f 106/9/105 107/9/106 108/9/107
f 109/9/108 110/9/108 111/9/108
f 112/9/109 113/9/109 114/9/109
f 115/9/110 116/9/110 100/9/110
f 103/9/111 105/9/111 117/9/111
f 118/9/112 119/9/112 120/9/112
f 121/9/113 122/9/113 123/9/113
f 124/9/114 125/9/115 126/9/116
f 127/9/117 128/9/117 120/9/117
f 103/9/118 129/9/118 115/9/118
f 130/9/119 131/9/119 132/9/119
f 133/9/120 134/9/120 135/9/120
f 129/9/121 117/9/121 136/9/121
f 137/9/122 138/9/122 139/9/122
f 140/9/123 141/9/123 138/9/123
f 142/9/124 132/9/124 131/9/124
f 143/9/125 144/9/125 145/9/125
f 146/9/126 128/9/126 108/9/126
f 147/9/127 102/9/127 148/9/127
f 149/9/128 150/9/128 151/9/128
f 152/9/129 153/9/129 154/9/129
f 155/9/130 156/9/130 157/9/130
f 158/9/131 159/9/131 160/9/131
f 161/9/132 162/9/132 163/9/132
f 164/9/133 161/9/133 163/9/133
f 165/9/134 166/9/134 167/9/134
f 168/9/135 111/9/136 110/9/137
f 102/9/138 101/9/138 148/9/138
f 169/9/139 149/9/139 170/9/139
f 168/9/140 171/9/140 111/9/140
f 172/9/141 173/9/141 174/9/141
f 175/9/142 176/9/142 177/9/142
f 178/9/143 161/9/143 164/9/143
f 179/9/144 180/9/144 181/9/144
f 182/9/145 183/9/145 184/9/145
f 185/9/146 174/9/146 173/9/146
f 186/9/147 187/9/147 188/9/147
f 189/9/148 190/9/148 191/9/148
f 192/9/149 193/9/149 194/9/149
f 195/9/150 196/9/150 197/9/150
f 198/9/151 184/9/151 135/9/151
f 199/9/152 105/9/152 200/9/152
f 201/9/153 185/9/153 202/9/153
f 203/9/154 161/9/154 178/9/154
f 204/9/155 205/9/156 206/9/157
f 207/9/158 208/9/158 209/9/158
f 141/9/159 210/9/159 211/9/159
f 139/9/160 177/9/160 212/9/160
f 138/9/161 141/9/161 139/9/161
f 163/9/162 162/9/162 109/9/162
f 213/9/163 214/9/163 131/9/163
f 215/9/164 122/9/164 121/9/164
f 154/9/165 216/9/165 217/9/165
f 214/9/166 218/9/166 219/9/166
f 188/9/167 220/9/167 186/9/167
f 221/9/168 222/9/168 223/9/168
f 101/9/169 116/9/169 224/9/169
f 225/9/170 226/9/170 227/9/170
f 226/9/171 225/9/171 228/9/171
f 229/9/172 230/9/172 231/9/172
f 232/9/173 233/9/173 234/9/173
f 227/9/174 193/9/174 235/9/174
f 216/9/175 236/9/175 217/9/175
f 237/9/176 238/9/176 239/9/176
f 122/9/177 192/9/177 123/9/177
f 192/9/178 122/9/178 193/9/178
f 135/9/179 240/9/179 241/9/179
f 242/9/180 243/9/180 244/9/180
f 167/9/181 133/9/181 245/9/181
f 246/9/182 247/9/182 248/9/182
f 162/9/183 107/9/183 249/9/183
f 250/9/184 179/9/184 251/9/184
f 186/9/185 252/9/185 187/9/185
f 245/9/186 253/9/186 167/9/186
f 254/9/187 255/9/187 256/9/187
f 257/9/188 258/9/188 259/9/188
f 169/9/189 170/9/189 260/9/189
f 240/9/190 135/9/190 134/9/190
f 261/9/191 262/9/191 263/9/191
f 264/9/192 265/9/192 266/9/192
f 187/9/193 267/9/193 268/9/193
f 131/9/194 130/9/194 269/9/194
f 270/9/195 271/9/196 272/9/197
f 150/9/198 273/9/198 274/9/198
f 262/9/199 244/9/199 275/9/199
f 273/9/200 149/9/201 169/9/202
f 231/9/203 235/9/203 276/9/203
f 277/9/204 268/9/204 267/9/204
f 194/9/205 227/9/205 226/9/205
f 262/9/206 275/9/206 278/9/206
f 279/9/207 280/9/207 256/9/207
f 274/9/208 275/9/208 243/9/208
f 281/9/209 211/9/209 210/9/209
f 282/9/210 283/9/210 284/9/210
f 285/9/211 286/9/211 287/9/211
f 288/9/212 289/9/212 286/9/212
f 140/9/213 136/9/213 210/9/213
f 286/9/214 142/9/214 288/9/214
f 252/9/215 242/9/215 267/9/215
f 188/9/216 247/9/216 246/9/216
f 290/9/217 291/9/218 184/9/219
f 189/9/220 290/9/220 198/9/220
f 214/9/221 292/9/221 218/9/221
f 222/9/222 292/9/222 213/9/222
f 185/9/223 173/9/223 202/9/223
f 174/9/224 185/9/224 119/9/224
f 154/9/225 217/9/225 152/9/225
f 216/9/226 154/9/226 280/9/226
f 293/9/227 294/9/227 295/9/227
f 147/9/228 296/9/229 104/9/230
f 297/9/231 298/9/231 299/9/231
f 260/9/232 300/9/233 278/9/234
f 133/9/235 301/9/235 245/9/235
f 302/9/236 303/9/236 304/9/236
f 142/9/237 305/9/237 288/9/237
f 306/9/238 307/9/239 308/9/240
f 164/9/241 172/9/241 178/9/241
f 309/9/242 107/9/243 161/9/244
f 249/9/245 310/9/245 311/9/245
f 291/9/246 168/9/247 311/9/248
f 123/9/249 236/9/249 121/9/249
f 235/9/250 312/9/250 276/9/250
f 231/9/251 313/9/251 314/9/251
f 315/9/252 292/9/253 225/9/254
f 131/9/255 316/9/255 317/9/255
f 101/9/256 316/9/257 148/9/258
f 100/9/259 103/9/259 115/9/259
f 104/9/260 103/9/260 102/9/260
f 135/9/261 318/9/261 319/9/261
f 149/9/262 318/9/263 170/9/264
f 273/9/265 275/9/265 274/9/265
f 278/9/266 275/9/266 169/9/266
f 117/9/267 210/9/267 136/9/267
f 281/9/268 210/9/268 105/9/268
f 177/9/269 139/9/269 211/9/269
f 212/9/270 185/9/270 201/9/270
f 244/9/271 267/9/271 242/9/271
f 277/9/272 267/9/272 262/9/272
f 247/9/273 188/9/273 268/9/273
f 246/9/274 154/9/274 153/9/274
f 320/9/275 148/9/275 131/9/275
f 321/9/276 170/9/276 135/9/276
f 202/9/277 137/9/277 201/9/277
f 190/9/278 189/9/278 135/9/278
f 223/9/279 222/9/279 131/9/279
f 119/9/280 185/9/280 212/9/280
f 152/9/281 220/9/281 153/9/281
f 280/9/282 154/9/282 246/9/282
f 246/9/283 322/9/283 280/9/283
f 280/9/284 322/9/284 256/9/284
f 107/9/243 162/9/285 161/9/244
f 110/9/286 109/9/286 162/9/286
f 172/9/287 174/9/287 178/9/287
f 174/9/288 118/9/288 203/9/288
f 168/9/135 110/9/137 311/9/289
f 189/9/290 191/9/290 290/9/290
f 235/9/291 193/9/291 122/9/291
f 227/9/292 194/9/292 193/9/292
f 236/9/293 216/9/293 121/9/293
f 215/9/294 121/9/294 216/9/294
f 315/9/295 225/9/295 227/9/295
f 222/9/296 221/9/296 292/9/296
f 212/9/297 251/9/297 119/9/297
f 119/9/298 251/9/298 120/9/298
f 105/9/299 104/9/299 200/9/299
f 323/9/300 211/9/300 281/9/300
f 324/9/301 325/9/301 145/9/301
f 326/9/302 126/9/302 327/9/302
f 130/9/303 285/9/303 328/9/303
f 329/9/304 330/9/304 331/9/304
f 125/9/305 143/9/305 332/9/305
f 333/9/306 181/9/306 180/9/306
f 334/9/307 335/9/307 336/9/307
f 337/9/308 338/9/308 339/9/308
f 340/9/309 341/9/309 342/9/309
f 343/9/310 322/9/310 344/9/310
f 345/9/311 197/9/311 346/9/311
f 347/9/312 127/9/312 120/9/312
f 262/9/313 278/9/313 263/9/313
f 348/9/314 268/9/314 277/9/314
f 349/9/315 350/9/315 206/9/315
f 283/9/316 351/9/316 284/9/316
f 165/9/317 352/9/317 297/9/317
f 353/9/318 354/9/318 355/9/318
f 356/9/319 284/9/319 351/9/319
f 356/9/320 357/9/320 112/9/320
f 358/9/321 359/9/321 360/9/321
f 361/9/322 360/9/322 264/9/322
f 362/9/323 195/9/323 363/9/323
f 257/9/324 256/9/324 255/9/324
f 137/9/325 139/9/325 201/9/325
f 212/9/326 201/9/326 139/9/326
f 220/9/327 188/9/327 153/9/327
f 246/9/328 153/9/328 188/9/328
f 101/9/102 100/9/101 116/9/329
f 103/9/330 100/9/330 102/9/330
f 103/9/331 117/9/331 129/9/331
f 210/9/332 117/9/332 105/9/332
f 149/9/201 273/9/200 150/9/333
f 275/9/334 273/9/334 169/9/334
f 275/9/335 244/9/335 243/9/335
f 267/9/336 244/9/336 262/9/336
f 323/9/337 177/9/337 211/9/337
f 364/9/338 326/9/338 175/9/338
f 326/9/339 327/9/339 180/9/339
f 347/9/340 179/9/340 337/9/340
f 348/9/341 247/9/341 268/9/341
f 365/9/342 344/9/342 248/9/342
f 366/9/343 284/9/343 114/9/343
f 343/9/344 344/9/344 113/9/344
f 367/9/345 301/9/345 135/9/345
f 134/9/346 133/9/346 166/9/346
f 135/9/347 301/9/347 133/9/347
f 135/9/348 368/9/348 369/9/348
f 166/9/349 240/9/349 134/9/349
f 350/9/350 241/9/350 370/9/350
f 269/9/351 371/9/351 131/9/351
f 372/9/352 295/9/352 294/9/352
f 241/9/353 373/9/353 135/9/353
f 354/9/354 299/9/354 298/9/354
f 251/9/355 212/9/355 176/9/355
f 120/9/356 251/9/356 347/9/356
f 374/9/357 127/9/357 339/9/357
f 118/9/358 146/9/358 203/9/358
f 234/9/359 375/9/359 232/9/359
f 146/9/360 118/9/361 128/9/362
f 237/9/363 376/9/363 377/9/363
f 239/9/364 378/9/364 355/9/364
f 376/9/365 208/9/365 377/9/365
f 379/9/366 380/9/366 381/9/366
f 208/9/367 376/9/367 253/9/367
f 382/9/368 383/9/368 384/9/368
f 385/9/369 305/9/369 131/9/369
f 132/9/370 142/9/370 285/9/370
f 131/9/371 305/9/371 142/9/371
f 307/9/372 386/9/372 387/9/372
f 285/9/373 130/9/373 132/9/373
f 295/9/374 325/9/375 269/9/376
f 341/9/377 388/9/377 389/9/377
f 389/9/378 342/9/378 341/9/378
f 390/9/379 391/9/379 388/9/379
f 362/9/380 264/9/380 360/9/380
f 392/9/381 289/9/381 393/9/381
f 394/9/382 395/9/382 396/9/382
f 322/9/383 246/9/383 248/9/383
f 256/9/384 322/9/384 254/9/384
f 266/9/385 255/9/385 361/9/385
f 280/9/386 279/9/386 216/9/386
f 265/9/387 157/9/387 156/9/387
f 122/9/388 312/9/388 235/9/388
f 255/9/389 254/9/389 361/9/389
f 257/9/390 255/9/390 397/9/390
f 398/9/391 254/9/391 343/9/391
f 398/9/392 358/9/392 361/9/392
f 399/9/393 112/9/393 400/9/393
f 196/9/394 360/9/394 359/9/394
f 239/9/395 401/9/395 402/9/395
f 362/9/396 196/9/396 195/9/396
f 395/9/397 258/9/397 397/9/397
f 257/9/398 259/9/398 279/9/398
f 258/9/399 395/9/399 403/9/399
f 276/9/400 403/9/400 231/9/400
f 404/9/401 405/9/401 230/9/401
f 314/9/402 218/9/402 315/9/402
f 386/9/403 307/9/403 406/9/403
f 405/9/404 219/9/405 313/9/406
f 387/9/407 386/9/407 131/9/407
f 407/9/408 214/9/409 219/9/410
f 408/9/411 409/9/411 336/9/411
f 410/9/412 411/9/412 412/9/412
f 335/9/413 342/9/413 413/9/413
f 362/9/414 411/9/414 264/9/414
f 413/9/415 414/9/415 335/9/415
f 389/9/416 388/9/416 391/9/416
f 415/9/417 270/9/195 272/9/197
f 156/9/418 394/9/418 396/9/418
f 233/9/419 345/9/420 238/9/421
f 197/9/422 196/9/422 416/9/422
f 238/9/423 377/9/423 234/9/423
f 232/9/424 379/9/424 233/9/424
f 417/9/425 418/9/425 338/9/425
f 419/9/426 409/9/426 408/9/426
f 339/9/427 420/9/427 421/9/427
f 338/9/428 337/9/428 417/9/428
f 181/9/429 333/9/429 334/9/429
f 363/9/430 408/9/430 336/9/430
f 347/9/431 337/9/431 339/9/431
f 127/9/432 374/9/432 128/9/432
f 347/9/433 339/9/433 127/9/433
f 420/9/434 338/9/434 418/9/434
f 374/9/435 383/9/435 128/9/435
f 161/9/436 203/9/436 309/9/436
f 383/9/437 108/9/437 128/9/437
f 108/9/438 383/9/438 422/9/438
f 384/9/439 383/9/439 374/9/439
f 382/9/440 422/9/440 383/9/440
f 421/9/441 374/9/441 339/9/441
f 207/9/442 209/9/442 423/9/442
f 423/9/443 158/9/443 160/9/443
f 310/9/444 106/9/445 424/9/446
f 425/9/447 369/9/447 426/9/447
f 427/9/448 183/9/449 424/9/450
f 428/9/451 303/9/451 302/9/451
f 429/9/452 184/9/452 183/9/452
f 347/9/453 251/9/453 179/9/453
f 417/9/454 337/9/454 181/9/454
f 424/9/450 183/9/449 182/9/455
f 429/9/456 135/9/456 184/9/456
f 313/9/457 218/9/457 314/9/457
f 407/9/458 131/9/458 214/9/458
f 166/9/459 133/9/459 167/9/459
f 167/9/460 253/9/460 165/9/460
f 165/9/461 297/9/461 430/9/461
f 352/9/462 165/9/462 376/9/462
f 430/9/463 240/9/463 166/9/463
f 305/9/464 385/9/464 288/9/464
f 385/9/465 386/9/465 431/9/465
f 289/9/466 432/9/467 287/9/468
f 385/9/469 431/9/469 288/9/469
f 289/9/470 431/9/470 393/9/470
f 393/9/471 431/9/471 406/9/471
f 289/9/472 288/9/472 431/9/472
f 272/9/473 393/9/473 406/9/473
f 271/9/474 390/9/474 393/9/474
f 404/9/475 306/9/475 405/9/475
f 272/9/476 404/9/477 415/9/478
f 395/9/479 415/9/479 229/9/479
f 270/9/480 415/9/480 394/9/480
f 403/9/481 395/9/481 229/9/481
f 395/9/482 397/9/482 396/9/482
f 285/9/483 142/9/483 286/9/483
f 286/9/484 289/9/484 287/9/484
f 287/9/485 293/9/485 328/9/485
f 432/9/486 433/9/486 287/9/486
f 287/9/487 433/9/487 293/9/487
f 434/9/488 148/9/488 320/9/488
f 147/9/489 434/9/489 324/9/489
f 435/9/490 170/9/490 321/9/490
f 260/9/491 435/9/491 349/9/491
f 301/9/492 367/9/492 245/9/492
f 367/9/493 369/9/494 425/9/495
f 253/9/496 376/9/496 165/9/496
f 425/9/495 245/9/497 367/9/493
f 209/9/498 208/9/498 436/9/498
f 253/9/499 425/9/500 436/9/501
f 377/9/502 208/9/502 207/9/502
f 234/9/503 377/9/503 207/9/503
f 377/9/504 238/9/504 237/9/504
f 234/9/505 207/9/505 375/9/505
f 238/9/506 234/9/506 233/9/506
f 238/9/507 401/9/507 239/9/507
f 352/9/508 237/9/508 437/9/508
f 239/9/509 402/9/509 378/9/509
f 437/9/510 237/9/510 239/9/510
f 357/9/511 378/9/511 402/9/511
f 351/9/512 283/9/512 204/9/512
f 426/9/513 438/9/513 439/9/513
f 423/9/514 440/9/514 375/9/514
f 158/9/515 423/9/515 209/9/515
f 160/9/516 422/9/516 382/9/516
f 438/9/517 209/9/517 439/9/517
f 159/9/518 158/9/518 427/9/518
f 424/9/519 159/9/519 427/9/519
f 106/9/520 160/9/520 159/9/520
f 180/9/521 179/9/521 250/9/521
f 181/9/522 337/9/522 179/9/522
f 326/9/523 180/9/523 250/9/523
f 327/9/524 331/9/524 333/9/524
f 327/9/525 333/9/525 180/9/525
f 334/9/526 333/9/526 441/9/526
f 335/9/527 334/9/527 441/9/527
f 334/9/528 409/9/528 417/9/528
f 308/9/529 405/9/529 306/9/529
f 131/9/530 407/9/530 387/9/530
f 257/9/531 279/9/531 256/9/531
f 215/9/532 279/9/532 259/9/532
f 183/9/533 304/9/533 303/9/533
f 368/9/534 135/9/534 428/9/534
f 148/9/535 316/9/535 131/9/535
f 317/9/536 101/9/536 224/9/536
f 101/9/256 317/9/537 316/9/257
f 131/9/538 317/9/538 224/9/538
f 170/9/539 318/9/539 135/9/539
f 319/9/540 149/9/540 151/9/540
f 149/9/262 319/9/541 318/9/263
f 135/9/542 319/9/542 151/9/542
f 342/9/543 335/9/543 441/9/543
f 336/9/544 335/9/544 414/9/544
f 342/9/545 441/9/545 340/9/545
f 342/9/546 389/9/546 413/9/546
f 329/9/547 331/9/547 327/9/547
f 442/9/548 443/9/548 372/9/548
f 340/9/549 444/9/549 341/9/549
f 444/9/550 433/9/550 388/9/550
f 444/9/551 388/9/551 341/9/551
f 390/9/552 388/9/552 432/9/552
f 390/9/553 432/9/553 392/9/553
f 390/9/554 270/9/554 391/9/554
f 155/9/555 270/9/556 156/9/557
f 391/9/558 155/9/558 445/9/558
f 363/9/559 336/9/559 414/9/559
f 334/9/560 336/9/560 409/9/560
f 414/9/561 410/9/562 412/9/563
f 363/9/564 195/9/564 408/9/564
f 195/9/565 380/9/565 408/9/565
f 419/9/566 408/9/566 380/9/566
f 445/9/567 389/9/567 391/9/567
f 410/9/562 414/9/561 413/9/568
f 418/9/569 419/9/569 380/9/569
f 419/9/570 418/9/570 417/9/570
f 379/9/571 418/9/571 380/9/571
f 418/9/572 379/9/573 420/9/574
f 421/9/575 420/9/575 446/9/575
f 339/9/576 338/9/576 420/9/576
f 130/9/577 328/9/577 447/9/577
f 371/9/578 448/9/579 320/9/580
f 240/9/581 430/9/581 370/9/581
f 373/9/582 449/9/583 321/9/584
f 147/9/228 104/9/230 102/9/585
f 200/9/586 104/9/586 296/9/586
f 125/9/587 144/9/587 143/9/587
f 125/9/588 124/9/588 199/9/588
f 260/9/232 278/9/234 169/9/589
f 263/9/590 278/9/590 300/9/590
f 283/9/591 205/9/591 204/9/591
f 283/9/592 282/9/592 261/9/592
f 184/9/593 198/9/593 290/9/593
f 135/9/594 189/9/594 198/9/594
f 191/9/595 190/9/595 171/9/595
f 171/9/596 168/9/596 191/9/596
f 168/9/597 290/9/597 191/9/597
f 214/9/598 213/9/598 292/9/598
f 131/9/599 222/9/599 213/9/599
f 221/9/600 223/9/600 228/9/600
f 228/9/601 225/9/601 221/9/601
f 225/9/254 292/9/253 221/9/602
f 421/9/603 446/9/603 232/9/603
f 384/9/604 421/9/604 440/9/604
f 388/9/605 433/9/605 432/9/605
f 294/9/606 293/9/606 433/9/606
f 294/9/607 433/9/607 444/9/607
f 269/9/608 130/9/608 447/9/608
f 287/9/609 328/9/609 285/9/609
f 447/9/610 293/9/610 295/9/610
f 293/9/611 447/9/611 328/9/611
f 295/9/612 269/9/612 447/9/612
f 442/9/613 294/9/613 444/9/613
f 294/9/614 442/9/614 372/9/614
f 145/9/615 372/9/615 443/9/615
f 325/9/616 295/9/616 372/9/616
f 325/9/617 372/9/617 145/9/617
f 269/9/376 325/9/375 448/9/618
f 143/9/619 145/9/619 443/9/619
f 145/9/620 296/9/620 324/9/620
f 444/9/621 340/9/621 442/9/621
f 330/9/622 442/9/622 340/9/622
f 147/9/623 324/9/623 296/9/623
f 325/9/624 324/9/624 448/9/624
f 329/9/625 143/9/625 443/9/625
f 125/9/626 200/9/627 144/9/628
f 443/9/629 442/9/629 330/9/629
f 327/9/630 126/9/631 332/9/632
f 340/9/633 441/9/633 331/9/633
f 333/9/634 331/9/634 441/9/634
f 310/9/635 424/9/636 182/9/637
f 424/9/446 106/9/445 159/9/638
f 311/9/639 310/9/635 182/9/637
f 107/9/640 106/9/640 310/9/640
f 311/9/248 182/9/641 291/9/246
f 249/9/642 311/9/642 110/9/642
f 184/9/219 291/9/218 182/9/643
f 168/9/644 291/9/644 290/9/644
f 162/9/645 249/9/645 110/9/645
f 310/9/646 249/9/646 107/9/646
f 303/9/647 429/9/647 183/9/647
f 314/9/648 227/9/648 235/9/648
f 429/9/649 428/9/649 135/9/649
f 292/9/650 315/9/650 218/9/650
f 227/9/651 314/9/651 315/9/651
f 235/9/652 231/9/652 314/9/652
f 313/9/653 231/9/653 230/9/653
f 219/9/405 218/9/654 313/9/406
f 237/9/655 352/9/655 376/9/655
f 298/9/656 297/9/656 352/9/656
f 298/9/657 352/9/657 437/9/657
f 241/9/658 240/9/658 370/9/658
f 165/9/659 430/9/659 166/9/659
f 299/9/660 430/9/660 297/9/660
f 430/9/661 299/9/662 370/9/663
f 350/9/664 370/9/663 299/9/662
f 355/9/665 298/9/665 437/9/665
f 298/9/666 355/9/666 354/9/666
f 206/9/667 354/9/667 353/9/667
f 350/9/668 299/9/668 354/9/668
f 350/9/669 354/9/669 206/9/669
f 241/9/670 350/9/670 449/9/670
f 204/9/671 206/9/671 353/9/671
f 206/9/672 300/9/672 349/9/672
f 239/9/673 355/9/673 437/9/673
f 378/9/674 353/9/674 355/9/674
f 260/9/675 349/9/675 300/9/675
f 350/9/676 349/9/676 449/9/676
f 351/9/677 353/9/677 378/9/677
f 261/9/678 205/9/678 283/9/678
f 353/9/679 351/9/679 204/9/679
f 378/9/680 356/9/680 351/9/680
f 114/9/681 284/9/681 356/9/681
f 284/9/682 366/9/682 282/9/682
f 112/9/683 114/9/683 356/9/683
f 114/9/684 344/9/684 365/9/684
f 400/9/685 357/9/685 402/9/685
f 113/9/686 112/9/686 399/9/686
f 346/9/687 400/9/687 402/9/687
f 359/9/688 400/9/688 416/9/688
f 113/9/689 399/9/689 398/9/689
f 114/9/690 113/9/690 344/9/690
f 358/9/691 398/9/691 399/9/691
f 361/9/692 254/9/692 398/9/692
f 348/9/693 282/9/693 366/9/693
f 261/9/694 263/9/694 205/9/694
f 282/9/695 277/9/695 261/9/695
f 262/9/696 261/9/696 277/9/696
f 112/9/697 357/9/697 400/9/697
f 378/9/698 357/9/698 356/9/698
f 398/9/699 343/9/699 113/9/699
f 322/9/700 343/9/700 254/9/700
f 266/9/701 396/9/701 397/9/701
f 265/9/702 156/9/702 396/9/702
f 255/9/703 266/9/703 397/9/703
f 264/9/704 266/9/704 361/9/704
f 175/9/705 326/9/705 250/9/705
f 326/9/706 364/9/706 126/9/706
f 124/9/707 126/9/707 364/9/707
f 126/9/116 125/9/115 332/9/708
f 176/9/709 175/9/709 250/9/709
f 323/9/710 175/9/711 177/9/712
f 251/9/713 176/9/713 250/9/713
f 177/9/714 176/9/714 212/9/714
f 323/9/715 124/9/715 364/9/715
f 125/9/626 199/9/716 200/9/627
f 124/9/717 281/9/717 199/9/717
f 105/9/718 199/9/718 281/9/718
f 407/9/408 219/9/410 308/9/719
f 390/9/720 392/9/720 393/9/720
f 360/9/721 196/9/721 362/9/721
f 416/9/722 346/9/722 197/9/722
f 381/9/723 345/9/723 233/9/723
f 380/9/724 195/9/725 197/9/726
f 304/9/727 183/9/727 427/9/727
f 302/9/728 368/9/728 428/9/728
f 429/9/729 303/9/729 428/9/729
f 438/9/730 304/9/730 427/9/730
f 304/9/731 438/9/731 426/9/731
f 427/9/732 158/9/732 438/9/732
f 209/9/733 438/9/733 158/9/733
f 369/9/734 368/9/734 302/9/734
f 426/9/735 369/9/735 302/9/735
f 369/9/736 367/9/736 135/9/736
f 304/9/737 426/9/737 302/9/737
f 426/9/738 439/9/738 425/9/738
f 270/9/739 394/9/739 156/9/739
f 415/9/740 395/9/740 394/9/740
f 266/9/741 265/9/741 396/9/741
f 264/9/742 411/9/742 157/9/742
f 264/9/743 157/9/743 265/9/743
f 155/9/744 157/9/744 410/9/744
f 445/9/745 410/9/745 413/9/745
f 155/9/555 391/9/746 270/9/556
f 410/9/747 445/9/747 155/9/747
f 389/9/748 445/9/748 413/9/748
f 210/9/749 141/9/749 140/9/749
f 139/9/750 141/9/750 211/9/750
f 267/9/751 187/9/751 252/9/751
f 188/9/752 187/9/752 268/9/752
f 174/9/753 203/9/753 178/9/753
f 309/9/754 146/9/754 108/9/754
f 146/9/755 309/9/755 203/9/755
f 108/9/756 107/9/756 309/9/756
f 231/9/757 403/9/757 229/9/757
f 258/9/758 403/9/758 276/9/758
f 259/9/759 258/9/759 276/9/759
f 397/9/760 258/9/760 257/9/760
f 371/9/761 320/9/761 131/9/761
f 434/9/762 320/9/580 448/9/579
f 269/9/763 448/9/763 371/9/763
f 373/9/764 321/9/764 135/9/764
f 435/9/765 321/9/584 449/9/583
f 241/9/766 449/9/766 373/9/766
f 279/9/767 215/9/767 216/9/767
f 215/9/768 259/9/768 312/9/768
f 124/9/769 323/9/769 281/9/769
f 323/9/710 364/9/770 175/9/711
f 282/9/771 348/9/771 277/9/771
f 247/9/772 348/9/773 366/9/774
f 365/9/775 247/9/772 366/9/774
f 322/9/776 248/9/776 344/9/776
f 247/9/777 365/9/777 248/9/777
f 114/9/778 365/9/778 366/9/778
f 119/9/779 118/9/779 174/9/779
f 128/9/362 118/9/361 120/9/780
f 400/9/781 359/9/781 399/9/781
f 196/9/782 359/9/782 416/9/782
f 215/9/783 312/9/783 122/9/783
f 259/9/784 276/9/784 312/9/784
f 229/9/785 415/9/478 404/9/477
f 313/9/786 230/9/786 405/9/786
f 229/9/787 404/9/787 230/9/787
f 306/9/788 272/9/788 406/9/788
f 272/9/789 306/9/789 404/9/789
f 307/9/239 306/9/238 406/9/790
f 406/9/791 431/9/791 386/9/791
f 307/9/792 387/9/792 308/9/792
f 131/9/793 386/9/793 385/9/793
f 407/9/794 308/9/794 387/9/794
f 219/9/795 405/9/795 308/9/795
f 412/9/796 411/9/796 362/9/796
f 157/9/797 411/9/797 410/9/797
f 362/9/798 363/9/798 412/9/798
f 414/9/799 412/9/799 363/9/799
f 400/9/800 346/9/800 416/9/800
f 401/9/801 346/9/801 402/9/801
f 379/9/573 446/9/802 420/9/574
f 381/9/803 380/9/724 197/9/726
f 345/9/804 381/9/804 197/9/804
f 233/9/805 379/9/805 381/9/805
f 334/9/806 417/9/806 181/9/806
f 419/9/807 417/9/807 409/9/807
f 160/9/808 106/9/808 422/9/808
f 106/9/105 108/9/107 422/9/809
f 421/9/810 384/9/810 374/9/810
f 440/9/811 423/9/811 382/9/811
f 440/9/812 382/9/812 384/9/812
f 423/9/813 160/9/813 382/9/813
f 432/9/467 289/9/466 392/9/814
f 390/9/815 271/9/815 270/9/815
f 393/9/816 272/9/816 271/9/816
f 436/9/501 425/9/500 439/9/817
f 245/9/818 425/9/818 253/9/818
f 209/9/819 436/9/819 439/9/819
f 253/9/820 436/9/820 208/9/820
f 423/9/821 375/9/821 207/9/821
f 440/9/822 421/9/822 232/9/822
f 232/9/823 375/9/823 440/9/823
f 232/9/824 446/9/824 379/9/824
f 238/9/421 345/9/420 401/9/825
f 401/9/826 345/9/826 346/9/826
f 200/9/827 296/9/827 144/9/827
f 145/9/828 144/9/828 296/9/828
f 331/9/829 330/9/829 340/9/829
f 443/9/830 330/9/830 329/9/830
f 143/9/831 329/9/831 332/9/831
f 332/9/632 329/9/832 327/9/630
f 263/9/833 300/9/833 205/9/833
f 206/9/157 205/9/156 300/9/834
f 359/9/835 358/9/835 399/9/835
f 361/9/836 358/9/836 360/9/836
f 324/9/837 434/9/837 448/9/837
f 148/9/838 434/9/838 147/9/838
f 349/9/839 435/9/839 449/9/839
f 170/9/840 435/9/840 260/9/840
f 450/9/841 451/9/842 452/9/843
f 453/9/844 454/9/844 455/9/844
f 456/9/845 457/9/846 458/9/847
f 243/9/848 459/9/848 274/9/848
f 460/9/849 461/9/849 462/9/849
f 226/9/850 228/9/850 450/9/850
f 453/9/851 455/9/851 463/9/851
f 464/9/852 465/9/852 466/9/852
f 467/9/853 468/9/853 140/9/853
f 469/9/854 470/9/855 471/9/856
f 472/9/857 473/9/857 466/9/857
f 453/9/858 194/9/858 226/9/858
f 474/9/859 131/9/859 475/9/859
f 476/9/860 477/9/860 135/9/860
f 194/9/861 463/9/861 192/9/861
f 217/9/862 236/9/862 478/9/862
f 123/9/863 479/9/863 236/9/863
f 480/9/864 475/9/864 131/9/864
f 481/9/865 482/9/865 483/9/865
f 484/9/866 473/9/866 458/9/866
f 485/9/867 452/9/867 486/9/867
f 487/9/868 171/9/868 190/9/868
f 202/9/869 488/9/869 489/9/869
f 490/9/870 491/9/870 492/9/870
f 493/9/871 494/9/871 495/9/871
f 496/9/872 497/9/872 242/9/872
f 252/9/873 496/9/873 242/9/873
f 498/9/874 499/9/874 500/9/874
f 501/9/875 274/9/876 459/9/877
f 452/9/878 451/9/878 486/9/878
f 502/9/879 487/9/879 503/9/879
f 501/9/880 150/9/880 274/9/880
f 186/9/881 220/9/881 504/9/881
f 505/9/882 506/9/882 507/9/882
f 508/9/883 496/9/883 252/9/883
f 509/9/884 510/9/884 511/9/884
f 512/9/885 513/9/885 514/9/885
f 515/9/886 504/9/886 220/9/886
f 172/9/887 516/9/887 517/9/887
f 518/9/888 151/9/888 519/9/888
f 136/9/889 520/9/889 129/9/889
f 521/9/890 522/9/890 523/9/890
f 524/9/891 514/9/891 135/9/891
f 525/9/892 455/9/892 526/9/892
f 527/9/893 515/9/893 152/9/893
f 528/9/894 496/9/894 508/9/894
f 529/9/895 530/9/896 531/9/897
f 532/9/898 533/9/898 534/9/898
f 479/9/899 535/9/899 536/9/899
f 478/9/900 507/9/900 537/9/900
f 236/9/901 479/9/901 478/9/901
f 242/9/902 497/9/902 243/9/902
f 538/9/903 539/9/903 131/9/903
f 540/9/904 468/9/904 467/9/904
f 489/9/905 541/9/905 137/9/905
f 539/9/906 542/9/906 543/9/906
f 517/9/907 173/9/907 172/9/907
f 544/9/908 545/9/908 224/9/908
f 451/9/909 228/9/909 223/9/909
f 546/9/910 115/9/910 547/9/910
f 115/9/911 546/9/911 116/9/911
f 548/9/912 549/9/912 550/9/912
f 551/9/913 552/9/913 553/9/913
f 547/9/914 520/9/914 554/9/914
f 541/9/915 138/9/915 137/9/915
f 555/9/916 556/9/916 557/9/916
f 468/9/917 136/9/917 140/9/917
f 136/9/918 468/9/918 520/9/918
f 135/9/919 558/9/919 559/9/919
f 163/9/920 109/9/920 560/9/920
f 500/9/921 476/9/921 561/9/921
f 562/9/922 563/9/922 564/9/922
f 497/9/923 457/9/923 565/9/923
f 566/9/924 509/9/924 567/9/924
f 172/9/925 164/9/925 516/9/925
f 561/9/926 568/9/926 500/9/926
f 569/9/927 570/9/927 571/9/927
f 572/9/928 573/9/928 574/9/928
f 502/9/929 503/9/929 575/9/929
f 558/9/930 135/9/930 477/9/930
f 576/9/931 577/9/931 578/9/931
f 579/9/932 580/9/932 581/9/932
f 516/9/933 582/9/933 583/9/933
f 131/9/934 474/9/934 584/9/934
f 585/9/935 586/9/935 587/9/935
f 171/9/936 588/9/936 111/9/936
f 577/9/937 560/9/937 589/9/937
f 588/9/938 487/9/939 502/9/940
f 550/9/941 554/9/941 590/9/941
f 591/9/942 583/9/942 582/9/942
f 129/9/943 547/9/943 115/9/943
f 577/9/944 589/9/944 592/9/944
f 593/9/945 594/9/945 571/9/945
f 111/9/946 589/9/946 109/9/946
f 595/9/947 536/9/947 535/9/947
f 596/9/948 597/9/948 598/9/948
f 599/9/949 600/9/949 601/9/949
f 602/9/950 603/9/950 600/9/950
f 123/9/951 192/9/951 535/9/951
f 600/9/952 480/9/952 602/9/952
f 164/9/953 163/9/953 582/9/953
f 517/9/954 563/9/954 562/9/954
f 604/9/955 605/9/956 514/9/957
f 518/9/958 604/9/958 524/9/958
f 539/9/959 606/9/959 542/9/959
f 545/9/960 606/9/960 538/9/960
f 515/9/961 220/9/961 152/9/961
f 504/9/962 515/9/962 465/9/962
f 489/9/963 137/9/963 202/9/963
f 541/9/964 489/9/964 594/9/964
f 607/9/965 608/9/965 609/9/965
f 485/9/966 610/9/967 454/9/968
f 611/9/969 612/9/969 613/9/969
f 575/9/970 614/9/971 592/9/972
f 476/9/973 615/9/973 561/9/973
f 616/9/974 617/9/974 618/9/974
f 480/9/975 619/9/975 602/9/975
f 620/9/976 621/9/977 622/9/978
f 252/9/979 186/9/979 508/9/979
f 623/9/980 457/9/981 496/9/982
f 565/9/983 624/9/983 625/9/983
f 605/9/984 501/9/985 625/9/986
f 140/9/987 138/9/987 467/9/987
f 554/9/988 626/9/988 590/9/988
f 550/9/989 627/9/989 628/9/989
f 629/9/990 606/9/991 546/9/992
f 131/9/993 630/9/993 631/9/993
f 451/9/994 630/9/995 486/9/996
f 450/9/997 453/9/997 226/9/997
f 454/9/998 453/9/998 452/9/998
f 135/9/999 632/9/999 633/9/999
f 487/9/1000 632/9/1001 503/9/1002
f 588/9/1003 589/9/1003 111/9/1003
f 592/9/1004 589/9/1004 502/9/1004
f 463/9/1005 535/9/1005 192/9/1005
f 595/9/1006 535/9/1006 455/9/1006
f 507/9/1007 478/9/1007 536/9/1007
f 537/9/1008 515/9/1008 527/9/1008
f 560/9/1009 582/9/1009 163/9/1009
f 591/9/1010 582/9/1010 577/9/1010
f 563/9/1011 517/9/1011 583/9/1011
f 562/9/1012 489/9/1012 488/9/1012
f 634/9/1013 486/9/1013 131/9/1013
f 635/9/1014 503/9/1014 135/9/1014
f 152/9/1015 217/9/1015 527/9/1015
f 151/9/1016 518/9/1016 135/9/1016
f 224/9/1017 545/9/1017 131/9/1017
f 465/9/1018 515/9/1018 537/9/1018
f 202/9/1019 173/9/1019 488/9/1019
f 594/9/1020 489/9/1020 562/9/1020
f 562/9/1021 636/9/1021 594/9/1021
f 594/9/1022 636/9/1022 571/9/1022
f 457/9/981 497/9/1023 496/9/982
f 459/9/1024 243/9/1024 497/9/1024
f 186/9/1025 504/9/1025 508/9/1025
f 504/9/1026 464/9/1026 528/9/1026
f 501/9/875 459/9/877 625/9/1027
f 518/9/1028 519/9/1028 604/9/1028
f 554/9/1029 520/9/1029 468/9/1029
f 547/9/1030 129/9/1030 520/9/1030
f 138/9/1031 541/9/1031 467/9/1031
f 540/9/1032 467/9/1032 541/9/1032
f 629/9/1033 546/9/1033 547/9/1033
f 545/9/1034 544/9/1034 606/9/1034
f 537/9/1035 567/9/1035 465/9/1035
f 465/9/1036 567/9/1036 466/9/1036
f 455/9/1037 454/9/1037 526/9/1037
f 637/9/1038 536/9/1038 595/9/1038
f 638/9/1039 639/9/1039 483/9/1039
f 640/9/1040 471/9/1040 641/9/1040
f 474/9/1041 599/9/1041 642/9/1041
f 643/9/1042 644/9/1042 645/9/1042
f 470/9/1043 481/9/1043 646/9/1043
f 647/9/1044 511/9/1044 510/9/1044
f 648/9/1045 649/9/1045 650/9/1045
f 651/9/1046 652/9/1046 653/9/1046
f 654/9/1047 655/9/1047 656/9/1047
f 657/9/1048 636/9/1048 658/9/1048
f 659/9/1049 660/9/1049 661/9/1049
f 662/9/1050 472/9/1050 466/9/1050
f 577/9/1051 592/9/1051 578/9/1051
f 663/9/1052 583/9/1052 591/9/1052
f 664/9/1053 665/9/1053 531/9/1053
f 597/9/1054 666/9/1054 598/9/1054
f 498/9/1055 667/9/1055 611/9/1055
f 668/9/1056 669/9/1056 670/9/1056
f 671/9/1057 598/9/1057 666/9/1057
f 671/9/1058 672/9/1058 460/9/1058
f 673/9/1059 674/9/1059 675/9/1059
f 676/9/1060 675/9/1060 579/9/1060
f 677/9/1061 521/9/1061 678/9/1061
f 572/9/1062 571/9/1062 570/9/1062
f 217/9/1063 478/9/1063 527/9/1063
f 537/9/1064 527/9/1064 478/9/1064
f 173/9/1065 517/9/1065 488/9/1065
f 562/9/1066 488/9/1066 517/9/1066
f 451/9/842 450/9/841 228/9/1067
f 453/9/1068 450/9/1068 452/9/1068
f 453/9/1069 463/9/1069 194/9/1069
f 535/9/1070 463/9/1070 455/9/1070
f 487/9/939 588/9/938 171/9/1071
f 589/9/1072 588/9/1072 502/9/1072
f 589/9/1073 560/9/1073 109/9/1073
f 582/9/1074 560/9/1074 577/9/1074
f 637/9/1075 507/9/1075 536/9/1075
f 679/9/1076 640/9/1076 505/9/1076
f 640/9/1077 641/9/1077 510/9/1077
f 662/9/1078 509/9/1078 651/9/1078
f 663/9/1079 563/9/1079 583/9/1079
f 680/9/1080 658/9/1080 564/9/1080
f 681/9/1081 598/9/1081 462/9/1081
f 657/9/1082 658/9/1082 461/9/1082
f 682/9/1083 615/9/1083 135/9/1083
f 477/9/1084 476/9/1084 499/9/1084
f 135/9/1085 615/9/1085 476/9/1085
f 135/9/1086 683/9/1086 684/9/1086
f 499/9/1087 558/9/1087 477/9/1087
f 665/9/1088 559/9/1088 685/9/1088
f 584/9/1089 686/9/1089 131/9/1089
f 687/9/1090 609/9/1090 608/9/1090
f 559/9/1091 688/9/1091 135/9/1091
f 669/9/1092 613/9/1092 612/9/1092
f 567/9/1093 537/9/1093 506/9/1093
f 466/9/1094 567/9/1094 662/9/1094
f 689/9/1095 472/9/1095 653/9/1095
f 464/9/1096 484/9/1096 528/9/1096
f 553/9/1097 690/9/1097 551/9/1097
f 484/9/1098 464/9/1099 473/9/1100
f 555/9/1101 691/9/1101 692/9/1101
f 557/9/1102 693/9/1102 670/9/1102
f 691/9/1103 533/9/1103 692/9/1103
f 694/9/1104 695/9/1104 696/9/1104
f 533/9/1105 691/9/1105 568/9/1105
f 697/9/1106 698/9/1106 699/9/1106
f 700/9/1107 619/9/1107 131/9/1107
f 475/9/1108 480/9/1108 599/9/1108
f 131/9/1109 619/9/1109 480/9/1109
f 621/9/1110 701/9/1110 702/9/1110
f 599/9/1111 474/9/1111 475/9/1111
f 609/9/1112 639/9/1113 584/9/1114
f 655/9/1115 703/9/1115 704/9/1115
f 704/9/1116 656/9/1116 655/9/1116
f 705/9/1117 706/9/1117 703/9/1117
f 677/9/1118 579/9/1118 675/9/1118
f 707/9/1119 603/9/1119 586/9/1119
f 708/9/1120 709/9/1120 710/9/1120
f 636/9/1121 562/9/1121 564/9/1121
f 571/9/1122 636/9/1122 569/9/1122
f 581/9/1123 570/9/1123 676/9/1123
f 594/9/1124 593/9/1124 541/9/1124
f 580/9/1125 492/9/1125 491/9/1125
f 468/9/1126 626/9/1126 554/9/1126
f 570/9/1127 569/9/1127 676/9/1127
f 572/9/1128 570/9/1128 711/9/1128
f 712/9/1129 569/9/1129 657/9/1129
f 712/9/1130 673/9/1130 676/9/1130
f 713/9/1131 460/9/1131 714/9/1131
f 522/9/1132 675/9/1132 674/9/1132
f 557/9/1133 659/9/1133 661/9/1133
f 677/9/1134 522/9/1134 521/9/1134
f 709/9/1135 573/9/1135 711/9/1135
f 572/9/1136 574/9/1136 593/9/1136
f 573/9/1137 709/9/1137 715/9/1137
f 590/9/1138 715/9/1138 550/9/1138
f 716/9/1139 717/9/1139 549/9/1139
f 628/9/1140 542/9/1140 629/9/1140
f 701/9/1141 621/9/1141 718/9/1141
f 717/9/1142 543/9/1143 627/9/1144
f 702/9/1145 701/9/1145 131/9/1145
f 719/9/1146 539/9/1147 543/9/1148
f 720/9/1149 721/9/1149 650/9/1149
f 722/9/1150 723/9/1150 724/9/1150
f 649/9/1151 656/9/1151 725/9/1151
f 677/9/1152 723/9/1152 579/9/1152
f 725/9/1153 726/9/1153 649/9/1153
f 704/9/1154 703/9/1154 706/9/1154
f 727/9/1155 728/9/1156 587/9/1157
f 491/9/1158 708/9/1158 710/9/1158
f 552/9/1159 729/9/1160 556/9/1161
f 523/9/1162 522/9/1162 730/9/1162
f 556/9/1163 692/9/1163 553/9/1163
f 551/9/1164 694/9/1164 552/9/1164
f 731/9/1165 732/9/1165 652/9/1165
f 733/9/1166 721/9/1166 720/9/1166
f 653/9/1167 734/9/1167 735/9/1167
f 652/9/1168 651/9/1168 731/9/1168
f 511/9/1169 647/9/1169 648/9/1169
f 678/9/1170 720/9/1170 650/9/1170
f 662/9/1171 651/9/1171 653/9/1171
f 472/9/1172 689/9/1172 473/9/1172
f 662/9/1173 653/9/1173 472/9/1173
f 734/9/1174 652/9/1174 732/9/1174
f 689/9/1175 698/9/1175 473/9/1175
f 496/9/1176 528/9/1176 623/9/1176
f 698/9/1177 458/9/1177 473/9/1177
f 458/9/1178 698/9/1178 736/9/1178
f 699/9/1179 698/9/1179 689/9/1179
f 697/9/1180 736/9/1180 698/9/1180
f 735/9/1181 689/9/1181 653/9/1181
f 532/9/1182 534/9/1182 737/9/1182
f 737/9/1183 493/9/1183 495/9/1183
f 624/9/1184 456/9/1185 738/9/1186
f 739/9/1187 684/9/1187 740/9/1187
f 741/9/1188 513/9/1189 738/9/1190
f 742/9/1191 617/9/1191 616/9/1191
f 743/9/1192 514/9/1192 513/9/1192
f 662/9/1193 567/9/1193 509/9/1193
f 731/9/1194 651/9/1194 511/9/1194
f 738/9/1190 513/9/1189 512/9/1195
f 743/9/1196 135/9/1196 514/9/1196
f 627/9/1197 542/9/1197 628/9/1197
f 719/9/1198 131/9/1198 539/9/1198
f 499/9/1199 476/9/1199 500/9/1199
f 500/9/1200 568/9/1200 498/9/1200
f 498/9/1201 611/9/1201 744/9/1201
f 667/9/1202 498/9/1202 691/9/1202
f 744/9/1203 558/9/1203 499/9/1203
f 619/9/1204 700/9/1204 602/9/1204
f 700/9/1205 701/9/1205 745/9/1205
f 603/9/1206 746/9/1207 601/9/1208
f 700/9/1209 745/9/1209 602/9/1209
f 603/9/1210 745/9/1210 586/9/1210
f 586/9/1211 745/9/1211 718/9/1211
f 603/9/1212 602/9/1212 745/9/1212
f 587/9/1213 586/9/1213 718/9/1213
f 585/9/1214 705/9/1214 586/9/1214
f 716/9/1215 620/9/1215 717/9/1215
f 587/9/1216 716/9/1217 727/9/1218
f 709/9/1219 727/9/1219 548/9/1219
f 728/9/1220 727/9/1220 708/9/1220
f 715/9/1221 709/9/1221 548/9/1221
f 709/9/1222 711/9/1222 710/9/1222
f 599/9/1223 480/9/1223 600/9/1223
f 600/9/1224 603/9/1224 601/9/1224
f 601/9/1225 607/9/1225 642/9/1225
f 746/9/1226 747/9/1226 601/9/1226
f 601/9/1227 747/9/1227 607/9/1227
f 748/9/1228 486/9/1228 634/9/1228
f 485/9/1229 748/9/1229 638/9/1229
f 749/9/1230 503/9/1230 635/9/1230
f 575/9/1231 749/9/1231 664/9/1231
f 615/9/1232 682/9/1232 561/9/1232
f 682/9/1233 684/9/1234 739/9/1235
f 568/9/1236 691/9/1236 498/9/1236
f 739/9/1235 561/9/1237 682/9/1233
f 534/9/1238 533/9/1238 750/9/1238
f 568/9/1239 739/9/1240 750/9/1241
f 692/9/1242 533/9/1242 532/9/1242
f 553/9/1243 692/9/1243 532/9/1243
f 692/9/1244 556/9/1244 555/9/1244
f 553/9/1245 532/9/1245 690/9/1245
f 556/9/1246 553/9/1246 552/9/1246
f 556/9/1247 659/9/1247 557/9/1247
f 667/9/1248 555/9/1248 751/9/1248
f 557/9/1249 661/9/1249 693/9/1249
f 751/9/1250 555/9/1250 557/9/1250
f 672/9/1251 693/9/1251 661/9/1251
f 666/9/1252 597/9/1252 529/9/1252
f 740/9/1253 752/9/1253 753/9/1253
f 737/9/1254 754/9/1254 690/9/1254
f 493/9/1255 737/9/1255 534/9/1255
f 495/9/1256 736/9/1256 697/9/1256
f 752/9/1257 534/9/1257 753/9/1257
f 494/9/1258 493/9/1258 741/9/1258
f 738/9/1259 494/9/1259 741/9/1259
f 456/9/1260 495/9/1260 494/9/1260
f 510/9/1261 509/9/1261 566/9/1261
f 511/9/1262 651/9/1262 509/9/1262
f 640/9/1263 510/9/1263 566/9/1263
f 641/9/1264 645/9/1264 647/9/1264
f 641/9/1265 647/9/1265 510/9/1265
f 648/9/1266 647/9/1266 755/9/1266
f 649/9/1267 648/9/1267 755/9/1267
f 648/9/1268 721/9/1268 731/9/1268
f 622/9/1269 717/9/1269 620/9/1269
f 131/9/1270 719/9/1270 702/9/1270
f 572/9/1271 593/9/1271 571/9/1271
f 540/9/1272 593/9/1272 574/9/1272
f 513/9/1273 618/9/1273 617/9/1273
f 683/9/1274 135/9/1274 742/9/1274
f 486/9/1275 630/9/1275 131/9/1275
f 631/9/1276 451/9/1276 223/9/1276
f 451/9/994 631/9/1277 630/9/995
f 131/9/1278 631/9/1278 223/9/1278
f 503/9/1279 632/9/1279 135/9/1279
f 633/9/1280 487/9/1280 190/9/1280
f 487/9/1000 633/9/1281 632/9/1001
f 135/9/1282 633/9/1282 190/9/1282
f 656/9/1283 649/9/1283 755/9/1283
f 650/9/1284 649/9/1284 726/9/1284
f 656/9/1285 755/9/1285 654/9/1285
f 656/9/1286 704/9/1286 725/9/1286
f 643/9/1287 645/9/1287 641/9/1287
f 756/9/1288 757/9/1288 687/9/1288
f 654/9/1289 758/9/1289 655/9/1289
f 758/9/1290 747/9/1290 703/9/1290
f 758/9/1291 703/9/1291 655/9/1291
f 705/9/1292 703/9/1292 746/9/1292
f 705/9/1293 746/9/1293 707/9/1293
f 705/9/1294 728/9/1294 706/9/1294
f 490/9/1295 728/9/1296 491/9/1297
f 706/9/1298 490/9/1298 759/9/1298
f 678/9/1299 650/9/1299 726/9/1299
f 648/9/1300 650/9/1300 721/9/1300
f 726/9/1301 722/9/1302 724/9/1303
f 678/9/1304 521/9/1304 720/9/1304
f 521/9/1305 695/9/1305 720/9/1305
f 733/9/1306 720/9/1306 695/9/1306
f 759/9/1307 704/9/1307 706/9/1307
f 722/9/1302 726/9/1301 725/9/1308
f 732/9/1309 733/9/1309 695/9/1309
f 733/9/1310 732/9/1310 731/9/1310
f 694/9/1311 732/9/1311 695/9/1311
f 732/9/1312 694/9/1313 734/9/1314
f 735/9/1315 734/9/1315 760/9/1315
f 653/9/1316 652/9/1316 734/9/1316
f 474/9/1317 642/9/1317 761/9/1317
f 686/9/1318 762/9/1319 634/9/1320
f 558/9/1321 744/9/1321 685/9/1321
f 688/9/1322 763/9/1323 635/9/1324
f 485/9/966 454/9/968 452/9/1325
f 526/9/1326 454/9/1326 610/9/1326
f 470/9/1327 482/9/1327 481/9/1327
f 470/9/1328 469/9/1328 525/9/1328
f 575/9/970 592/9/972 502/9/1329
f 578/9/1330 592/9/1330 614/9/1330
f 597/9/1331 530/9/1331 529/9/1331
f 597/9/1332 596/9/1332 576/9/1332
f 514/9/1333 524/9/1333 604/9/1333
f 135/9/1334 518/9/1334 524/9/1334
f 519/9/1335 151/9/1335 150/9/1335
f 150/9/1336 501/9/1336 519/9/1336
f 501/9/1337 604/9/1337 519/9/1337
f 539/9/1338 538/9/1338 606/9/1338
f 131/9/1339 545/9/1339 538/9/1339
f 544/9/1340 224/9/1340 116/9/1340
f 116/9/1341 546/9/1341 544/9/1341
f 546/9/992 606/9/991 544/9/1342
f 735/9/1343 760/9/1343 551/9/1343
f 699/9/1344 735/9/1344 754/9/1344
f 703/9/1345 747/9/1345 746/9/1345
f 608/9/1346 607/9/1346 747/9/1346
f 608/9/1347 747/9/1347 758/9/1347
f 584/9/1348 474/9/1348 761/9/1348
f 601/9/1349 642/9/1349 599/9/1349
f 761/9/1350 607/9/1350 609/9/1350
f 607/9/1351 761/9/1351 642/9/1351
f 609/9/1352 584/9/1352 761/9/1352
f 756/9/1353 608/9/1353 758/9/1353
f 608/9/1354 756/9/1354 687/9/1354
f 483/9/1355 687/9/1355 757/9/1355
f 639/9/1356 609/9/1356 687/9/1356
f 639/9/1357 687/9/1357 483/9/1357
f 584/9/1114 639/9/1113 762/9/1358
f 481/9/1359 483/9/1359 757/9/1359
f 483/9/1360 610/9/1360 638/9/1360
f 758/9/1361 654/9/1361 756/9/1361
f 644/9/1362 756/9/1362 654/9/1362
f 485/9/1363 638/9/1363 610/9/1363
f 639/9/1364 638/9/1364 762/9/1364
f 643/9/1365 481/9/1365 757/9/1365
f 470/9/1366 526/9/1367 482/9/1368
f 757/9/1369 756/9/1369 644/9/1369
f 641/9/1370 471/9/1371 646/9/1372
f 654/9/1373 755/9/1373 645/9/1373
f 647/9/1374 645/9/1374 755/9/1374
f 624/9/1375 738/9/1376 512/9/1377
f 738/9/1186 456/9/1185 494/9/1378
f 625/9/1379 624/9/1375 512/9/1377
f 457/9/1380 456/9/1380 624/9/1380
f 625/9/986 512/9/1381 605/9/984
f 565/9/1382 625/9/1382 459/9/1382
f 514/9/957 605/9/956 512/9/1383
f 501/9/1384 605/9/1384 604/9/1384
f 497/9/1385 565/9/1385 459/9/1385
f 624/9/1386 565/9/1386 457/9/1386
f 617/9/1387 743/9/1387 513/9/1387
f 628/9/1388 547/9/1388 554/9/1388
f 743/9/1389 742/9/1389 135/9/1389
f 606/9/1390 629/9/1390 542/9/1390
f 547/9/1391 628/9/1391 629/9/1391
f 554/9/1392 550/9/1392 628/9/1392
f 627/9/1393 550/9/1393 549/9/1393
f 543/9/1143 542/9/1394 627/9/1144
f 555/9/1395 667/9/1395 691/9/1395
f 612/9/1396 611/9/1396 667/9/1396
f 612/9/1397 667/9/1397 751/9/1397
f 559/9/1398 558/9/1398 685/9/1398
f 498/9/1399 744/9/1399 499/9/1399
f 613/9/1400 744/9/1400 611/9/1400
f 744/9/1401 613/9/1402 685/9/1403
f 665/9/1404 685/9/1403 613/9/1402
f 670/9/1405 612/9/1405 751/9/1405
f 612/9/1406 670/9/1406 669/9/1406
f 531/9/1407 669/9/1407 668/9/1407
f 665/9/1408 613/9/1408 669/9/1408
f 665/9/1409 669/9/1409 531/9/1409
f 559/9/1410 665/9/1410 763/9/1410
f 529/9/1411 531/9/1411 668/9/1411
f 531/9/1412 614/9/1412 664/9/1412
f 557/9/1413 670/9/1413 751/9/1413
f 693/9/1414 668/9/1414 670/9/1414
f 575/9/1415 664/9/1415 614/9/1415
f 665/9/1416 664/9/1416 763/9/1416
f 666/9/1417 668/9/1417 693/9/1417
f 576/9/1418 530/9/1418 597/9/1418
f 668/9/1419 666/9/1419 529/9/1419
f 693/9/1420 671/9/1420 666/9/1420
f 462/9/1421 598/9/1421 671/9/1421
f 598/9/1422 681/9/1422 596/9/1422
f 460/9/1423 462/9/1423 671/9/1423
f 462/9/1424 658/9/1424 680/9/1424
f 714/9/1425 672/9/1425 661/9/1425
f 461/9/1426 460/9/1426 713/9/1426
f 660/9/1427 714/9/1427 661/9/1427
f 674/9/1428 714/9/1428 730/9/1428
f 461/9/1429 713/9/1429 712/9/1429
f 462/9/1430 461/9/1430 658/9/1430
f 673/9/1431 712/9/1431 713/9/1431
f 676/9/1432 569/9/1432 712/9/1432
f 663/9/1433 596/9/1433 681/9/1433
f 576/9/1434 578/9/1434 530/9/1434
f 596/9/1435 591/9/1435 576/9/1435
f 577/9/1436 576/9/1436 591/9/1436
f 460/9/1437 672/9/1437 714/9/1437
f 693/9/1438 672/9/1438 671/9/1438
f 712/9/1439 657/9/1439 461/9/1439
f 636/9/1440 657/9/1440 569/9/1440
f 581/9/1441 710/9/1441 711/9/1441
f 580/9/1442 491/9/1442 710/9/1442
f 570/9/1443 581/9/1443 711/9/1443
f 579/9/1444 581/9/1444 676/9/1444
f 505/9/1445 640/9/1445 566/9/1445
f 640/9/1446 679/9/1446 471/9/1446
f 469/9/1447 471/9/1447 679/9/1447
f 471/9/856 470/9/855 646/9/1448
f 506/9/1449 505/9/1449 566/9/1449
f 637/9/1450 505/9/1451 507/9/1452
f 567/9/1453 506/9/1453 566/9/1453
f 507/9/1454 506/9/1454 537/9/1454
f 637/9/1455 469/9/1455 679/9/1455
f 470/9/1366 525/9/1456 526/9/1367
f 469/9/1457 595/9/1457 525/9/1457
f 455/9/1458 525/9/1458 595/9/1458
f 719/9/1146 543/9/1148 622/9/1459
f 705/9/1460 707/9/1460 586/9/1460
f 675/9/1461 522/9/1461 677/9/1461
f 730/9/1462 660/9/1462 523/9/1462
f 696/9/1463 729/9/1463 552/9/1463
f 695/9/1464 521/9/1465 523/9/1466
f 618/9/1467 513/9/1467 741/9/1467
f 616/9/1468 683/9/1468 742/9/1468
f 743/9/1469 617/9/1469 742/9/1469
f 752/9/1470 618/9/1470 741/9/1470
f 618/9/1471 752/9/1471 740/9/1471
f 741/9/1472 493/9/1472 752/9/1472
f 534/9/1473 752/9/1473 493/9/1473
f 684/9/1474 683/9/1474 616/9/1474
f 740/9/1475 684/9/1475 616/9/1475
f 684/9/1476 682/9/1476 135/9/1476
f 618/9/1477 740/9/1477 616/9/1477
f 740/9/1478 753/9/1478 739/9/1478
f 728/9/1479 708/9/1479 491/9/1479
f 727/9/1480 709/9/1480 708/9/1480
f 581/9/1481 580/9/1481 710/9/1481
f 579/9/1482 723/9/1482 492/9/1482
f 579/9/1483 492/9/1483 580/9/1483
f 490/9/1484 492/9/1484 722/9/1484
f 759/9/1485 722/9/1485 725/9/1485
f 490/9/1295 706/9/1486 728/9/1296
f 722/9/1487 759/9/1487 490/9/1487
f 704/9/1488 759/9/1488 725/9/1488
f 535/9/1489 479/9/1489 123/9/1489
f 478/9/1490 479/9/1490 536/9/1490
f 582/9/1491 516/9/1491 164/9/1491
f 517/9/1492 516/9/1492 583/9/1492
f 504/9/1493 528/9/1493 508/9/1493
f 623/9/1494 484/9/1494 458/9/1494
f 484/9/1495 623/9/1495 528/9/1495
f 458/9/1496 457/9/1496 623/9/1496
f 550/9/1497 715/9/1497 548/9/1497
f 573/9/1498 715/9/1498 590/9/1498
f 574/9/1499 573/9/1499 590/9/1499
f 711/9/1500 573/9/1500 572/9/1500
f 686/9/1501 634/9/1501 131/9/1501
f 748/9/1502 634/9/1320 762/9/1319
f 584/9/1503 762/9/1503 686/9/1503
f 688/9/1504 635/9/1504 135/9/1504
f 749/9/1505 635/9/1324 763/9/1323
f 559/9/1506 763/9/1506 688/9/1506
f 593/9/1507 540/9/1507 541/9/1507
f 540/9/1508 574/9/1508 626/9/1508
f 469/9/1509 637/9/1509 595/9/1509
f 637/9/1450 679/9/1510 505/9/1451
f 596/9/1511 663/9/1511 591/9/1511
f 563/9/1512 663/9/1513 681/9/1514
f 680/9/1515 563/9/1512 681/9/1514
f 636/9/1516 564/9/1516 658/9/1516
f 563/9/1517 680/9/1517 564/9/1517
f 462/9/1518 680/9/1518 681/9/1518
f 465/9/1519 464/9/1519 504/9/1519
f 473/9/1100 464/9/1099 466/9/1520
f 714/9/1521 674/9/1521 713/9/1521
f 522/9/1522 674/9/1522 730/9/1522
f 540/9/1523 626/9/1523 468/9/1523
f 574/9/1524 590/9/1524 626/9/1524
f 548/9/1525 727/9/1218 716/9/1217
f 627/9/1526 549/9/1526 717/9/1526
f 548/9/1527 716/9/1527 549/9/1527
f 620/9/1528 587/9/1528 718/9/1528
f 587/9/1529 620/9/1529 716/9/1529
f 621/9/977 620/9/976 718/9/1530
f 718/9/1531 745/9/1531 701/9/1531
f 621/9/1532 702/9/1532 622/9/1532
f 131/9/1533 701/9/1533 700/9/1533
f 719/9/1534 622/9/1534 702/9/1534
f 543/9/1535 717/9/1535 622/9/1535
f 724/9/1536 723/9/1536 677/9/1536
f 492/9/1537 723/9/1537 722/9/1537
f 677/9/1538 678/9/1538 724/9/1538
f 726/9/1539 724/9/1539 678/9/1539
f 523/9/1540 660/9/1540 729/9/1540
f 714/9/1541 660/9/1541 730/9/1541
f 694/9/1313 760/9/1542 734/9/1314
f 696/9/1543 695/9/1464 523/9/1466
f 729/9/1544 696/9/1544 523/9/1544
f 552/9/1545 694/9/1545 696/9/1545
f 648/9/1546 731/9/1546 511/9/1546
f 733/9/1547 731/9/1547 721/9/1547
f 495/9/1548 456/9/1548 736/9/1548
f 456/9/845 458/9/847 736/9/1549
f 735/9/1550 699/9/1550 689/9/1550
f 754/9/1551 737/9/1551 697/9/1551
f 754/9/1552 697/9/1552 699/9/1552
f 737/9/1553 495/9/1553 697/9/1553
f 746/9/1207 603/9/1206 707/9/1554
f 587/9/1157 728/9/1156 585/9/1555
f 705/9/1556 585/9/1556 728/9/1556
f 750/9/1241 739/9/1240 753/9/1557
f 561/9/1558 739/9/1558 568/9/1558
f 534/9/1559 750/9/1559 753/9/1559
f 568/9/1560 750/9/1560 533/9/1560
f 737/9/1561 690/9/1561 532/9/1561
f 754/9/1562 735/9/1562 551/9/1562
f 551/9/1563 690/9/1563 754/9/1563
f 551/9/1564 760/9/1564 694/9/1564
f 556/9/1161 729/9/1160 659/9/1565
f 659/9/1566 729/9/1566 660/9/1566
f 526/9/1567 610/9/1567 482/9/1567
f 483/9/1568 482/9/1568 610/9/1568
f 645/9/1569 644/9/1569 654/9/1569
f 757/9/1570 644/9/1570 643/9/1570
f 481/9/1571 643/9/1571 646/9/1571
f 646/9/1372 643/9/1572 641/9/1370
f 578/9/1573 614/9/1573 530/9/1573
f 531/9/897 530/9/896 614/9/1574
f 674/9/1575 673/9/1575 713/9/1575
f 676/9/1576 673/9/1576 675/9/1576
f 638/9/1577 748/9/1577 762/9/1577
f 486/9/1578 748/9/1578 485/9/1578
f 664/9/1579 749/9/1579 763/9/1579
f 503/9/1580 749/9/1580 575/9/1580
f 764/9/1581 765/9/1582 766/9/1583
f 767/9/1584 768/9/1585 769/9/1586
f 770/9/1587 771/9/1588 772/9/1589
f 773/9/1590 774/9/1591 775/9/1592
f 776/9/1593 777/9/1594 768/9/1585
f 765/9/1582 764/9/1581 778/9/1595
f 771/9/1588 777/9/1594 772/9/1589
f 779/9/1596 780/9/1597 781/9/1598
f 767/9/1584 769/9/1586 765/9/1582
f 782/9/1599 783/9/1600 784/9/1601
f 776/9/1593 781/9/1598 785/9/1602
f 786/9/1603 778/9/1595 787/9/1604
f 768/9/1585 777/9/1594 769/9/1586
f 769/9/1586 771/9/1588 766/9/1583
f 776/9/1593 788/9/1605 781/9/1598
f 766/9/1583 771/9/1588 774/9/1591
f 776/9/1593 786/9/1603 788/9/1605
f 789/9/1606 790/9/1607 777/9/1594
f 791/9/1608 770/9/1587 772/9/1589
f 771/9/1588 770/9/1587 774/9/1591
f 783/9/1600 792/9/1609 784/9/1601
f 793/9/1610 794/9/1611 790/9/1607
f 794/9/1611 795/9/1612 796/9/1613
f 790/9/1607 794/9/1611 791/9/1608
f 797/9/1614 798/9/1615 799/9/1616
f 800/9/1617 801/9/1618 802/9/1619
f 800/9/1617 803/9/1620 799/9/1616
f 770/9/1587 775/9/1592 774/9/1591
f 794/9/1611 793/9/1610 795/9/1612
f 774/9/1591 773/9/1590 766/9/1583
f 765/9/1582 769/9/1586 766/9/1583
f 781/9/1598 788/9/1605 804/9/1621
f 804/9/1621 788/9/1605 787/9/1604
f 776/9/1593 767/9/1584 786/9/1603
f 805/9/1622 780/9/1597 779/9/1596
f 780/9/1597 806/9/1623 785/9/1602
f 767/9/1584 765/9/1582 786/9/1603
f 768/9/1585 767/9/1584 776/9/1593
f 766/9/1583 773/9/1590 764/9/1581
f 778/9/1595 786/9/1603 765/9/1582
f 787/9/1604 788/9/1605 786/9/1603
f 777/9/1594 785/9/1602 806/9/1623
f 776/9/1593 785/9/1602 777/9/1594
f 785/9/1602 781/9/1598 780/9/1597
f 807/9/1624 770/9/1587 791/9/1608
f 791/9/1608 796/9/1613 807/9/1624
f 793/9/1610 790/9/1607 789/9/1606
f 808/9/1625 793/9/1610 789/9/1606
f 808/9/1625 809/9/1626 793/9/1610
f 789/9/1606 783/9/1600 808/9/1625
f 798/9/1615 797/9/1614 810/9/1627
f 783/9/1600 782/9/1599 808/9/1625
f 808/9/1625 782/9/1599 811/9/1628
f 799/9/1616 798/9/1615 784/9/1601
f 792/9/1609 812/9/1629 784/9/1601
f 782/9/1599 784/9/1601 798/9/1615
f 789/9/1606 792/9/1609 783/9/1600
f 801/9/1618 812/9/1629 777/9/1594
f 798/9/1615 810/9/1627 782/9/1599
f 811/9/1628 782/9/1599 810/9/1627
f 809/9/1626 808/9/1625 811/9/1628
f 809/9/1626 795/9/1612 793/9/1610
f 799/9/1616 801/9/1618 800/9/1617
f 802/9/1619 801/9/1618 777/9/1594
f 812/9/1629 799/9/1616 784/9/1601
f 777/9/1594 812/9/1629 792/9/1609
f 799/9/1616 812/9/1629 801/9/1618
f 769/9/1586 777/9/1594 771/9/1588
f 777/9/1594 792/9/1609 789/9/1606
f 777/9/1594 790/9/1607 772/9/1589
f 775/9/1592 770/9/1587 807/9/1624
f 790/9/1607 791/9/1608 772/9/1589
f 796/9/1613 791/9/1608 794/9/1611
f 781/9/1598 804/9/1621 779/9/1596
f 803/9/1620 800/9/1617 813/9/1630
f 803/9/1620 797/9/1614 799/9/1616
f 814/9/1631 815/9/1632 816/9/1633
f 817/9/1634 818/9/1635 819/9/1636
f 820/9/1637 821/9/1638 822/9/1639
f 823/9/1640 824/9/1641 825/9/1642
f 826/9/1643 777/9/1644 818/9/1635
f 815/9/1632 814/9/1631 827/9/1645
f 821/9/1638 777/9/1644 822/9/1639
f 828/9/1646 800/9/1617 829/9/1647
f 817/9/1634 819/9/1636 815/9/1632
f 830/9/1648 831/9/1649 832/9/1650
f 826/9/1643 829/9/1647 833/9/1651
f 834/9/1652 827/9/1645 835/9/1653
f 818/9/1635 777/9/1644 819/9/1636
f 819/9/1636 821/9/1638 816/9/1633
f 780/9/1597 836/9/1654 837/9/1655
f 816/9/1633 821/9/1638 824/9/1641
f 826/9/1643 834/9/1652 838/9/1656
f 839/9/1657 840/9/1658 777/9/1644
f 841/9/1659 820/9/1637 822/9/1639
f 821/9/1638 820/9/1637 824/9/1641
f 842/9/1660 832/9/1650 831/9/1649
f 843/9/1661 844/9/1662 840/9/1658
f 820/9/1637 825/9/1642 824/9/1641
f 844/9/1662 845/9/1663 846/9/1664
f 840/9/1658 844/9/1662 841/9/1659
f 847/9/1665 848/9/1666 849/9/1667
f 780/9/1597 850/9/1668 849/9/1667
f 826/9/1643 838/9/1656 829/9/1647
f 844/9/1662 843/9/1661 845/9/1663
f 824/9/1641 823/9/1640 816/9/1633
f 815/9/1632 819/9/1636 816/9/1633
f 829/9/1647 838/9/1656 851/9/1669
f 851/9/1669 838/9/1656 835/9/1653
f 826/9/1643 817/9/1634 834/9/1652
f 813/9/1630 800/9/1617 828/9/1646
f 800/9/1617 852/9/1670 833/9/1651
f 817/9/1634 815/9/1632 834/9/1652
f 818/9/1635 817/9/1634 826/9/1643
f 816/9/1633 823/9/1640 814/9/1631
f 827/9/1645 834/9/1652 815/9/1632
f 835/9/1653 838/9/1656 834/9/1652
f 777/9/1644 833/9/1651 852/9/1670
f 826/9/1643 833/9/1651 777/9/1644
f 833/9/1651 829/9/1647 800/9/1617
f 853/9/1671 820/9/1637 841/9/1659
f 841/9/1659 846/9/1664 853/9/1671
f 843/9/1661 840/9/1658 839/9/1657
f 854/9/1672 843/9/1661 839/9/1657
f 854/9/1672 855/9/1673 843/9/1661
f 839/9/1657 831/9/1649 854/9/1672
f 848/9/1666 847/9/1665 856/9/1674
f 831/9/1649 830/9/1648 854/9/1672
f 854/9/1672 830/9/1648 857/9/1675
f 849/9/1667 848/9/1666 832/9/1650
f 842/9/1660 858/9/1676 832/9/1650
f 830/9/1648 832/9/1650 848/9/1666
f 839/9/1657 842/9/1660 831/9/1649
f 836/9/1654 858/9/1676 777/9/1644
f 848/9/1666 856/9/1674 830/9/1648
f 857/9/1675 830/9/1648 856/9/1674
f 855/9/1673 854/9/1672 857/9/1675
f 855/9/1673 845/9/1663 843/9/1661
f 849/9/1667 836/9/1654 780/9/1597
f 837/9/1655 836/9/1654 777/9/1644
f 858/9/1676 849/9/1667 832/9/1650
f 777/9/1644 858/9/1676 842/9/1660
f 849/9/1667 858/9/1676 836/9/1654
f 819/9/1636 777/9/1644 821/9/1638
f 777/9/1644 842/9/1660 839/9/1657
f 777/9/1644 840/9/1658 822/9/1639
f 825/9/1642 820/9/1637 853/9/1671
f 840/9/1658 841/9/1659 822/9/1639
f 846/9/1664 841/9/1659 844/9/1662
f 829/9/1647 851/9/1669 828/9/1646
f 850/9/1668 780/9/1597 805/9/1622
f 850/9/1668 847/9/1665 849/9/1667
f 805/9/1677 859/9/1678 860/9/1679
f 861/9/1680 796/9/1613 795/9/1612
f 862/65/1681 863/66/1682 864/67/1683
f 865/9/1684 866/9/1685 867/9/1686
f 865/9/1684 868/9/1687 866/9/1685
f 865/9/1684 860/9/1679 804/9/1621
f 869/9/1688 870/9/1689 871/9/1690
f 872/9/1691 864/9/1683 873/9/1692
f 874/9/1693 875/9/1694 876/9/1695
f 867/9/1686 877/9/1696 878/9/1697
f 861/9/1680 879/9/1698 796/9/1613
f 880/9/1699 866/9/1685 881/9/1700
f 871/9/1690 870/9/1689 882/9/1701
f 883/68/1702 880/69/1699 863/66/1682
f 872/70/1691 862/65/1681 864/67/1683
f 813/9/1703 884/9/1704 885/9/1705
f 866/9/1685 883/9/1702 877/9/1696
f 865/9/1684 804/9/1621 787/9/1604
f 886/9/1706 773/9/1590 775/9/1592
f 874/9/1693 860/9/1679 867/9/1686
f 887/9/1707 861/9/1680 888/9/1708
f 775/9/1592 807/9/1624 873/9/1692
f 870/9/1689 889/9/1709 890/9/1710
f 871/71/1690 891/72/1711 869/73/1688
f 885/9/1705 892/9/1712 890/9/1710
f 872/9/1691 873/9/1692 879/9/1698
f 873/9/1692 864/9/1683 886/9/1706
f 890/9/1710 797/9/1614 885/9/1705
f 869/73/1688 887/74/1707 888/75/1708
f 893/9/1713 892/9/1712 885/9/1705
f 890/9/1710 892/9/1712 870/9/1689
f 894/76/1714 887/74/1707 891/72/1711
f 887/74/1707 894/76/1714 872/70/1691
f 888/9/1708 809/9/1626 889/9/1709
f 866/9/1685 877/9/1696 867/9/1686
f 895/9/1715 882/9/1701 892/9/1712
f 895/9/1715 893/9/1713 896/9/1716
f 868/9/1687 764/9/1581 881/9/1700
f 882/9/1701 870/9/1689 892/9/1712
f 860/9/1679 874/9/1693 876/9/1695
f 880/69/1699 864/67/1683 863/66/1682
f 872/70/1691 894/76/1714 862/65/1681
f 881/9/1700 886/9/1706 864/9/1683
f 890/9/1710 889/9/1709 811/9/1628
f 879/9/1698 887/9/1707 872/9/1691
f 865/9/1684 867/9/1686 860/9/1679
f 868/9/1687 865/9/1684 778/9/1595
f 889/9/1709 870/9/1689 888/9/1708
f 890/9/1710 811/9/1628 810/9/1627
f 764/9/1581 773/9/1590 881/9/1700
f 866/9/1685 868/9/1687 881/9/1700
f 868/9/1687 778/9/1595 764/9/1581
f 773/9/1590 886/9/1706 881/9/1700
f 861/9/1680 795/9/1612 888/9/1708
f 809/9/1626 888/9/1708 795/9/1612
f 809/9/1626 811/9/1628 889/9/1709
f 859/9/1678 804/9/1621 860/9/1679
f 805/9/1677 860/9/1679 876/9/1695
f 867/9/1686 878/9/1697 874/9/1693
f 875/9/1694 874/9/1693 878/9/1697
f 813/9/1703 885/9/1705 897/9/1717
f 897/9/1717 885/9/1705 797/9/1614
f 893/9/1713 885/9/1705 884/9/1704
f 896/9/1716 893/9/1713 884/9/1704
f 895/9/1715 892/9/1712 893/9/1713
f 866/77/1685 880/69/1699 883/68/1702
f 864/9/1683 880/9/1699 881/9/1700
f 887/74/1707 869/73/1688 891/72/1711
f 870/9/1689 869/9/1688 888/9/1708
f 775/9/1592 873/9/1692 886/9/1706
f 807/9/1624 796/9/1613 879/9/1698
f 879/9/1698 873/9/1692 807/9/1624
f 887/9/1707 879/9/1698 861/9/1680
f 787/9/1604 778/9/1595 865/9/1684
f 797/9/1614 890/9/1710 810/9/1627
f 813/9/1703 898/9/1718 899/9/1719
f 900/9/1720 901/9/1721 902/9/1722
f 899/9/1719 903/9/1723 884/9/1704
f 904/9/1724 851/9/1669 835/9/1653
f 904/9/1724 905/9/1725 906/9/1726
f 904/9/1724 899/9/1719 851/9/1669
f 805/9/1677 907/9/1727 908/9/1728
f 909/9/1729 902/9/1722 910/9/1730
f 911/9/1731 912/9/1732 913/9/1733
f 896/9/1716 884/9/1704 903/9/1723
f 904/9/1724 906/9/1726 911/9/1731
f 914/9/1734 915/9/1735 846/9/1664
f 901/9/1721 916/9/1736 917/9/1737
f 916/9/1736 912/9/1732 906/9/1726
f 918/9/1738 919/9/1739 857/9/1675
f 920/9/1740 921/9/1741 922/9/1742
f 902/9/1722 909/9/1729 900/9/1720
f 917/9/1737 906/9/1726 923/9/1743
f 924/9/1744 823/9/1640 825/9/1642
f 903/9/1723 899/9/1719 911/9/1731
f 906/9/1726 912/9/1732 911/9/1731
f 905/9/1725 814/9/1631 923/9/1743
f 925/9/1745 920/9/1740 922/9/1742
f 914/9/1734 926/9/1746 927/9/1747
f 907/9/1727 928/9/1748 918/9/1738
f 926/9/1746 855/9/1673 919/9/1739
f 922/9/1742 921/9/1741 929/9/1749
f 918/9/1738 847/9/1665 907/9/1727
f 918/9/1738 928/9/1748 921/9/1741
f 930/9/1750 928/9/1748 907/9/1727
f 925/9/1745 931/9/1751 927/9/1747
f 909/9/1729 927/9/1747 931/9/1751
f 909/9/1729 910/9/1730 915/9/1735
f 910/9/1730 902/9/1722 924/9/1744
f 928/9/1748 929/9/1749 921/9/1741
f 928/9/1748 932/9/1752 929/9/1749
f 825/9/1642 853/9/1671 910/9/1730
f 921/9/1741 919/9/1739 918/9/1738
f 875/9/1694 932/9/1752 930/9/1750
f 920/9/1740 927/9/1747 926/9/1746
f 923/9/1743 924/9/1744 902/9/1722
f 909/9/1729 931/9/1751 900/9/1720
f 914/9/1734 846/9/1664 845/9/1663
f 917/9/1737 902/9/1722 901/9/1721
f 915/9/1735 927/9/1747 909/9/1729
f 904/9/1724 911/9/1731 899/9/1719
f 905/9/1725 904/9/1724 827/9/1645
f 919/9/1739 921/9/1741 926/9/1746
f 918/9/1738 857/9/1675 856/9/1674
f 814/9/1631 823/9/1640 923/9/1743
f 906/9/1726 905/9/1725 923/9/1743
f 905/9/1725 827/9/1645 814/9/1631
f 823/9/1640 924/9/1744 923/9/1743
f 914/9/1734 845/9/1663 926/9/1746
f 855/9/1673 926/9/1746 845/9/1663
f 855/9/1673 857/9/1675 919/9/1739
f 898/9/1718 851/9/1669 899/9/1719
f 813/9/1703 899/9/1719 884/9/1704
f 911/9/1731 913/9/1733 903/9/1723
f 896/9/1716 903/9/1723 913/9/1733
f 907/9/1727 847/9/1665 908/9/1728
f 805/9/1677 876/9/1695 907/9/1727
f 930/9/1750 907/9/1727 876/9/1695
f 875/9/1694 930/9/1750 876/9/1695
f 932/9/1752 928/9/1748 930/9/1750
f 906/9/1726 917/9/1737 916/9/1736
f 902/9/1722 917/9/1737 923/9/1743
f 927/9/1747 920/9/1740 925/9/1745
f 921/9/1741 920/9/1740 926/9/1746
f 825/9/1642 910/9/1730 924/9/1744
f 853/9/1671 846/9/1664 915/9/1735
f 915/9/1735 910/9/1730 853/9/1671
f 927/9/1747 915/9/1735 914/9/1734
f 835/9/1653 827/9/1645 904/9/1724
f 847/9/1665 918/9/1738 856/9/1674
f 875/9/1753 878/9/1753 933/9/1753
f 934/9/1754 878/9/1754 877/9/1754
f 933/9/1755 878/9/1755 935/9/1755
f 936/9/1756 871/9/1756 937/9/1756
f 938/9/1757 939/9/1757 940/9/1757
f 941/9/1758 942/9/1758 943/9/1758
f 944/9/1759 945/9/1759 946/9/1759
f 947/9/1760 948/9/1760 949/9/1760
f 883/9/1761 950/9/1761 945/9/1761
f 951/9/1762 944/9/1762 952/9/1762
f 951/9/1763 935/9/1763 944/9/1763
f 953/9/1764 939/9/1764 938/9/1764
f 954/9/1765 955/9/1765 956/9/1765
f 935/9/1766 954/9/1766 933/9/1766
f 957/9/1767 958/9/1767 948/9/1767
f 950/9/1768 883/9/1768 863/9/1768
f 951/9/1769 955/9/1769 935/9/1769
f 935/9/1770 955/9/1770 954/9/1770
f 959/9/1771 958/9/1771 882/9/1771
f 944/9/1772 946/9/1773 952/9/1774
f 960/9/1775 952/9/1774 946/9/1773
f 960/9/1776 940/9/1776 961/9/1776
f 940/9/1777 939/9/1778 961/9/1779
f 960/9/1775 946/9/1773 940/9/1780
f 939/9/1778 942/9/1781 961/9/1779
f 945/9/1782 934/9/1782 877/9/1782
f 962/9/1783 963/9/1783 943/9/1783
f 950/9/1784 946/9/1784 945/9/1784
f 940/9/1785 950/9/1785 938/9/1785
f 964/9/1786 937/9/1786 958/9/1786
f 895/9/1787 896/9/1787 965/9/1787
f 877/9/1788 883/9/1788 945/9/1788
f 871/9/1789 882/9/1789 958/9/1789
f 959/9/1790 895/9/1790 966/9/1790
f 967/9/1791 968/9/1791 964/9/1791
f 950/9/1792 940/9/1792 946/9/1792
f 862/9/1793 938/9/1793 863/9/1793
f 966/9/1794 965/9/1794 969/9/1794
f 970/9/1795 943/9/1795 939/9/1795
f 941/9/1796 963/9/1797 968/9/1798
f 968/9/1799 963/9/1799 964/9/1799
f 957/9/1800 964/9/1800 958/9/1800
f 939/9/1778 943/9/1801 942/9/1781
f 963/9/1797 941/9/1796 943/9/1802
f 966/9/1803 895/9/1803 965/9/1803
f 948/9/1804 958/9/1804 959/9/1804
f 963/9/1805 962/9/1805 936/9/1805
f 971/9/1806 949/9/1806 969/9/1806
f 970/9/1807 862/9/1807 894/9/1807
f 964/9/1808 963/9/1808 937/9/1808
f 949/9/1809 966/9/1809 969/9/1809
f 958/9/1810 937/9/1810 871/9/1810
f 934/9/1811 944/9/1811 935/9/1811
f 970/9/1812 962/9/1812 943/9/1812
f 944/9/1813 934/9/1813 945/9/1813
f 938/9/1814 950/9/1814 863/9/1814
f 878/9/1815 934/9/1815 935/9/1815
f 970/9/1816 939/9/1816 953/9/1816
f 970/9/1817 894/9/1817 962/9/1817
f 894/9/1818 891/9/1818 962/9/1818
f 963/9/1819 936/9/1819 937/9/1819
f 962/9/1820 891/9/1820 936/9/1820
f 871/78/1821 936/79/1821 891/80/1821
f 895/9/1822 959/9/1822 882/9/1822
f 948/9/1823 959/9/1823 966/9/1823
f 949/9/1824 948/9/1824 966/9/1824
f 957/81/1825 947/82/1825 967/83/1825
f 947/9/1826 957/9/1826 948/9/1826
f 964/9/1827 957/9/1827 967/9/1827
f 938/9/1828 862/9/1828 953/9/1828
f 970/9/1829 953/9/1829 862/9/1829
f 965/9/1830 896/9/1830 913/9/1830
f 972/9/1831 973/9/1831 974/9/1831
f 900/9/1832 974/9/1832 901/9/1832
f 965/9/1833 913/9/1833 975/9/1833
f 974/9/1834 976/9/1834 972/9/1834
f 977/9/1835 978/9/1835 979/9/1835
f 980/9/1836 981/9/1836 982/9/1836
f 912/9/1837 916/9/1837 982/9/1837
f 973/9/1838 982/9/1838 916/9/1838
f 983/9/1839 981/9/1839 975/9/1839
f 973/9/1840 972/9/1840 980/9/1840
f 984/9/1841 976/9/1841 974/9/1841
f 971/9/1842 969/9/1842 985/9/1842
f 981/9/1843 983/9/1843 982/9/1843
f 975/9/1844 969/9/1844 965/9/1844
f 986/9/1845 987/9/1845 988/9/1845
f 989/9/1846 981/9/1846 990/9/1846
f 975/9/1847 985/9/1847 969/9/1847
f 991/9/1848 972/9/1848 992/9/1848
f 981/9/1849 980/9/1850 990/9/1851
f 991/9/1852 990/9/1851 980/9/1850
f 973/9/1853 916/9/1853 901/9/1853
f 972/9/1854 976/9/1855 992/9/1856
f 993/9/1857 994/9/1857 987/9/1857
f 976/9/1855 995/9/1858 992/9/1856
f 973/9/1859 980/9/1859 982/9/1859
f 978/9/1860 977/9/1860 996/9/1860
f 994/9/1861 997/9/1861 922/9/1861
f 998/9/1862 977/9/1862 999/9/1862
f 999/9/1863 997/9/1863 994/9/1863
f 932/9/1864 875/9/1864 933/9/1864
f 974/9/1865 973/9/1865 901/9/1865
f 922/9/1866 929/9/1866 994/9/1866
f 1000/9/1867 932/9/1867 1001/9/1867
f 989/9/1868 985/9/1868 975/9/1868
f 1002/9/1869 996/9/1869 976/9/1869
f 977/9/1870 1003/9/1871 996/9/1872
f 1001/9/1873 933/9/1873 954/9/1873
f 1003/9/1874 995/9/1874 996/9/1874
f 1003/9/1871 977/9/1870 998/9/1875
f 1000/9/1876 994/9/1876 929/9/1876
f 993/9/1877 999/9/1877 994/9/1877
f 976/9/1855 996/9/1878 995/9/1858
f 979/9/1879 922/9/1879 997/9/1879
f 1001/9/1880 932/9/1880 933/9/1880
f 987/9/1881 994/9/1881 1000/9/1881
f 982/9/1882 983/9/1882 912/9/1882
f 956/9/1883 988/9/1883 954/9/1883
f 983/9/1884 913/9/1884 912/9/1884
f 989/9/1885 975/9/1885 981/9/1885
f 988/9/1886 1001/9/1886 954/9/1886
f 1004/9/1887 998/9/1887 999/9/1887
f 991/9/1852 980/9/1850 972/9/1888
f 1002/9/1889 978/9/1889 996/9/1889
f 999/9/1890 977/9/1890 997/9/1890
f 1002/9/1891 900/9/1891 931/9/1891
f 913/9/1892 983/9/1892 975/9/1892
f 1002/9/1893 976/9/1893 984/9/1893
f 1002/9/1894 931/9/1894 978/9/1894
f 931/9/1895 925/9/1895 978/9/1895
f 977/9/1896 979/9/1896 997/9/1896
f 978/9/1897 925/9/1897 979/9/1897
f 922/9/1898 979/9/1898 925/9/1898
f 932/9/1899 1000/9/1899 929/9/1899
f 987/9/1900 1000/9/1900 1001/9/1900
f 988/9/1901 987/9/1901 1001/9/1901
f 993/9/1902 986/9/1902 1004/9/1902
f 986/9/1903 993/9/1903 987/9/1903
f 999/9/1904 993/9/1904 1004/9/1904
f 974/9/1905 900/9/1905 984/9/1905
f 1002/9/1906 984/9/1906 900/9/1906
f 956/9/1907 955/9/1908 1005/9/1909
f 949/84/1910 1006/85/1911 947/86/1912
f 1007/9/1913 1008/9/1914 1005/9/1909
f 1009/87/1915 1010/88/1916 1011/89/1917
f 1005/9/1909 955/9/1908 1012/9/1918
f 1013/90/1919 1014/91/1920 1015/92/1921
f 960/93/1922 1016/94/1923 952/95/1924
f 1013/96/1919 1017/97/1925 1018/98/1926
f 951/9/1927 1019/9/1928 1012/9/1918
f 1020/99/1929 1010/88/1916 1009/87/1915
f 1021/9/1930 1019/9/1928 1022/9/1931
f 1023/100/1932 1011/89/1917 1010/88/1916
f 1024/101/1933 1025/102/1934 1023/100/1932
f 1024/101/1933 1010/88/1916 1020/99/1929
f 1022/103/1931 952/95/1924 1016/94/1923
f 1012/9/1918 1007/9/1913 1005/9/1909
f 1015/92/1921 1026/104/1935 1013/90/1919
f 1027/9/1936 1028/9/1937 1012/9/1918
f 1007/9/1913 1012/9/1918 1028/9/1937
f 1013/90/1919 1026/104/1935 1029/105/1938
f 1023/100/1932 1016/94/1923 1011/89/1917
f 1025/102/1934 1030/106/1939 1021/107/1930
f 1031/9/1940 1032/9/1941 1033/9/1942
f 1031/9/1940 1027/9/1936 1019/9/1928
f 960/93/1922 1011/89/1917 1016/94/1923
f 941/108/1943 968/109/1944 1026/104/1935
f 1006/85/1911 1034/110/1945 947/86/1912
f 1031/111/1940 1021/107/1930 1030/106/1939
f 1023/100/1932 1025/102/1934 1021/107/1930
f 1015/92/1921 941/108/1943 1026/104/1935
f 1020/99/1929 1009/87/1915 1035/112/1946
f 1036/113/1947 1011/89/1917 961/114/1948
f 1026/104/1935 1037/115/1949 1029/105/1938
f 1037/115/1949 1034/110/1945 1038/116/1950
f 1039/117/1951 1040/118/1952 1041/119/1953
f 1037/115/1949 1026/104/1935 968/109/1944
f 1042/120/1954 1038/116/1950 1043/121/1955
f 947/86/1912 1034/110/1945 967/122/1956
f 949/84/1910 1044/123/1957 1006/85/1911
f 1038/116/1950 1039/124/1951 1037/115/1949
f 1045/9/1958 1044/9/1957 971/9/1959
f 942/125/1960 1036/113/1947 961/114/1948
f 1029/126/1938 1039/117/1951 1041/119/1953
f 1034/110/1945 1043/121/1955 1038/116/1950
f 1034/110/1945 1037/115/1949 967/122/1956
f 1006/85/1911 1046/127/1961 1043/121/1955
f 1032/128/1941 1031/111/1940 1030/106/1939
f 1029/105/1938 1037/115/1949 1039/124/1951
f 1027/9/1936 1012/9/1918 1019/9/1928
f 1018/129/1926 1035/112/1946 1014/91/1920
f 1022/9/1931 951/9/1927 952/9/1924
f 1013/90/1919 1018/129/1926 1014/91/1920
f 960/93/1922 961/114/1948 1011/89/1917
f 1038/130/1950 1042/131/1954 1040/132/1952
f 1040/133/1952 1039/124/1951 1038/116/1950
f 1043/121/1955 1046/127/1961 1047/134/1962
f 1048/9/1963 1046/9/1961 1049/9/1964
f 968/109/1944 967/122/1956 1037/115/1949
f 1042/120/1954 1043/121/1955 1047/134/1962
f 951/9/1927 1012/9/1918 955/9/1908
f 1041/119/1953 1017/97/1925 1029/126/1938
f 1015/92/1921 1036/113/1947 942/125/1960
f 1011/89/1917 1036/113/1947 1009/87/1915
f 1014/91/1920 1009/87/1915 1036/113/1947
f 1013/96/1919 1029/126/1938 1017/97/1925
f 1035/112/1946 1009/87/1915 1014/91/1920
f 1036/113/1947 1015/92/1921 1014/91/1920
f 942/125/1960 941/108/1943 1015/92/1921
f 1016/94/1923 1023/100/1932 1021/107/1930
f 1024/101/1933 1023/100/1932 1010/88/1916
f 1006/85/1911 1044/123/1957 1046/127/1961
f 1034/110/1945 1006/85/1911 1043/121/1955
f 1049/9/1964 1046/9/1961 1045/9/1958
f 1047/135/1962 1046/136/1961 1048/137/1963
f 971/9/1959 1044/9/1957 949/9/1910
f 1045/138/1958 1046/127/1961 1044/123/1957
f 1027/9/1936 1031/9/1940 1033/9/1942
f 1021/9/1930 1031/9/1940 1019/9/1928
f 1022/9/1931 1019/9/1928 951/9/1927
f 1016/94/1923 1021/107/1930 1022/103/1931
f 1050/9/1965 1051/9/1966 1052/9/1967
f 1053/9/1968 1054/9/1969 1052/9/1967
f 1052/9/1967 1051/9/1966 1053/9/1968
f 1055/9/1970 1056/9/1971 1057/9/1972
f 1055/9/1970 1057/9/1972 1053/9/1968
f 1057/9/1972 1056/9/1971 1058/9/1973
f 1055/9/1970 1053/9/1968 1051/9/1966
f 1059/9/1974 1060/9/1975 1061/9/1976
f 992/9/1977 995/9/1978 1062/9/1979
f 971/9/1980 985/9/1981 1061/9/1976
f 1063/9/1982 1064/9/1983 1065/9/1984
f 985/9/1981 989/9/1985 1059/9/1974
f 1066/9/1986 1067/9/1987 1068/9/1988
f 1064/9/1983 1062/9/1979 1069/9/1989
f 1070/9/1990 1071/9/1991 1072/9/1992
f 1059/9/1974 1073/9/1993 1074/9/1994
f 1070/9/1990 1075/9/1995 1076/9/1996
f 1077/9/1997 991/9/1998 1063/9/1982
f 1078/9/1999 1079/9/2000 1080/9/2001
f 1081/9/2002 1082/9/2003 1069/9/1989
f 1062/9/1979 1083/9/2004 1084/9/2005
f 1070/9/1990 1085/9/2006 1086/9/2007
f 1087/9/2008 1088/9/2009 1074/9/1994
f 1062/9/1979 1064/9/1983 992/9/1977
f 1061/9/1976 985/9/1981 1059/9/1974
f 1004/9/2010 1086/9/2007 1085/9/2006
f 1089/9/2011 1049/9/1964 1045/9/1958
f 995/9/1978 1003/9/2012 1083/9/2004
f 1082/9/2003 1078/9/1999 1065/9/1984
f 1087/9/2008 1074/9/1994 1080/9/2001
f 1073/9/1993 1080/9/2001 1074/9/1994
f 990/9/2013 1077/9/1997 1073/9/1993
f 1075/9/1995 1070/9/1990 1072/9/1992
f 1084/9/2005 1090/9/2014 1062/9/1979
f 1065/9/1984 1069/9/1989 1082/9/2003
f 1091/9/2015 1081/9/2002 1090/9/2014
f 1071/9/1991 1070/9/1990 1086/9/2007
f 1090/9/2014 1084/9/2005 1091/9/2015
f 1092/9/2016 1083/9/2004 1003/9/2012
f 1076/9/1996 1092/9/2016 1085/9/2006
f 1064/9/1983 1069/9/1989 1065/9/1984
f 998/9/2017 1085/9/2006 1092/9/2016
f 1089/9/2011 1060/9/1975 1088/9/2009
f 1093/9/2018 1068/9/1988 986/9/2019
f 1094/9/2020 1095/9/2021 1096/9/2022
f 988/9/2023 956/9/1907 1005/9/1909
f 1080/9/2001 1077/9/1997 1065/9/1984
f 1097/9/2024 1005/9/1909 1008/9/1914
f 1097/9/2024 1093/9/2018 1005/9/1909
f 1078/9/1999 1080/9/2001 1065/9/1984
f 1062/9/1979 1090/9/2014 1069/9/1989
f 991/9/1998 1077/9/1997 990/9/2013
f 1005/9/1909 1093/9/2018 988/9/2023
f 1071/9/1991 1086/9/2007 1068/9/1988
f 1098/9/2025 1093/9/2018 1097/9/2024
f 1063/9/1982 992/9/1977 1064/9/1983
f 1085/9/2006 1070/9/1990 1076/9/1996
f 1096/9/2022 1084/9/2005 1094/9/2020
f 1096/9/2022 1091/9/2015 1084/9/2005
f 1073/9/1993 989/9/1985 990/9/2013
f 1095/9/2021 1076/9/1996 1075/9/1995
f 998/9/2017 1004/9/2010 1085/9/2006
f 1068/9/1988 1093/9/2018 1066/9/1986
f 1062/9/1979 995/9/1978 1083/9/2004
f 1099/9/2026 1072/9/1992 1071/9/1991
f 1004/9/2010 986/9/2019 1086/9/2007
f 1094/9/2020 1092/9/2016 1076/9/1996
f 1069/9/1989 1090/9/2014 1081/9/2002
f 1068/9/1988 1100/9/2027 1071/9/1991
f 1098/9/2025 1066/9/1986 1093/9/2018
f 986/9/2019 988/9/2023 1093/9/2018
f 1077/9/1997 1080/9/2001 1073/9/1993
f 1094/9/2020 1084/9/2005 1083/9/2004
f 1071/9/1991 1100/9/2027 1099/9/2026
f 1080/9/2001 1079/9/2000 1087/9/2008
f 1095/9/2021 1094/9/2020 1076/9/1996
f 1083/9/2004 1092/9/2016 1094/9/2020
f 998/9/2017 1092/9/2016 1003/9/2012
f 1073/9/1993 1059/9/1974 989/9/1985
f 1059/9/1974 1074/9/1994 1060/9/1975
f 1088/9/2009 1060/9/1975 1074/9/1994
f 1089/9/2011 1045/9/1958 1060/9/1975
f 1045/9/1958 1101/9/2028 1061/9/1976
f 1045/9/1958 1061/9/1976 1060/9/1975
f 971/9/2029 1061/9/1976 1101/9/2028
f 1068/9/1988 1067/9/1987 1100/9/2027
f 986/9/2019 1068/9/1988 1086/9/2007
f 1077/9/1997 1063/9/1982 1065/9/1984
f 992/9/1977 1063/9/1982 991/9/1998
f 1102/9/2030 1103/9/2031 1104/9/2032
f 1105/9/2033 1106/9/2034 1107/9/2035
f 1104/9/2032 1106/9/2034 1102/9/2030
f 1103/9/2031 1108/9/2036 1104/9/2032
f 1108/9/2036 1109/9/2037 1110/9/2038
f 1052/9/1967 1110/9/2038 1050/9/1965
f 1108/9/2036 1052/9/1967 1054/9/1969
f 1052/9/1967 1108/9/2036 1110/9/2038
f 1106/9/2034 1104/9/2032 1107/9/2035
f 1109/9/2037 1108/9/2036 1103/9/2031
f 1111/9/2039 1112/9/2039 1113/9/2039
f 1114/9/2040 1115/9/2040 1116/9/2040
f 1117/9/2041 1118/9/2041 1119/9/2041
f 1120/9/2042 1121/9/2042 1119/9/2042
f 1117/9/2043 1122/9/2043 1123/9/2043
f 1118/9/2044 1057/9/2044 1058/9/2044
f 1124/9/2045 1125/9/2045 1126/9/2045
f 1127/139/2046 1128/140/2046 1129/141/2046
f 1125/9/2047 1130/9/2047 1126/9/2047
f 1054/9/2048 1053/9/2048 1131/9/2048
f 1132/9/2049 1133/9/2049 1134/9/2049
f 1135/9/2050 1126/9/2050 1136/9/2050
f 1025/142/2051 1137/143/2051 1030/144/2051
f 1032/9/2052 1030/9/2052 1138/9/2052
f 1121/9/2053 1139/9/2053 1122/9/2053
f 1040/118/2054 1140/145/2054 1041/119/2054
f 1138/9/2055 1030/9/2055 1141/9/2055
f 1142/9/2056 1143/9/2056 1144/9/2056
f 1047/135/2057 1145/146/2057 1042/147/2057
f 1137/9/2058 1141/9/2058 1030/9/2058
f 1146/9/2059 1147/9/2059 1148/9/2059
f 1149/148/2060 1020/149/2060 1035/150/2060
f 1017/97/2061 1041/119/2061 1150/151/2061
f 1053/9/2062 1057/9/2062 1131/9/2062
f 1151/9/2063 1152/9/2064 1153/9/2064
f 1154/9/2065 1111/9/2065 1155/9/2065
f 1156/9/2066 1157/9/2066 1158/9/2066
f 1159/9/2067 1148/9/2067 1157/9/2067
f 1160/9/2068 1161/9/2068 1162/9/2068
f 1156/9/2069 1151/9/2069 1163/9/2069
f 1164/9/2070 1165/9/2070 1166/9/2070
f 1154/9/2071 1155/9/2071 1167/9/2071
f 1168/9/2072 1169/9/2072 1120/9/2072
f 1139/9/2073 1121/9/2073 1170/9/2073
f 1167/9/2074 1171/9/2074 1146/9/2074
f 1113/9/2075 1172/9/2075 1173/9/2075
f 1147/9/2076 1135/9/2076 1174/9/2076
f 1175/152/2077 1176/153/2077 1024/154/2077
f 1146/9/2078 1148/9/2078 1154/9/2078
f 1177/9/2079 1136/9/2079 1130/9/2079
f 1171/9/2080 1165/9/2080 1164/9/2080
f 1130/9/2081 1178/9/2081 1177/9/2081
f 1174/9/2082 1135/9/2082 1136/9/2082
f 1024/155/2083 1020/156/2083 1175/157/2083
f 1164/9/2084 1146/9/2084 1171/9/2084
f 1179/9/2085 1138/9/2085 1141/9/2085
f 1131/9/2086 1123/9/2086 1054/9/2086
f 1180/158/2087 1181/159/2087 1182/160/2087
f 1183/161/2088 1137/143/2088 1176/153/2088
f 1184/9/2089 1185/9/2089 1186/9/2089
f 1183/161/2090 1176/153/2090 1187/162/2090
f 1188/163/2091 1189/164/2091 1190/165/2091
f 1189/166/2092 1018/167/2092 1191/168/2092
f 1018/98/2093 1017/97/2093 1191/169/2093
f 1125/170/2094 1124/171/2094 1192/172/2094
f 1117/9/2095 1131/9/2095 1118/9/2095
f 1193/9/2096 1194/9/2097 1195/9/2098
f 1196/173/2099 1197/174/2099 1187/162/2099
f 1198/175/2100 1040/176/2100 1042/147/2100
f 1119/9/2101 1121/9/2101 1117/9/2101
f 1145/146/2102 1198/175/2102 1042/147/2102
f 1047/135/2103 1048/137/2103 1199/177/2103
f 1191/169/2104 1150/151/2104 1200/178/2104
f 1198/179/2105 1180/158/2105 1201/180/2105
f 1202/9/2106 1203/9/2106 1204/9/2106
f 1176/153/2107 1025/142/2107 1024/154/2107
f 1205/9/2108 1206/9/2108 1207/9/2108
f 1208/9/2109 1209/9/2110 1199/9/2111
f 1049/9/2112 1210/9/2112 1208/9/2112
f 1198/179/2113 1201/180/2113 1140/145/2113
f 1211/9/2114 1207/9/2114 1212/9/2114
f 1213/9/2115 1214/9/2115 1215/9/2115
f 1216/9/2116 1217/9/2116 1218/9/2116
f 1194/181/2117 1219/182/2117 1220/183/2117
f 1115/9/2118 1114/9/2118 1221/9/2118
f 1147/9/2119 1146/9/2119 1135/9/2119
f 1146/9/2120 1164/9/2120 1135/9/2120
f 1222/9/2121 1185/9/2121 1223/9/2121
f 1224/184/2122 1225/185/2122 1184/186/2122
f 1226/9/2123 1162/9/2123 1224/9/2124
f 1150/187/2125 1191/188/2125 1017/189/2125
f 1227/9/2126 1228/9/2126 1229/9/2126
f 1230/9/2127 1228/9/2128 1231/9/2129
f 1232/9/2130 1233/9/2130 1165/9/2130
f 1234/190/2131 1128/140/2131 1127/139/2131
f 1234/190/2132 1160/191/2132 1235/192/2132
f 1143/193/2133 1236/194/2133 1237/195/2133
f 1238/9/2134 1184/9/2134 1124/9/2134
f 1227/9/2135 1239/9/2136 1129/9/2137
f 1129/9/2138 1239/9/2139 1142/9/2139
f 1128/9/2140 1235/9/2141 1231/9/2142
f 1143/9/2143 1142/9/2143 1236/9/2143
f 1163/9/2144 1157/9/2144 1156/9/2144
f 1128/9/2145 1231/9/2145 1228/9/2145
f 1194/9/2146 1193/9/2146 1240/9/2146
f 1153/9/2147 1159/9/2148 1163/9/2149
f 1237/9/2150 1241/9/2150 1220/9/2150
f 1184/186/2151 1225/185/2151 1192/172/2151
f 1182/160/2152 1242/196/2152 1243/197/2152
f 1189/198/2153 1035/199/2153 1018/200/2153
f 1122/9/2154 1117/9/2154 1121/9/2154
f 1167/9/2155 1244/9/2155 1171/9/2155
f 1186/9/2156 1226/9/2156 1224/9/2156
f 1245/9/2157 1246/9/2157 1206/9/2157
f 1180/201/2158 1247/202/2158 1181/203/2158
f 1120/9/2159 1141/9/2159 1168/9/2159
f 1248/9/2160 1249/9/2160 1244/9/2160
f 1203/9/2161 1213/9/2161 1215/9/2161
f 1160/9/2162 1162/9/2162 1235/9/2162
f 1227/9/2135 1129/9/2137 1128/9/2163
f 1116/9/2164 1250/9/2164 1251/9/2164
f 1205/9/2165 1207/9/2165 1250/9/2165
f 1118/9/2166 1131/9/2166 1057/9/2166
f 1123/9/2167 1131/9/2167 1117/9/2167
f 1241/9/2168 1194/9/2168 1220/9/2168
f 1240/9/2169 1252/9/2169 1219/9/2170
f 1253/9/2171 1159/9/2171 1153/9/2171
f 1190/165/2172 1189/164/2172 1191/169/2172
f 1116/9/2173 1236/9/2174 1239/9/2175
f 1241/9/2176 1236/9/2177 1251/9/2176
f 1195/9/2098 1194/9/2097 1251/9/2178
f 1240/9/2179 1219/9/2179 1194/9/2179
f 1254/9/2180 1199/9/2111 1209/9/2110
f 1145/146/2181 1199/177/2181 1255/204/2181
f 1180/201/2182 1198/175/2182 1255/204/2182
f 1210/9/2183 1209/9/2183 1208/9/2183
f 1210/9/2184 1214/9/2184 1209/9/2184
f 1148/9/2185 1159/9/2185 1154/9/2185
f 1111/9/2186 1159/9/2186 1253/9/2186
f 1173/9/2187 1170/9/2187 1256/9/2187
f 1169/9/2188 1170/9/2188 1121/9/2188
f 1196/173/2189 1176/153/2189 1175/152/2189
f 1153/9/2147 1163/9/2149 1151/9/2190
f 1157/9/2191 1163/9/2191 1159/9/2191
f 1165/9/2192 1171/9/2192 1249/9/2192
f 1238/9/2193 1135/9/2193 1164/9/2193
f 1187/9/2194 1197/9/2194 1218/9/2194
f 1186/9/2195 1185/9/2195 1222/9/2195
f 1257/205/2196 1197/206/2196 1258/207/2196
f 1185/9/2197 1166/9/2197 1223/9/2197
f 1136/9/2198 1126/9/2198 1130/9/2198
f 1124/9/2199 1135/9/2199 1238/9/2199
f 1217/9/2200 1256/9/2200 1259/9/2200
f 1170/9/2201 1260/9/2202 1261/9/2201
f 1257/9/2203 1218/9/2203 1197/9/2203
f 1262/9/2204 1183/9/2204 1187/9/2204
f 1188/163/2205 1190/165/2205 1263/208/2205
f 1230/9/2206 1264/9/2206 1134/9/2206
f 1140/145/2207 1150/151/2207 1041/119/2207
f 1191/169/2208 1200/178/2208 1265/209/2208
f 1190/165/2209 1191/169/2209 1265/209/2209
f 1149/210/2210 1189/164/2210 1188/163/2210
f 1216/9/2211 1266/9/2211 1232/9/2211
f 1262/9/2212 1218/9/2212 1217/9/2212
f 1149/211/2213 1175/152/2213 1020/212/2213
f 1263/213/2214 1196/173/2214 1188/214/2214
f 1144/215/2215 1127/139/2215 1129/141/2215
f 1236/9/2216 1142/9/2139 1239/9/2139
f 1129/9/2217 1142/9/2217 1144/9/2217
f 1227/9/2218 1128/9/2218 1228/9/2218
f 1267/9/2219 1268/9/2220 1229/9/2221
f 1114/9/2222 1239/9/2223 1227/9/2224
f 1269/216/2225 1270/217/2225 1265/209/2225
f 1221/9/2226 1114/9/2226 1229/9/2226
f 1236/9/2227 1241/9/2227 1237/9/2227
f 1194/9/2228 1241/9/2176 1251/9/2176
f 1271/9/2229 1115/9/2229 1221/9/2229
f 1204/9/2230 1271/9/2230 1202/9/2230
f 1218/9/2231 1262/9/2231 1187/9/2231
f 1259/9/2232 1169/9/2232 1168/9/2232
f 1159/9/2233 1111/9/2233 1154/9/2233
f 1253/9/2234 1112/9/2234 1111/9/2234
f 1114/9/2222 1227/9/2224 1229/9/2235
f 1115/9/2236 1250/9/2236 1116/9/2236
f 1268/9/2237 1272/9/2237 1221/9/2237
f 1204/9/2238 1205/9/2238 1271/9/2238
f 1267/9/2239 1273/9/2239 1268/9/2239
f 1202/9/2240 1271/9/2240 1274/9/2240
f 1221/9/2241 1272/9/2241 1271/9/2241
f 1274/9/2242 1181/9/2242 1202/9/2242
f 1243/197/2243 1275/218/2243 1269/216/2243
f 1200/178/2244 1276/219/2244 1265/209/2244
f 1247/202/2245 1202/220/2245 1181/203/2245
f 1202/9/2246 1247/9/2246 1203/9/2246
f 1236/9/2174 1116/9/2173 1251/9/2247
f 1239/9/2248 1114/9/2248 1116/9/2248
f 1277/9/2249 1245/9/2249 1278/9/2250
f 1278/9/2251 1245/9/2251 1203/9/2251
f 1205/9/2252 1250/9/2252 1115/9/2252
f 1195/9/2253 1250/9/2254 1207/9/2255
f 1271/9/2256 1205/9/2256 1115/9/2256
f 1205/9/2257 1204/9/2257 1206/9/2257
f 1245/9/2258 1206/9/2258 1204/9/2258
f 1212/9/2259 1207/9/2259 1206/9/2259
f 1203/9/2260 1245/9/2260 1204/9/2260
f 1246/9/2261 1212/9/2261 1206/9/2261
f 1198/175/2262 1140/221/2262 1040/176/2262
f 1150/151/2263 1140/145/2263 1201/180/2263
f 1199/177/2264 1145/146/2264 1047/135/2264
f 1198/175/2265 1145/146/2265 1255/204/2265
f 1154/9/2266 1167/9/2266 1146/9/2266
f 1167/9/2267 1155/9/2267 1244/9/2267
f 1173/9/2268 1244/9/2268 1155/9/2268
f 1256/9/2269 1170/9/2269 1259/9/2269
f 1161/222/2270 1225/185/2270 1224/184/2270
f 1235/9/2271 1162/9/2123 1226/9/2123
f 1224/9/2272 1162/9/2272 1161/9/2272
f 1186/223/2273 1224/184/2273 1184/186/2273
f 1235/9/2141 1226/9/2274 1231/9/2142
f 1234/190/2275 1235/192/2275 1128/140/2275
f 1226/9/2276 1279/9/2276 1231/9/2276
f 1268/224/2277 1273/225/2277 1275/226/2277
f 1279/9/2278 1230/9/2278 1231/9/2278
f 1222/9/2279 1223/9/2279 1264/9/2279
f 1185/9/2280 1184/9/2280 1238/9/2280
f 1186/9/2281 1222/9/2281 1279/9/2281
f 1238/9/2282 1166/9/2282 1185/9/2282
f 1166/227/2283 1233/228/2283 1223/83/2283
f 1280/229/2284 1266/230/2284 1257/231/2284
f 1230/9/2285 1279/9/2285 1281/9/2285
f 1282/9/2286 1223/9/2286 1280/9/2286
f 1264/9/2287 1282/9/2287 1134/9/2287
f 1186/9/2288 1279/9/2288 1226/9/2288
f 1279/9/2289 1222/9/2289 1281/9/2289
f 1247/202/2290 1180/201/2290 1255/204/2290
f 1242/196/2291 1182/160/2291 1181/159/2291
f 1254/232/2292 1247/202/2293 1255/204/2294
f 1247/9/2295 1213/9/2295 1203/9/2295
f 1265/209/2296 1270/217/2296 1190/165/2296
f 1197/233/2297 1196/234/2297 1263/235/2297
f 1276/219/2298 1269/216/2298 1265/209/2298
f 1263/236/2299 1258/237/2299 1197/238/2299
f 1190/165/2300 1270/217/2300 1263/208/2300
f 1258/9/2301 1283/9/2301 1132/9/2301
f 1243/197/2302 1242/196/2302 1275/218/2302
f 1133/239/2303 1269/216/2303 1284/240/2303
f 1268/241/2304 1275/242/2304 1272/243/2304
f 1284/240/2305 1269/216/2305 1275/218/2305
f 1267/9/2306 1228/9/2128 1230/9/2127
f 1229/9/2307 1268/9/2307 1221/9/2307
f 1228/9/2308 1267/9/2219 1229/9/2221
f 1284/9/2309 1267/9/2309 1230/9/2309
f 1267/9/2310 1284/9/2310 1273/9/2310
f 1284/244/2311 1275/245/2311 1273/246/2311
f 1164/9/2312 1166/9/2312 1238/9/2312
f 1166/9/2313 1165/9/2313 1233/9/2313
f 1165/9/2314 1249/9/2314 1232/9/2314
f 1266/247/2315 1223/83/2315 1233/228/2315
f 1216/9/2316 1232/9/2316 1248/9/2316
f 1266/248/2317 1233/249/2317 1232/250/2317
f 1216/9/2318 1248/9/2318 1217/9/2318
f 1266/9/2319 1216/9/2319 1218/9/2319
f 1256/9/2320 1248/9/2320 1244/9/2320
f 1262/9/2321 1217/9/2321 1259/9/2321
f 1248/9/2322 1256/9/2322 1217/9/2322
f 1256/9/2323 1244/9/2323 1173/9/2323
f 1276/251/2324 1182/252/2324 1243/253/2324
f 1201/180/2325 1180/158/2325 1182/160/2325
f 1274/9/2326 1242/9/2326 1181/9/2326
f 1275/218/2327 1242/196/2327 1272/254/2327
f 1150/151/2328 1201/180/2328 1200/178/2328
f 1201/180/2329 1182/160/2329 1276/219/2329
f 1201/180/2330 1276/219/2330 1200/178/2330
f 1269/216/2331 1276/219/2331 1243/197/2331
f 1245/9/2249 1277/9/2249 1246/9/2332
f 1113/9/2333 1155/9/2333 1111/9/2333
f 1271/9/2334 1272/9/2334 1274/9/2334
f 1176/153/2335 1137/143/2335 1025/142/2335
f 1137/9/2336 1183/9/2336 1141/9/2336
f 1168/9/2337 1141/9/2337 1183/9/2337
f 1120/9/2338 1179/9/2338 1141/9/2338
f 1183/9/2339 1262/9/2339 1168/9/2339
f 1259/9/2340 1168/9/2340 1262/9/2340
f 1170/9/2341 1169/9/2341 1259/9/2341
f 1121/9/2342 1120/9/2342 1169/9/2342
f 1189/255/2343 1149/256/2343 1035/257/2343
f 1175/152/2344 1149/211/2344 1188/214/2344
f 1214/9/2345 1213/9/2345 1209/9/2345
f 1254/9/2346 1209/9/2346 1213/9/2346
f 1247/9/2293 1254/9/2292 1213/9/2347
f 1255/204/2348 1199/177/2348 1254/232/2348
f 1199/9/2349 1048/9/2349 1208/9/2349
f 1049/9/2350 1208/9/2350 1048/9/2350
f 1222/9/2351 1264/9/2351 1281/9/2351
f 1230/258/2352 1281/259/2352 1264/260/2352
f 1176/153/2353 1196/173/2353 1187/162/2353
f 1188/214/2354 1196/173/2354 1175/152/2354
f 1172/9/2355 1260/9/2355 1173/9/2355
f 1173/9/2356 1155/9/2356 1113/9/2356
f 1113/9/2357 1112/9/2357 1172/9/2357
f 1283/261/2358 1263/208/2358 1270/217/2358
f 1258/9/2359 1132/9/2359 1280/9/2359
f 1282/9/2360 1280/9/2360 1132/9/2360
f 1223/262/2361 1266/263/2361 1280/264/2361
f 1280/265/2362 1257/266/2362 1258/267/2362
f 1218/9/2363 1257/9/2363 1266/9/2363
f 1134/9/2364 1282/9/2364 1132/9/2364
f 1223/9/2365 1282/9/2365 1264/9/2365
f 1132/9/2366 1283/9/2366 1133/9/2366
f 1230/9/2367 1134/9/2367 1284/9/2367
f 1269/216/2368 1133/239/2368 1270/217/2368
f 1284/9/2369 1134/9/2369 1133/9/2369
f 1263/208/2370 1283/261/2370 1258/268/2370
f 1133/239/2371 1283/261/2371 1270/217/2371
f 1250/9/2254 1195/9/2253 1251/9/2372
f 1193/9/2373 1207/9/2373 1211/9/2373
f 1207/9/2374 1193/9/2374 1195/9/2374
f 1211/9/2375 1240/9/2375 1193/9/2375
f 1244/9/2376 1249/9/2376 1171/9/2376
f 1232/9/2377 1249/9/2377 1248/9/2377
f 1192/172/2378 1124/171/2378 1184/186/2378
f 1135/9/2379 1124/9/2379 1126/9/2379
f 1260/9/2380 1170/9/2380 1173/9/2380
f 1261/9/2201 1139/9/2381 1170/9/2201
f 1274/9/2382 1272/9/2382 1242/9/2382
f 1203/9/2383 1215/9/2383 1278/9/2383
f 1285/9/2384 1286/9/2384 1087/9/2384
f 1287/9/2385 1288/9/2385 1289/9/2385
f 1290/9/2386 1072/9/2386 1291/9/2386
f 1292/9/2387 1293/9/2387 1294/9/2387
f 1295/9/2388 1089/9/2388 1088/9/2388
f 1296/9/2389 1297/9/2389 1298/9/2389
f 1210/9/2390 1049/9/2390 1089/9/2390
f 1299/9/2391 1240/9/2391 1300/9/2391
f 1301/9/2392 1295/9/2392 1286/9/2392
f 1302/9/2393 1295/9/2393 1303/9/2393
f 1304/9/2394 1305/9/2394 1306/9/2394
f 1307/9/2395 1308/9/2395 1305/9/2395
f 1308/9/2396 1096/9/2396 1095/9/2396
f 1309/9/2397 1310/9/2398 1311/9/2399
f 1294/9/2400 1312/9/2400 1313/9/2400
f 1153/9/2064 1152/9/2064 1314/9/2401
f 1315/9/2402 1091/9/2402 1096/9/2402
f 1316/9/2403 1317/9/2404 1318/9/2405
f 1319/9/2406 1320/9/2406 1321/9/2406
f 1308/9/2407 1307/9/2407 1315/9/2407
f 1295/9/2408 1210/9/2408 1089/9/2408
f 1317/9/2409 1322/9/2409 1323/9/2409
f 1292/9/2410 1324/9/2410 1325/9/2410
f 1290/9/2411 1075/9/2411 1072/9/2411
f 1318/9/2412 1326/9/2412 1327/9/2412
f 1211/9/2413 1212/9/2413 1328/9/2413
f 1329/9/2414 1330/9/2414 1331/9/2414
f 1332/9/2415 1333/9/2415 1334/9/2415
f 1300/9/2416 1335/9/2416 1299/9/2416
f 1298/9/2417 1297/9/2417 1327/9/2417
f 1303/9/2418 1336/9/2418 1302/9/2418
f 1337/9/2419 1316/9/2419 1318/9/2419
f 1326/9/2420 1338/9/2420 1300/9/2420
f 1285/9/2421 1087/9/2421 1079/9/2421
f 1339/9/2422 1302/9/2422 1336/9/2422
f 1340/9/2423 1322/9/2423 1341/9/2423
f 1342/9/2424 1314/9/2424 1319/9/2424
f 1343/9/2425 1344/9/2425 1345/9/2425
f 1329/9/2426 1346/9/2426 1347/9/2426
f 1340/9/2427 1348/9/2427 1349/9/2427
f 1350/9/2428 1351/9/2428 1352/9/2428
f 1353/9/2429 1354/9/2429 1355/9/2429
f 1356/9/2430 1311/9/2431 1310/9/2432
f 1357/9/2433 1358/9/2433 1354/9/2433
f 1359/9/2434 1360/9/2434 1353/9/2434
f 1361/9/2435 1313/9/2435 1312/9/2435
f 1362/9/2436 1363/9/2437 1331/9/2438
f 1348/9/2439 1364/9/2440 1365/9/2441
f 1287/9/2442 1366/9/2442 1288/9/2442
f 1082/9/2443 1312/9/2443 1294/9/2443
f 1072/9/2444 1099/9/2444 1291/9/2444
f 1286/9/2445 1088/9/2445 1087/9/2445
f 1341/9/2446 1317/9/2446 1316/9/2446
f 1291/9/2447 1367/9/2447 1290/9/2447
f 1346/9/2448 1329/9/2448 1363/9/2448
f 1359/9/2449 1368/9/2449 1360/9/2449
f 1369/9/2450 1108/9/2450 1123/9/2450
f 1370/9/2451 1288/9/2451 1371/9/2451
f 1372/9/2452 1373/9/2452 1374/9/2452
f 1375/9/2453 1376/9/2453 1377/9/2453
f 1378/9/2454 1379/9/2454 1123/9/2454
f 1369/9/2455 1123/9/2455 1379/9/2455
f 1364/9/2456 1380/9/2456 1381/9/2456
f 1379/9/2457 1382/9/2457 1383/9/2457
f 1105/9/2458 1104/9/2458 1384/9/2458
f 1350/9/2459 1368/9/2459 1351/9/2459
f 1385/9/2460 1386/9/2460 1387/9/2460
f 1312/9/2461 1082/9/2461 1081/9/2461
f 1369/9/2462 1384/9/2462 1104/9/2462
f 1386/9/2463 1384/9/2463 1383/9/2463
f 1091/9/2464 1388/9/2464 1081/9/2464
f 1387/9/2465 1386/9/2465 1383/9/2465
f 1382/9/2466 1378/9/2466 1389/9/2466
f 1390/9/2467 1112/9/2467 1253/9/2467
f 1391/9/2468 1392/9/2468 1371/9/2468
f 1362/9/2469 1350/9/2469 1393/9/2469
f 1331/9/2470 1360/9/2470 1362/9/2470
f 1359/9/2471 1355/9/2471 1394/9/2471
f 1393/9/2472 1395/9/2472 1396/9/2472
f 1393/9/2473 1350/9/2473 1395/9/2473
f 1397/9/2474 1365/9/2474 1310/9/2474
f 1293/9/2475 1078/9/2475 1294/9/2475
f 1398/9/2476 1112/9/2476 1390/9/2476
f 1353/9/2477 1355/9/2477 1359/9/2477
f 1399/9/2478 1394/9/2478 1400/9/2478
f 1345/9/2479 1390/9/2479 1343/9/2479
f 1401/9/2480 1321/9/2480 1402/9/2480
f 1153/9/2481 1342/9/2481 1403/9/2481
f 1404/9/2482 1303/9/2482 1325/9/2482
f 1345/9/2483 1359/9/2483 1394/9/2483
f 1405/9/2484 1387/9/2484 1406/9/2484
f 1344/9/2485 1321/9/2485 1401/9/2485
f 1401/9/2486 1407/9/2486 1344/9/2486
f 1355/9/2487 1400/9/2487 1394/9/2487
f 1408/9/2488 1357/9/2488 1354/9/2488
f 1409/9/2489 1313/9/2489 1410/9/2489
f 1359/9/2490 1407/9/2490 1368/9/2490
f 1321/9/2491 1342/9/2491 1319/9/2491
f 1365/9/2492 1397/9/2492 1349/9/2492
f 1391/9/2493 1411/9/2493 1305/9/2493
f 1215/9/2494 1214/9/2494 1302/9/2494
f 1412/9/2495 1362/9/2495 1393/9/2495
f 1328/9/2496 1300/9/2496 1211/9/2496
f 1309/9/2497 1347/9/2497 1413/9/2497
f 1381/9/2498 1414/9/2498 1356/9/2498
f 1407/9/2499 1359/9/2500 1345/9/2501
f 1342/9/2502 1321/9/2502 1343/9/2502
f 1388/9/2503 1091/9/2503 1315/9/2503
f 1312/9/2504 1388/9/2504 1361/9/2504
f 1340/9/2505 1341/9/2505 1348/9/2505
f 1356/9/2506 1365/9/2441 1364/9/2440
f 1345/9/2501 1344/9/2507 1407/9/2499
f 1398/9/2508 1390/9/2508 1399/9/2508
f 1295/9/2509 1302/9/2509 1214/9/2509
f 1298/9/2510 1327/9/2510 1328/9/2510
f 1404/9/2511 1415/9/2512 1336/9/2513
f 1339/9/2514 1416/9/2514 1417/9/2514
f 1302/9/2515 1339/9/2515 1215/9/2515
f 1246/9/2516 1417/9/2516 1418/9/2516
f 1300/9/2517 1328/9/2517 1327/9/2517
f 1095/9/2518 1075/9/2518 1392/9/2518
f 1308/9/2519 1391/9/2519 1305/9/2519
f 1403/9/2520 1342/9/2520 1343/9/2520
f 1153/9/2521 1314/9/2521 1342/9/2521
f 1419/9/2522 1400/9/2522 1358/9/2522
f 1345/9/2523 1394/9/2523 1399/9/2523
f 1420/9/2524 1375/9/2524 1419/9/2524
f 1375/9/2525 1377/9/2525 1421/9/2525
f 1323/9/2526 1335/9/2526 1338/9/2526
f 1317/9/2404 1326/9/2527 1318/9/2405
f 1331/9/2438 1363/9/2437 1329/9/2528
f 1422/9/2529 1287/9/2529 1420/9/2529
f 1423/9/2530 1387/9/2530 1376/9/2530
f 1418/9/2531 1417/9/2531 1298/9/2531
f 1296/9/2532 1332/9/2532 1424/9/2532
f 1296/9/2533 1298/9/2533 1416/9/2533
f 1334/9/2534 1424/9/2534 1332/9/2534
f 1108/9/2535 1054/9/2535 1123/9/2535
f 1406/9/2536 1382/9/2536 1389/9/2536
f 1379/9/2537 1383/9/2537 1369/9/2537
f 1384/9/2538 1369/9/2538 1383/9/2538
f 1139/9/2539 1406/9/2539 1389/9/2539
f 1104/9/2540 1108/9/2540 1369/9/2540
f 1360/9/2541 1331/9/2541 1353/9/2541
f 1353/9/2542 1425/9/2542 1354/9/2542
f 1425/9/2543 1426/9/2543 1427/9/2543
f 1427/9/2544 1354/9/2544 1425/9/2544
f 1372/9/2545 1428/9/2545 1429/9/2545
f 1430/9/2546 1306/9/2546 1422/9/2546
f 1431/9/2547 1410/9/2547 1333/9/2547
f 1415/9/2548 1332/9/2548 1296/9/2548
f 1390/9/2549 1253/9/2549 1403/9/2549
f 1399/9/2550 1390/9/2550 1345/9/2550
f 1405/9/2551 1139/9/2551 1261/9/2551
f 1387/9/2552 1383/9/2552 1382/9/2552
f 1415/9/2553 1432/9/2553 1332/9/2553
f 1421/9/2554 1419/9/2554 1375/9/2554
f 1346/9/2555 1363/9/2555 1412/9/2555
f 1368/9/2556 1350/9/2556 1360/9/2556
f 1350/9/2557 1352/9/2557 1395/9/2557
f 1360/9/2558 1350/9/2558 1362/9/2558
f 1417/9/2559 1416/9/2559 1298/9/2559
f 1339/9/2560 1277/9/2561 1278/9/2560
f 1382/9/2562 1379/9/2562 1378/9/2562
f 1387/9/2563 1382/9/2563 1406/9/2563
f 1297/9/2564 1318/9/2564 1327/9/2564
f 1337/9/2565 1380/9/2565 1364/9/2565
f 1308/9/2566 1315/9/2566 1096/9/2566
f 1388/9/2567 1315/9/2567 1307/9/2567
f 1304/9/2568 1374/9/2568 1433/9/2568
f 1081/9/2569 1388/9/2569 1312/9/2569
f 1433/9/2570 1388/9/2570 1307/9/2570
f 1361/9/2571 1374/9/2571 1410/9/2571
f 1304/9/2572 1434/9/2572 1374/9/2572
f 1432/9/2573 1431/9/2573 1333/9/2573
f 1337/9/2574 1435/9/2574 1380/9/2574
f 1374/9/2575 1373/9/2575 1410/9/2575
f 1321/9/2576 1344/9/2576 1343/9/2576
f 1402/9/2577 1321/9/2577 1320/9/2577
f 1318/9/2578 1436/9/2578 1337/9/2578
f 1435/9/2579 1337/9/2579 1436/9/2579
f 1437/9/2580 1398/9/2580 1399/9/2580
f 1438/9/2581 1172/9/2581 1398/9/2581
f 1421/9/2582 1437/9/2582 1399/9/2582
f 1438/9/2583 1437/9/2583 1405/9/2583
f 1414/9/2584 1311/9/2584 1356/9/2584
f 1330/9/2585 1439/9/2585 1427/9/2585
f 1440/9/2586 1439/9/2586 1428/9/2586
f 1427/9/2587 1440/9/2587 1408/9/2587
f 1411/9/2588 1306/9/2588 1305/9/2588
f 1304/9/2589 1307/9/2589 1305/9/2589
f 1422/9/2590 1306/9/2590 1411/9/2590
f 1434/9/2591 1304/9/2591 1306/9/2591
f 1420/9/2592 1287/9/2592 1289/9/2592
f 1422/9/2593 1357/9/2593 1408/9/2593
f 1434/9/2594 1306/9/2594 1430/9/2594
f 1433/9/2595 1374/9/2595 1361/9/2595
f 1428/9/2596 1434/9/2596 1430/9/2596
f 1372/9/2597 1374/9/2597 1434/9/2597
f 1440/9/2598 1428/9/2598 1430/9/2598
f 1439/9/2599 1441/9/2599 1442/9/2599
f 1308/9/2600 1095/9/2600 1392/9/2600
f 1371/9/2601 1411/9/2601 1391/9/2601
f 1390/9/2602 1403/9/2602 1343/9/2602
f 1253/9/2603 1153/9/2603 1403/9/2603
f 1298/9/2604 1328/9/2604 1418/9/2604
f 1277/9/2605 1339/9/2605 1417/9/2605
f 1371/9/2606 1392/9/2606 1075/9/2606
f 1308/9/2607 1392/9/2607 1391/9/2607
f 1317/9/2608 1323/9/2608 1338/9/2608
f 1300/9/2609 1327/9/2609 1326/9/2609
f 1300/9/2610 1338/9/2610 1335/9/2610
f 1317/9/2611 1338/9/2611 1326/9/2611
f 1358/9/2612 1400/9/2612 1355/9/2612
f 1399/9/2613 1400/9/2613 1421/9/2613
f 1354/9/2614 1358/9/2614 1355/9/2614
f 1419/9/2615 1358/9/2615 1357/9/2615
f 1420/9/2616 1419/9/2616 1357/9/2616
f 1400/9/2617 1419/9/2617 1421/9/2617
f 1422/9/2618 1420/9/2618 1357/9/2618
f 1420/9/2619 1289/9/2619 1375/9/2619
f 1376/9/2620 1375/9/2620 1289/9/2620
f 1377/9/2621 1437/9/2621 1421/9/2621
f 1423/9/2622 1376/9/2622 1289/9/2622
f 1377/9/2623 1387/9/2623 1405/9/2623
f 1411/9/2624 1366/9/2624 1422/9/2624
f 1366/9/2625 1371/9/2625 1288/9/2625
f 1370/9/2626 1371/9/2626 1290/9/2626
f 1423/9/2627 1288/9/2627 1385/9/2627
f 1288/9/2628 1423/9/2628 1289/9/2628
f 1387/9/2629 1423/9/2629 1385/9/2629
f 1427/9/2630 1408/9/2630 1354/9/2630
f 1422/9/2631 1408/9/2631 1430/9/2631
f 1428/9/2632 1372/9/2632 1434/9/2632
f 1372/9/2633 1429/9/2633 1373/9/2633
f 1334/9/2634 1373/9/2634 1429/9/2634
f 1333/9/2635 1410/9/2635 1373/9/2635
f 1443/9/2636 1334/9/2636 1429/9/2636
f 1435/9/2637 1444/9/2637 1380/9/2637
f 1334/9/2638 1333/9/2638 1373/9/2638
f 1432/9/2639 1333/9/2639 1332/9/2639
f 1428/9/2640 1439/9/2640 1442/9/2640
f 1414/9/2641 1381/9/2641 1441/9/2641
f 1444/9/2642 1334/9/2642 1443/9/2642
f 1296/9/2643 1424/9/2643 1436/9/2643
f 1296/9/2644 1436/9/2644 1297/9/2644
f 1415/9/2645 1296/9/2645 1416/9/2645
f 1336/9/2646 1415/9/2646 1416/9/2646
f 1415/9/2647 1404/9/2647 1432/9/2647
f 1339/9/2648 1336/9/2648 1416/9/2648
f 1404/9/2511 1336/9/2513 1303/9/2649
f 1317/9/2650 1341/9/2650 1322/9/2650
f 1348/9/2651 1341/9/2651 1316/9/2651
f 1316/9/2652 1337/9/2652 1364/9/2652
f 1349/9/2653 1348/9/2653 1365/9/2653
f 1316/9/2654 1364/9/2440 1348/9/2439
f 1444/9/2655 1381/9/2655 1380/9/2655
f 1441/9/2656 1381/9/2656 1443/9/2656
f 1356/9/2657 1364/9/2657 1381/9/2657
f 1442/9/2658 1441/9/2658 1443/9/2658
f 1441/9/2659 1439/9/2659 1414/9/2659
f 1439/9/2660 1330/9/2660 1414/9/2660
f 1311/9/2661 1330/9/2661 1329/9/2661
f 1330/9/2662 1311/9/2662 1414/9/2662
f 1329/9/2663 1347/9/2663 1309/9/2663
f 1397/9/2664 1310/9/2664 1413/9/2664
f 1329/9/2665 1309/9/2397 1311/9/2399
f 1436/9/2666 1424/9/2666 1435/9/2666
f 1424/9/2667 1334/9/2667 1444/9/2667
f 1424/9/2668 1444/9/2668 1435/9/2668
f 1381/9/2669 1444/9/2669 1443/9/2669
f 1387/9/2670 1377/9/2670 1376/9/2670
f 1437/9/2671 1377/9/2671 1405/9/2671
f 1292/9/2672 1294/9/2672 1409/9/2672
f 1082/9/2673 1294/9/2673 1078/9/2673
f 1292/9/2674 1409/9/2674 1431/9/2674
f 1293/9/2675 1285/9/2675 1079/9/2675
f 1285/9/2676 1293/9/2676 1292/9/2676
f 1078/9/2677 1293/9/2677 1079/9/2677
f 1303/9/2678 1301/9/2678 1325/9/2678
f 1404/9/2679 1324/9/2679 1432/9/2679
f 1292/9/2680 1325/9/2680 1285/9/2680
f 1324/9/2681 1404/9/2681 1325/9/2681
f 1398/9/2682 1437/9/2682 1438/9/2682
f 1172/9/2683 1112/9/2683 1398/9/2683
f 1324/9/2684 1292/9/2684 1431/9/2684
f 1324/9/2685 1431/9/2685 1432/9/2685
f 1410/9/2686 1431/9/2686 1409/9/2686
f 1370/9/2687 1367/9/2687 1385/9/2687
f 1075/9/2688 1290/9/2688 1371/9/2688
f 1367/9/2689 1370/9/2689 1290/9/2689
f 1385/9/2690 1288/9/2690 1370/9/2690
f 1285/9/2691 1325/9/2691 1301/9/2691
f 1088/9/2692 1286/9/2692 1295/9/2692
f 1295/9/2693 1301/9/2693 1303/9/2693
f 1285/9/2694 1301/9/2694 1286/9/2694
f 1295/9/2695 1214/9/2695 1210/9/2695
f 1240/9/2169 1299/9/2696 1252/9/2169
f 1240/9/2697 1211/9/2697 1300/9/2697
f 1318/9/2698 1297/9/2698 1436/9/2698
f 1353/9/2699 1331/9/2699 1425/9/2699
f 1425/9/2700 1331/9/2700 1426/9/2700
f 1331/9/2701 1330/9/2701 1426/9/2701
f 1330/9/2702 1427/9/2702 1426/9/2702
f 1139/9/2703 1405/9/2703 1406/9/2703
f 1260/9/2704 1438/9/2704 1261/9/2704
f 1412/9/2705 1363/9/2705 1362/9/2705
f 1410/9/2706 1313/9/2706 1361/9/2706
f 1278/9/2560 1215/9/2560 1339/9/2560
f 1294/9/2707 1313/9/2707 1409/9/2707
f 1261/9/2708 1438/9/2708 1405/9/2708
f 1438/9/2704 1260/9/2704 1172/9/2704
f 1388/9/2709 1433/9/2709 1361/9/2709
f 1307/9/2710 1304/9/2710 1433/9/2710
f 1408/9/2711 1440/9/2711 1430/9/2711
f 1439/9/2712 1440/9/2712 1427/9/2712
f 1328/9/2713 1212/9/2713 1418/9/2713
f 1246/9/2714 1277/9/2714 1417/9/2714
f 1422/9/2715 1366/9/2715 1287/9/2715
f 1371/9/2716 1366/9/2716 1411/9/2716
f 1443/9/2717 1429/9/2717 1442/9/2717
f 1428/9/2718 1442/9/2718 1429/9/2718
f 1356/9/2430 1310/9/2432 1365/9/2719
f 1413/9/2720 1310/9/2720 1309/9/2720
f 1418/9/2721 1212/9/2721 1246/9/2721
f 1445/9/2722 1151/9/2723 1446/9/2724
f 1447/9/2725 1448/9/2726 1449/9/2727
f 1450/9/2728 1451/9/2729 1452/9/2730
f 1453/9/2731 1446/9/2724 1156/9/2732
f 1151/9/2723 1454/9/2733 1152/9/2734
f 1446/9/2724 1451/9/2729 1445/9/2722
f 1151/9/2723 1156/9/2732 1446/9/2724
f 1447/9/2725 1455/9/2735 1456/9/2736
f 1158/9/2737 1449/9/2727 1453/9/2731
f 1452/9/2730 1451/9/2729 1457/9/2738
f 1448/9/2726 1447/9/2725 1456/9/2736
f 1458/9/2739 1448/9/2726 1456/9/2736
f 1450/9/2728 1454/9/2733 1445/9/2722
f 1453/9/2731 1449/9/2727 1448/9/2726
f 1446/9/2724 1458/9/2739 1451/9/2729
f 1458/9/2739 1446/9/2724 1448/9/2726
f 1450/9/2728 1445/9/2722 1451/9/2729
f 1151/9/2723 1445/9/2722 1454/9/2733
f 1446/9/2724 1453/9/2731 1448/9/2726
f 1158/9/2737 1453/9/2731 1156/9/2732
f 1456/9/2736 1457/9/2738 1458/9/2739
f 1451/9/2729 1458/9/2739 1457/9/2738
f 1130/9/2740 1459/9/2741 1460/9/2742
f 1125/9/2743 1460/9/2742 1459/9/2741
f 1461/269/2744 1178/270/2745 1130/271/2740
f 1462/272/2746 1463/273/2747 1192/274/2748
f 1462/275/2746 1464/276/2749 1463/277/2747
f 1461/269/2744 1460/278/2742 1465/279/2750
f 1466/280/2751 1160/281/2752 1467/282/2753
f 1465/279/2750 1468/283/2754 1469/284/2755
f 1470/285/2756 1471/286/2757 1472/287/2758
f 1460/278/2742 1461/269/2744 1130/271/2740
f 1225/185/2759 1462/275/2746 1192/172/2748
f 1178/9/2745 1461/9/2744 1473/9/2760
f 1125/170/2761 1192/172/2748 1463/277/2747
f 1474/288/2762 1466/280/2751 1467/282/2753
f 1461/269/2744 1465/279/2750 1469/284/2755
f 1465/279/2750 1475/289/2763 1468/283/2754
f 1463/277/2747 1460/278/2742 1125/170/2761
f 1469/290/2755 1476/291/2764 1477/292/2765
f 1464/293/2749 1478/294/2766 1475/295/2763
f 1479/296/2767 1480/297/2768 1481/298/2769
f 1466/299/2751 1482/300/2770 1160/301/2771
f 1483/302/2772 1470/285/2756 1484/303/2773
f 1485/304/2774 1486/305/2775 1234/306/2776
f 1487/307/2777 1464/276/2749 1462/275/2746
f 1237/308/2778 1488/309/2779 1489/310/2780
f 1462/311/2746 1471/312/2757 1490/313/2781
f 1484/303/2773 1470/285/2756 1491/314/2782
f 1492/315/2783 1219/316/2784 1493/317/2785
f 1474/288/2762 1494/318/2786 1495/319/2787
f 1496/320/2788 1220/321/2789 1492/315/2783
f 1497/322/2790 1480/323/2768 1144/324/2791
f 1460/278/2742 1463/277/2747 1465/279/2750
f 1480/297/2768 1497/325/2790 1498/326/2792
f 1474/288/2762 1467/282/2753 1486/305/2775
f 1475/289/2763 1465/279/2750 1464/276/2749
f 1499/327/2793 1500/328/2794 1488/309/2779
f 1501/329/2795 1502/330/2796 1503/331/2797
f 1499/332/2793 1504/333/2798 1500/334/2794
f 1219/9/2784 1252/9/2799 1505/9/2800
f 1474/288/2762 1495/319/2787 1491/314/2782
f 1143/335/2801 1498/326/2792 1497/325/2790
f 1496/336/2788 1499/337/2793 1488/338/2779
f 1494/318/2786 1474/288/2762 1506/339/2802
f 1493/317/2785 1507/340/2803 1503/331/2797
f 1483/302/2772 1508/341/2804 1487/342/2777
f 1509/343/2805 1510/344/2806 1479/296/2767
f 1495/319/2787 1484/303/2773 1491/314/2782
f 1511/345/2807 1512/346/2808 1513/347/2809
f 1479/296/2767 1127/348/2810 1144/349/2791
f 1509/343/2805 1479/296/2767 1481/298/2769
f 1468/350/2754 1476/351/2764 1469/352/2755
f 1502/330/2796 1504/353/2798 1499/354/2793
f 1514/355/2811 1494/318/2786 1506/339/2802
f 1501/329/2795 1507/340/2803 1515/356/2812
f 1503/331/2797 1502/330/2796 1499/354/2793
f 1225/357/2759 1516/358/2813 1471/359/2757
f 1500/360/2794 1504/353/2798 1513/361/2809
f 1513/347/2809 1517/362/2814 1500/363/2794
f 1470/285/2756 1472/287/2758 1491/314/2782
f 1510/344/2806 1485/304/2774 1479/296/2767
f 1461/9/2744 1469/9/2755 1473/9/2760
f 1505/9/2800 1518/9/2815 1493/9/2785
f 1465/279/2750 1463/277/2747 1464/276/2749
f 1507/340/2803 1493/317/2785 1518/364/2815
f 1219/9/2784 1505/9/2800 1493/9/2785
f 1492/315/2783 1493/317/2785 1503/331/2797
f 1515/356/2812 1507/340/2803 1518/364/2815
f 1503/331/2797 1507/340/2803 1501/329/2795
f 1496/320/2788 1492/315/2783 1503/331/2797
f 1220/183/2789 1219/182/2784 1492/365/2783
f 1503/331/2797 1499/354/2793 1496/320/2788
f 1519/366/2816 1496/320/2788 1488/367/2779
f 1519/368/2816 1488/369/2779 1237/370/2778
f 1220/321/2789 1496/320/2788 1519/366/2816
f 1489/310/2780 1488/309/2779 1500/328/2794
f 1498/326/2792 1500/363/2794 1517/362/2814
f 1143/193/2817 1237/195/2778 1489/371/2780
f 1161/372/2818 1472/373/2758 1516/358/2813
f 1490/374/2781 1471/286/2757 1470/285/2756
f 1462/375/2746 1225/376/2759 1471/377/2757
f 1470/285/2756 1483/302/2772 1490/374/2781
f 1508/341/2804 1478/378/2819 1487/342/2777
f 1487/342/2777 1490/374/2781 1483/302/2772
f 1464/276/2749 1487/307/2777 1478/379/2766
f 1490/374/2781 1487/342/2777 1462/380/2746
f 1516/358/2813 1472/373/2758 1471/359/2757
f 1472/287/2758 1161/381/2818 1482/382/2770
f 1466/280/2751 1474/288/2762 1491/314/2782
f 1482/382/2770 1466/280/2751 1472/287/2758
f 1472/287/2758 1466/280/2751 1491/314/2782
f 1160/191/2752 1234/190/2776 1467/383/2753
f 1486/305/2775 1467/282/2753 1234/306/2776
f 1485/304/2774 1234/306/2776 1127/348/2810
f 1506/339/2802 1474/288/2762 1486/305/2775
f 1480/297/2768 1498/326/2792 1517/362/2814
f 1481/298/2769 1480/297/2768 1517/362/2814
f 1479/296/2767 1144/349/2791 1480/297/2768
f 1143/335/2817 1489/384/2780 1498/326/2792
f 1500/363/2794 1498/326/2792 1489/384/2780
f 1517/362/2814 1512/346/2808 1481/298/2769
f 1481/298/2769 1512/346/2808 1509/343/2805
f 1511/345/2807 1514/355/2811 1509/343/2805
f 1510/344/2806 1514/355/2811 1506/339/2802
f 1513/347/2809 1512/346/2808 1517/362/2814
f 1509/343/2805 1512/346/2808 1511/345/2807
f 1514/355/2811 1510/344/2806 1509/343/2805
f 1485/304/2774 1510/344/2806 1506/339/2802
f 1486/305/2775 1485/304/2774 1506/339/2802
f 1127/348/2810 1479/296/2767 1485/304/2774
f 1477/9/2765 1473/9/2760 1469/9/2755
f 1402/9/2820 1320/9/2821 1520/9/2822
f 1521/9/2823 1522/9/2824 1523/9/2825
f 1152/9/2826 1524/9/2827 1314/9/2828
f 1525/9/2829 1520/9/2822 1526/9/2830
f 1319/9/2831 1314/9/2828 1527/9/2832
f 1528/9/2833 1525/9/2829 1523/9/2825
f 1521/9/2823 1523/9/2825 1525/9/2829
f 1525/9/2829 1529/9/2834 1521/9/2823
f 1320/9/2821 1319/9/2831 1526/9/2830
f 1520/9/2822 1525/9/2829 1528/9/2833
f 1527/9/2832 1526/9/2830 1319/9/2831
f 1452/9/2730 1530/9/2835 1450/9/2728
f 1527/9/2832 1530/9/2835 1531/9/2836
f 1524/9/2827 1152/9/2826 1450/9/2728
f 1530/9/2835 1452/9/2730 1532/9/2837
f 1531/9/2836 1532/9/2837 1533/9/2838
f 1531/9/2836 1533/9/2838 1529/9/2834
f 1450/9/2728 1530/9/2835 1524/9/2827
f 1527/9/2832 1524/9/2827 1530/9/2835
f 1526/9/2830 1527/9/2832 1531/9/2836
f 1527/9/2832 1314/9/2828 1524/9/2827
f 1531/9/2836 1530/9/2835 1532/9/2837
f 1529/9/2834 1525/9/2829 1526/9/2830
f 1402/9/2820 1520/9/2822 1528/9/2833
f 1526/9/2830 1520/9/2822 1320/9/2821
f 1531/9/2836 1529/9/2834 1526/9/2830
f 1533/9/2838 1521/9/2823 1529/9/2834
f 1534/9/2839 1505/9/2800 1299/9/2840
f 1535/9/2841 1536/9/2842 1537/9/2843
f 1515/9/2812 1538/9/2844 1539/9/2845
f 1323/9/2846 1540/9/2847 1335/9/2848
f 1541/9/2849 1542/9/2850 1543/9/2851
f 1544/9/2852 1545/9/2853 1546/9/2854
f 1547/9/2855 1322/9/2856 1548/9/2857
f 1538/9/2844 1546/9/2854 1539/9/2845
f 1549/9/2858 1545/9/2853 1544/9/2852
f 1518/9/2815 1505/9/2800 1534/9/2839
f 1546/9/2854 1538/9/2844 1534/9/2839
f 1550/9/2859 1542/9/2850 1541/9/2849
f 1252/9/2799 1299/9/2840 1505/9/2800
f 1546/9/2854 1551/9/2860 1539/9/2845
f 1552/9/2861 1553/9/2862 1554/9/2863
f 1515/9/2812 1518/9/2815 1538/9/2844
f 1555/9/2864 1556/9/2865 1413/9/2866
f 1536/9/2842 1557/9/2867 1537/9/2843
f 1558/9/2868 1559/9/2869 1560/9/2870
f 1561/9/2871 1562/9/2872 1563/9/2873
f 1564/9/2874 1565/9/2875 1566/9/2876
f 1567/9/2877 1568/9/2878 1569/9/2879
f 1557/9/2867 1570/9/2880 1393/9/2881
f 1571/9/2882 1572/9/2883 1561/9/2871
f 1541/9/2849 1573/9/2884 1574/9/2885
f 1554/9/2863 1575/9/2886 1576/9/2887
f 1573/9/2884 1576/9/2887 1574/9/2885
f 1536/9/2842 1570/9/2880 1557/9/2867
f 1577/9/2888 1578/9/2889 1543/9/2851
f 1553/9/2862 1413/9/2866 1556/9/2865
f 1562/9/2872 1561/9/2871 1572/9/2883
f 1555/9/2864 1347/9/2890 1560/9/2870
f 1579/9/2891 1537/9/2843 1557/9/2867
f 1564/9/2874 1580/9/2892 1565/9/2875
f 1581/9/2893 1412/9/2894 1582/9/2895
f 1412/9/2894 1570/9/2880 1582/9/2895
f 1542/9/2850 1550/9/2859 1340/9/2896
f 1581/9/2893 1559/9/2869 1346/9/2897
f 1540/9/2847 1323/9/2846 1583/9/2898
f 1579/9/2891 1557/9/2867 1396/9/2899
f 1548/9/2857 1550/9/2859 1547/9/2855
f 1584/9/2900 1580/9/2892 1564/9/2874
f 1574/9/2885 1563/9/2873 1541/9/2849
f 1552/9/2861 1573/9/2884 1578/9/2889
f 1569/9/2879 1568/9/2878 1540/9/2847
f 1585/9/2901 1586/9/2902 1584/9/2900
f 1537/9/2843 1587/9/2903 1535/9/2841
f 1535/9/2841 1566/9/2876 1536/9/2842
f 1549/9/2858 1335/9/2904 1545/9/2853
f 1534/9/2839 1538/9/2844 1518/9/2815
f 1588/9/2905 1583/9/2898 1323/9/2846
f 1536/9/2842 1566/9/2876 1565/9/2875
f 1537/9/2843 1579/9/2891 1589/9/2906
f 1577/9/2888 1397/9/2907 1578/9/2889
f 1563/9/2873 1562/9/2872 1541/9/2849
f 1413/9/2866 1553/9/2862 1397/9/2907
f 1580/9/2892 1584/9/2900 1586/9/2902
f 1567/9/2877 1551/9/2860 1568/9/2878
f 1396/9/2899 1557/9/2867 1393/9/2881
f 1582/9/2895 1570/9/2880 1536/9/2842
f 1412/9/2894 1393/9/2881 1570/9/2880
f 1536/9/2842 1565/9/2875 1582/9/2895
f 1565/9/2875 1559/9/2869 1581/9/2893
f 1534/9/2839 1544/9/2852 1546/9/2854
f 1335/9/2848 1540/9/2847 1545/9/2853
f 1540/9/2847 1546/9/2854 1545/9/2853
f 1534/9/2839 1299/9/2840 1544/9/2852
f 1549/9/2858 1544/9/2852 1299/9/2840
f 1562/9/2872 1547/9/2855 1550/9/2859
f 1548/9/2857 1340/9/2896 1550/9/2859
f 1541/9/2849 1562/9/2872 1550/9/2859
f 1340/9/2896 1349/9/2908 1542/9/2850
f 1577/9/2888 1543/9/2851 1349/9/2908
f 1562/9/2872 1572/9/2883 1547/9/2855
f 1547/9/2855 1588/9/2905 1322/9/2856
f 1583/9/2898 1547/9/2855 1572/9/2883
f 1547/9/2855 1583/9/2898 1588/9/2905
f 1583/9/2898 1572/9/2883 1569/9/2879
f 1573/9/2884 1543/9/2851 1578/9/2889
f 1397/9/2907 1553/9/2862 1578/9/2889
f 1552/9/2861 1578/9/2889 1553/9/2862
f 1541/9/2849 1543/9/2851 1573/9/2884
f 1542/9/2850 1349/9/2908 1543/9/2851
f 1554/9/2863 1585/9/2901 1575/9/2886
f 1576/9/2887 1573/9/2884 1552/9/2861
f 1554/9/2863 1586/9/2902 1585/9/2901
f 1552/9/2861 1554/9/2863 1576/9/2887
f 1586/9/2902 1554/9/2863 1553/9/2862
f 1559/9/2869 1580/9/2892 1560/9/2870
f 1558/9/2868 1346/9/2909 1559/9/2869
f 1565/9/2875 1580/9/2892 1559/9/2869
f 1412/9/2894 1581/9/2893 1346/9/2897
f 1565/9/2875 1581/9/2893 1582/9/2895
f 1556/9/2865 1560/9/2870 1586/9/2902
f 1558/9/2868 1560/9/2870 1347/9/2890
f 1586/9/2902 1560/9/2870 1580/9/2892
f 1560/9/2870 1556/9/2865 1555/9/2864
f 1553/9/2862 1556/9/2865 1586/9/2902
f 1569/9/2879 1540/9/2847 1583/9/2898
f 1551/9/2860 1546/9/2854 1568/9/2878
f 1546/9/2854 1540/9/2847 1568/9/2878
f 1572/9/2883 1571/9/2882 1569/9/2879
f 1567/9/2877 1569/9/2879 1571/9/2882
f 1587/9/2903 1537/9/2843 1589/9/2906
f 1590/9/2910 1591/9/2910 1592/9/2910
f 1593/385/2911 1594/386/2911 1513/361/2911
f 1595/9/2912 1596/9/2912 1597/9/2912
f 1452/9/2913 1457/9/2913 1595/9/2913
f 1456/9/2914 1598/9/2914 1599/9/2914
f 1596/9/2915 1457/9/2915 1456/9/2915
f 1600/9/2916 1599/9/2916 1598/9/2916
f 1601/9/2917 1602/9/2917 1603/9/2917
f 1456/9/2918 1455/9/2918 1598/9/2918
f 1599/9/2919 1600/9/2919 1592/9/2919
f 1591/9/2920 1604/9/2921 1605/9/2922
f 1606/387/2923 1607/388/2923 1608/389/2923
f 1609/9/2924 1610/9/2924 1592/9/2924
f 1611/390/2925 1612/391/2925 1613/392/2925
f 1475/393/2926 1614/394/2926 1468/395/2926
f 1502/9/2927 1615/9/2927 1616/9/2927
f 1594/396/2928 1593/397/2928 1617/398/2928
f 1618/399/2929 1619/400/2929 1620/401/2929
f 1621/9/2930 1468/9/2930 1610/9/2930
f 1622/402/2931 1623/403/2931 1606/404/2931
f 1624/405/2932 1476/406/2932 1468/407/2932
f 1612/408/2933 1625/409/2933 1626/410/2933
f 1599/9/2934 1591/9/2934 1596/9/2934
f 1621/9/2935 1624/9/2935 1468/9/2935
f 1610/9/2936 1468/9/2936 1614/9/2936
f 1612/408/2937 1626/410/2937 1627/411/2937
f 1620/401/2938 1628/412/2938 1618/399/2938
f 1591/9/2939 1597/9/2939 1596/9/2939
f 1596/9/2940 1595/9/2940 1457/9/2940
f 1504/353/2941 1502/330/2941 1616/413/2941
f 1605/9/2922 1597/9/2942 1591/9/2920
f 1600/9/2943 1609/9/2943 1592/9/2943
f 1591/9/2944 1629/9/2944 1604/9/2944
f 1478/414/2945 1619/415/2945 1475/393/2945
f 1630/9/2946 1631/9/2947 1632/9/2948
f 1626/410/2949 1494/318/2949 1514/355/2949
f 1633/416/2950 1604/417/2950 1629/418/2950
f 1634/419/2951 1635/420/2951 1618/421/2951
f 1636/422/2952 1637/423/2952 1638/424/2952
f 1591/9/2953 1590/9/2953 1629/9/2953
f 1630/9/2954 1632/9/2955 1597/9/2942
f 1639/425/2956 1608/389/2956 1607/388/2956
f 1640/9/2957 1641/9/2957 1642/9/2957
f 1594/396/2958 1511/345/2958 1513/347/2958
f 1643/9/2959 1644/9/2959 1645/9/2959
f 1642/9/2960 1645/9/2960 1644/9/2960
f 1630/9/2954 1597/9/2942 1605/9/2922
f 1638/426/2961 1594/396/2961 1617/398/2961
f 1592/9/2962 1610/9/2962 1641/9/2962
f 1628/412/2963 1620/401/2963 1622/402/2963
f 1592/9/2964 1641/9/2964 1590/9/2964
f 1635/420/2965 1634/419/2965 1645/427/2965
f 1608/389/2966 1646/428/2967 1606/387/2968
f 1647/429/2969 1634/419/2969 1618/421/2969
f 1625/430/2970 1639/425/2970 1607/388/2970
f 1646/428/2971 1647/429/2971 1628/431/2971
f 1595/9/2972 1597/9/2972 1632/9/2972
f 1484/303/2973 1495/319/2973 1623/403/2973
f 1511/345/2974 1648/432/2974 1514/355/2974
f 1623/403/2975 1649/433/2975 1625/409/2975
f 1626/410/2976 1649/433/2976 1494/318/2976
f 1594/396/2977 1627/411/2977 1648/432/2977
f 1495/319/2978 1649/433/2978 1623/403/2978
f 1601/9/2979 1603/9/2979 1616/9/2979
f 1649/433/2980 1495/319/2980 1494/318/2980
f 1626/410/2981 1648/432/2981 1627/411/2981
f 1617/9/2982 1616/9/2982 1603/9/2982
f 1626/410/2983 1625/409/2983 1649/433/2983
f 1616/413/2984 1617/434/2984 1593/385/2984
f 1594/396/2985 1648/432/2985 1511/345/2985
f 1501/9/2986 1650/9/2987 1615/9/2988
f 1591/9/2989 1599/9/2989 1592/9/2989
f 1627/435/2990 1613/392/2990 1612/391/2990
f 1515/9/2991 1650/9/2987 1501/9/2986
f 1622/436/2992 1620/437/2992 1483/438/2992
f 1651/9/2993 1615/9/2993 1652/9/2993
f 1504/353/2994 1593/385/2994 1513/361/2994
f 1601/9/2995 1616/9/2995 1651/9/2995
f 1652/9/2996 1653/9/2996 1654/9/2996
f 1616/9/2997 1615/9/2997 1651/9/2997
f 1653/9/2998 1652/9/2998 1615/9/2998
f 1635/9/2999 1641/9/2999 1614/9/2999
f 1616/413/3000 1593/385/3000 1504/353/3000
f 1502/9/3001 1501/9/3001 1615/9/3001
f 1456/9/3002 1599/9/3002 1596/9/3002
f 1636/422/3003 1617/439/3003 1655/440/3003
f 1628/412/3004 1622/402/3004 1606/404/3004
f 1639/425/3005 1625/430/3005 1611/390/3005
f 1610/9/3006 1614/9/3006 1641/9/3006
f 1625/430/3007 1612/391/3007 1611/390/3007
f 1627/435/3008 1637/423/3008 1613/392/3008
f 1610/9/3009 1609/9/3009 1621/9/3009
f 1618/421/3010 1635/420/3010 1614/441/3010
f 1638/426/3011 1627/411/3011 1594/396/3011
f 1647/429/3012 1618/421/3012 1628/431/3012
f 1602/9/3013 1656/9/3013 1603/9/3013
f 1655/9/3014 1656/9/3014 1657/9/3014
f 1614/394/3015 1475/393/3015 1619/415/3015
f 1607/442/3016 1606/404/3016 1623/403/3016
f 1645/9/3017 1642/9/3017 1641/9/3017
f 1625/409/3018 1607/442/3018 1623/403/3018
f 1656/9/3019 1655/9/3019 1603/9/3019
f 1648/432/3020 1626/410/3020 1514/355/3020
f 1658/9/3021 1654/9/3021 1653/9/3021
f 1655/9/3022 1617/9/3022 1603/9/3022
f 1659/9/3023 1654/9/3024 1658/9/3025
f 1590/9/3026 1641/9/3026 1640/9/3026
f 1660/9/3027 1654/9/3024 1659/9/3023
f 1637/423/3028 1627/435/3028 1638/424/3028
f 1661/9/3029 1662/9/3029 1659/9/3029
f 1658/9/3030 1661/9/3030 1659/9/3030
f 1619/415/3031 1478/414/3031 1620/437/3031
f 1614/443/3032 1619/400/3032 1618/399/3032
f 1636/422/3033 1638/424/3033 1617/439/3033
f 1622/402/3034 1483/302/3034 1484/303/3034
f 1645/9/3035 1641/9/3035 1635/9/3035
f 1478/414/3036 1483/438/3036 1620/437/3036
f 1628/431/3037 1606/387/2968 1646/428/2967
f 1615/9/3038 1650/9/3038 1653/9/3038
f 1623/444/3039 1622/445/3039 1484/446/3039
f 1650/9/3040 1515/9/3040 1539/9/3040
f 1663/9/3041 1664/9/3041 1585/9/3041
f 1665/9/3042 1666/9/3042 1667/9/3042
f 1668/9/3043 1650/9/3043 1539/9/3043
f 1669/9/3044 1670/9/3044 1671/9/3044
f 1650/9/3045 1668/9/3045 1653/9/3045
f 1672/9/3046 1673/9/3047 1674/9/3048
f 1672/9/3049 1674/9/3049 1675/9/3049
f 1668/9/3050 1675/9/3050 1653/9/3050
f 1675/9/3051 1674/9/3051 1653/9/3051
f 1668/9/3052 1676/9/3052 1675/9/3052
f 1677/9/3053 1664/9/3053 1678/9/3053
f 1677/9/3054 1574/9/3054 1576/9/3054
f 1679/9/3055 1680/9/3055 1681/9/3055
f 1680/9/3056 1682/9/3056 1683/9/3056
f 1584/9/3057 1684/9/3057 1663/9/3057
f 1571/9/3058 1561/9/3058 1666/9/3058
f 1663/9/3059 1684/9/3059 1685/9/3059
f 1686/9/3060 1667/9/3060 1666/9/3060
f 1687/9/3061 1688/9/3061 1689/9/3061
f 1690/9/3062 1684/9/3062 1564/9/3062
f 1576/9/3063 1664/9/3063 1677/9/3063
f 1551/9/3064 1571/9/3064 1665/9/3064
f 1691/9/3065 1688/9/3065 1692/9/3065
f 1686/9/3066 1666/9/3066 1561/9/3066
f 1584/9/3067 1663/9/3067 1585/9/3067
f 1666/9/3068 1665/9/3068 1571/9/3068
f 1680/9/3069 1521/9/3069 1681/9/3069
f 1668/9/3070 1693/9/3070 1676/9/3070
f 1694/9/3071 1695/9/3071 1696/9/3071
f 1697/9/3072 1698/9/3072 1687/9/3072
f 1699/9/3073 1693/9/3073 1700/9/3073
f 1667/9/3074 1696/9/3074 1695/9/3074
f 1699/9/3075 1701/9/3075 1693/9/3075
f 1695/9/3076 1694/9/3076 1693/9/3076
f 1702/9/3077 1703/9/3077 1704/9/3077
f 1693/9/3078 1665/9/3078 1695/9/3078
f 1704/9/3079 1705/9/3079 1706/9/3079
f 1707/9/3080 1696/9/3080 1667/9/3080
f 1686/9/3081 1691/9/3081 1667/9/3081
f 1708/9/3082 1681/9/3082 1533/9/3082
f 1709/9/3083 1708/9/3083 1632/9/3083
f 1689/9/3084 1688/9/3084 1691/9/3084
f 1692/9/3085 1688/9/3085 1698/9/3085
f 1689/9/3086 1691/9/3086 1686/9/3086
f 1687/9/3087 1689/9/3087 1677/9/3087
f 1697/9/3088 1678/9/3088 1710/9/3088
f 1667/9/3089 1691/9/3089 1707/9/3089
f 1663/9/3090 1711/9/3090 1678/9/3090
f 1563/9/3091 1689/9/3091 1686/9/3091
f 1685/9/3092 1670/9/3092 1712/9/3092
f 1668/9/3093 1551/9/3093 1665/9/3093
f 1705/9/3094 1713/9/3094 1706/9/3094
f 1713/9/3095 1535/9/3095 1706/9/3095
f 1706/9/3096 1714/9/3096 1702/9/3096
f 1706/9/3097 1535/9/3097 1715/9/3097
f 1705/9/3098 1690/9/3098 1713/9/3098
f 1716/9/3099 1535/9/3099 1587/9/3099
f 1714/9/3100 1706/9/3100 1715/9/3100
f 1715/9/3101 1535/9/3101 1716/9/3101
f 1566/9/3102 1690/9/3102 1564/9/3102
f 1539/9/3103 1551/9/3103 1668/9/3103
f 1679/9/3104 1717/9/3105 1718/9/3106
f 1702/9/3107 1704/9/3107 1706/9/3107
f 1564/9/3108 1684/9/3108 1584/9/3108
f 1680/9/3109 1679/9/3109 1702/9/3109
f 1682/9/3110 1680/9/3110 1702/9/3110
f 1712/9/3111 1711/9/3111 1685/9/3111
f 1684/9/3112 1690/9/3112 1685/9/3112
f 1708/9/3113 1532/9/3113 1595/9/3113
f 1683/9/3114 1521/9/3114 1680/9/3114
f 1673/9/3047 1672/9/3046 1719/9/3046
f 1522/9/3115 1521/9/3115 1683/9/3115
f 1669/9/3116 1671/9/3116 1705/9/3116
f 1563/9/3117 1574/9/3117 1689/9/3117
f 1681/9/3118 1521/9/3118 1533/9/3118
f 1532/9/3119 1452/9/3119 1595/9/3119
f 1710/9/3120 1678/9/3120 1711/9/3120
f 1670/9/3121 1685/9/3121 1671/9/3121
f 1682/9/3122 1702/9/3122 1714/9/3122
f 1703/9/3123 1702/9/3123 1679/9/3123
f 1720/9/3124 1721/9/3125 1704/9/3126
f 1722/9/3127 1704/9/3127 1703/9/3127
f 1686/9/3128 1561/9/3128 1563/9/3128
f 1689/9/3129 1574/9/3129 1677/9/3129
f 1705/9/3130 1721/9/3130 1669/9/3130
f 1585/9/3131 1664/9/3131 1576/9/3131
f 1723/9/3132 1724/9/3132 1721/9/3132
f 1720/9/3133 1723/9/3133 1721/9/3133
f 1687/9/3134 1698/9/3134 1688/9/3134
f 1719/9/3046 1658/9/3048 1673/9/3047
f 1704/9/3126 1721/9/3125 1705/9/3135
f 1532/9/3136 1708/9/3136 1533/9/3136
f 1718/9/3137 1725/9/3137 1726/9/3137
f 1679/9/3138 1726/9/3138 1703/9/3138
f 1692/9/3139 1707/9/3139 1691/9/3139
f 1726/9/3140 1679/9/3140 1718/9/3140
f 1727/9/3141 1709/9/3142 1717/9/3105
f 1667/9/3143 1695/9/3143 1665/9/3143
f 1720/9/3144 1704/9/3144 1722/9/3144
f 1664/9/3145 1663/9/3145 1678/9/3145
f 1708/9/3146 1727/9/3146 1681/9/3146
f 1632/9/2948 1631/9/2947 1709/9/3147
f 1711/9/3148 1663/9/3148 1685/9/3148
f 1712/9/3149 1710/9/3149 1711/9/3149
f 1693/9/3150 1694/9/3150 1700/9/3150
f 1708/9/3151 1595/9/3151 1632/9/3151
f 1678/9/3152 1687/9/3152 1677/9/3152
f 1671/9/3153 1690/9/3153 1705/9/3153
f 1685/9/3154 1690/9/3154 1671/9/3154
f 1679/9/3155 1681/9/3155 1727/9/3155
f 1678/9/3156 1697/9/3156 1687/9/3156
f 1676/9/3157 1693/9/3157 1701/9/3157
f 1665/9/3158 1693/9/3158 1668/9/3158
f 1690/9/3159 1566/9/3159 1713/9/3159
f 1535/9/3160 1713/9/3160 1566/9/3160
f 1709/9/3161 1727/9/3161 1708/9/3161
f 1679/9/3104 1727/9/3141 1717/9/3105
f 1728/447/3162 1729/448/3163 1730/449/3164
f 1731/450/3165 1732/451/3166 1729/448/3163
f 1733/452/3167 1729/448/3163 1728/447/3162
f 1734/453/3168 1735/454/3169 1736/455/3170
f 1737/456/3171 1738/457/3172 1736/455/3170
f 1737/456/3171 1736/455/3170 1733/452/3167
f 1729/448/3163 1733/452/3167 1736/455/3170
f 1734/453/3168 1736/455/3170 1738/457/3172
f 1739/458/3173 1729/448/3163 1740/459/3174
f 1741/460/3175 1740/459/3174 1742/461/3176
f 1743/462/3177 1742/461/3176 1744/463/3178
f 1729/448/3163 1745/464/3179 1742/461/3176
f 1730/449/3164 1729/448/3163 1732/451/3166
f 1729/448/3163 1739/458/3173 1746/465/3180
f 1747/466/3181 1748/467/3182 1749/468/3183
f 1744/463/3178 1742/461/3176 1750/469/3184
f 1751/470/3185 1752/471/3185 1753/472/3185
f 1751/470/3186 1750/469/3184 1742/461/3176
f 1754/473/3187 1755/474/3188 1756/475/3189
f 1756/475/3189 1742/461/3176 1745/464/3179
f 1742/461/3176 1743/462/3177 1741/460/3175
f 1757/476/3190 1758/477/3191 1759/478/3192
f 1740/459/3174 1729/448/3163 1742/461/3176
f 1760/479/3193 1748/467/3182 1761/480/3194
f 1748/467/3182 1735/454/3169 1762/481/3195
f 1660/482/3196 1749/468/3183 1748/467/3182
f 1760/479/3193 1660/482/3196 1748/467/3182
f 1748/467/3182 1736/455/3170 1735/454/3169
f 1660/482/3196 1659/483/3197 1749/468/3183
f 1662/9/3198 1763/9/3199 1749/9/3183
f 1742/461/3176 1756/475/3189 1758/477/3191
f 1764/9/3200 1749/9/3183 1763/9/3199
f 1662/484/3198 1749/468/3183 1659/483/3197
f 1765/9/3201 1749/9/3183 1764/9/3200
f 1754/473/3187 1766/485/3202 1767/486/3203
f 1748/467/3182 1768/487/3204 1736/455/3170
f 1742/461/3176 1758/477/3191 1769/488/3205
f 1755/474/3188 1759/478/3192 1758/477/3191
f 1752/471/3206 1742/461/3176 1769/488/3205
f 1748/467/3182 1747/466/3181 1768/487/3204
f 1758/477/3191 1756/475/3189 1755/474/3188
f 1729/448/3163 1736/455/3170 1745/464/3179
f 1748/467/3182 1762/481/3195 1770/489/3207
f 1761/480/3194 1748/467/3182 1770/489/3207
f 1766/485/3202 1736/455/3170 1768/487/3204
f 1756/475/3189 1745/464/3179 1766/485/3202
f 1759/478/3192 1771/490/3208 1757/476/3190
f 1758/477/3191 1757/476/3190 1769/488/3205
f 1742/461/3176 1752/471/3206 1751/470/3186
f 1731/450/3165 1729/448/3163 1746/465/3180
f 1768/487/3204 1767/486/3203 1766/485/3202
f 1767/486/3203 1768/487/3204 1747/466/3181
f 1756/475/3189 1766/485/3202 1754/473/3187
f 1736/455/3170 1766/485/3202 1745/464/3179
f 1772/491/3209 1773/492/3210 1774/493/3211
f 1775/494/3212 1645/267/3213 1776/495/3214
f 1777/496/3215 1775/497/3212 1776/498/3214
f 1778/499/3216 1779/500/3217 1780/501/3218
f 1781/502/3219 1782/503/3220 1774/493/3211
f 1783/504/3221 1784/131/3222 1785/505/3223
f 1786/506/3224 1787/507/3225 1788/508/3226
f 1778/499/3216 1784/509/3222 1634/510/3227
f 1780/501/3218 1779/500/3217 1789/511/3228
f 1790/512/3229 1772/491/3230 1774/493/3211
f 1776/513/3214 1645/514/3213 1783/515/3221
f 1779/500/3217 1608/516/3231 1791/517/3232
f 1784/509/3222 1783/515/3221 1645/514/3213
f 1792/518/3233 1788/508/3226 1793/519/3234
f 1608/516/3231 1779/500/3217 1646/520/3235
f 1784/521/3222 1773/492/3210 1794/522/3236
f 1795/523/3237 1796/524/3238 1787/507/3225
f 1647/525/3239 1778/499/3216 1634/510/3227
f 1797/526/3240 1795/523/3237 1789/511/3228
f 1787/507/3225 1786/506/3224 1795/523/3237
f 1646/520/3235 1779/500/3217 1778/499/3216
f 1798/527/3241 1799/528/3242 1774/493/3211
f 1798/527/3241 1773/492/3210 1784/521/3222
f 1785/529/3223 1784/521/3222 1794/522/3236
f 1800/530/3243 1773/492/3210 1801/531/3244
f 1784/509/3222 1645/514/3213 1634/510/3227
f 1802/532/3245 1793/533/3234 1803/534/3246
f 1804/535/3247 1781/502/3219 1805/536/3248
f 1806/537/3249 1807/538/3250 1808/539/3251
f 1806/537/3249 1809/540/3252 1810/541/3253
f 1811/542/3254 1812/543/3255 1813/544/3256
f 1814/545/3257 1815/546/3258 1816/547/3259
f 1817/9/3260 1657/9/3261 1818/9/3260
f 1807/538/3250 1811/542/3254 1813/544/3256
f 1819/9/3262 1810/9/3253 1820/9/3263
f 1780/501/3218 1798/548/3241 1778/499/3216
f 1805/536/3248 1792/549/3233 1821/550/3264
f 1809/540/3252 1806/537/3249 1808/539/3251
f 1807/538/3250 1813/544/3256 1808/539/3251
f 1611/551/3265 1822/552/3266 1797/526/3240
f 1812/543/3255 1823/553/3267 1813/544/3256
f 1778/499/3216 1647/525/3239 1646/520/3235
f 1824/554/3268 1825/555/3269 1781/502/3219
f 1787/507/3225 1796/524/3238 1826/556/3270
f 1827/557/3271 1781/502/3219 1825/555/3269
f 1804/535/3247 1805/536/3248 1821/550/3264
f 1796/524/3238 1828/558/3272 1829/559/3273
f 1830/560/3274 1781/502/3219 1804/535/3247
f 1822/552/3266 1611/551/3265 1613/561/3275
f 1781/502/3219 1823/553/3267 1824/554/3268
f 1782/503/3220 1781/502/3219 1827/557/3271
f 1782/503/3220 1790/512/3229 1774/493/3211
f 1830/560/3274 1823/553/3267 1781/502/3219
f 1829/559/3273 1831/562/3276 1832/563/3277
f 1794/522/3236 1773/492/3210 1800/530/3243
f 1824/554/3268 1823/553/3267 1812/543/3255
f 1798/527/3241 1774/493/3211 1773/492/3210
f 1780/501/3218 1788/508/3226 1799/564/3242
f 1639/565/3278 1611/551/3265 1797/526/3240
f 1833/566/3279 1613/561/3275 1637/567/3280
f 1834/568/3281 1835/569/3282 1803/570/3246
f 1835/569/3282 1826/556/3270 1836/571/3283
f 1837/572/3284 1833/566/3279 1637/567/3280
f 1797/526/3240 1789/511/3228 1791/517/3232
f 1820/9/3263 1838/9/3285 1819/9/3262
f 1805/536/3248 1799/528/3242 1792/549/3233
f 1822/552/3266 1828/558/3272 1797/526/3240
f 1839/573/3286 1831/562/3276 1833/566/3279
f 1833/566/3279 1831/562/3276 1829/559/3273
f 1837/572/3284 1839/573/3286 1833/566/3279
f 1833/566/3279 1829/559/3273 1828/558/3272
f 1840/574/3287 1636/575/3288 1655/576/3289
f 1639/565/3278 1791/517/3232 1608/516/3231
f 1795/523/3237 1828/558/3272 1796/524/3238
f 1818/9/3260 1816/9/3259 1817/9/3260
f 1789/511/3228 1795/523/3237 1786/506/3224
f 1655/577/3289 1815/546/3258 1814/545/3257
f 1777/496/3215 1643/578/3290 1775/497/3212
f 1841/579/3291 1837/572/3284 1636/575/3288
f 1842/580/3292 1843/581/3293 1844/582/3294
f 1814/545/3257 1840/583/3287 1655/577/3289
f 1841/579/3291 1636/575/3288 1840/574/3287
f 1816/547/3259 1815/546/3258 1817/584/3260
f 1639/565/3278 1797/526/3240 1791/517/3232
f 1636/575/3288 1837/572/3284 1637/567/3280
f 1799/564/3242 1798/548/3241 1780/501/3218
f 1774/493/3211 1799/528/3242 1805/536/3248
f 1826/556/3270 1845/585/3295 1846/586/3296
f 1834/568/3281 1793/519/3234 1787/507/3225
f 1779/500/3217 1791/517/3232 1789/511/3228
f 1774/493/3211 1805/536/3248 1781/502/3219
f 1847/587/3297 1845/585/3295 1826/556/3270
f 1848/588/3298 1826/556/3270 1846/586/3296
f 1829/559/3273 1849/589/3299 1796/524/3238
f 1802/532/3245 1792/549/3233 1793/533/3234
f 1772/491/3209 1801/531/3244 1773/492/3210
f 1848/588/3298 1850/590/3300 1836/571/3283
f 1793/519/3234 1834/568/3281 1803/570/3246
f 1780/501/3218 1789/511/3228 1786/506/3224
f 1826/556/3270 1848/588/3298 1836/571/3283
f 1796/524/3238 1847/587/3297 1826/556/3270
f 1795/523/3237 1797/526/3240 1828/558/3272
f 1796/524/3238 1851/591/3301 1847/587/3297
f 1784/509/3222 1778/499/3216 1798/548/3241
f 1852/592/3302 1796/524/3238 1849/589/3299
f 1851/591/3301 1796/524/3238 1852/592/3302
f 1833/566/3279 1828/558/3272 1822/552/3266
f 1848/588/3298 1853/593/3303 1850/590/3300
f 1799/528/3242 1788/594/3226 1792/549/3233
f 1844/595/3294 1850/590/3304 1853/593/3305
f 1849/589/3299 1829/559/3273 1854/596/3306
f 1786/506/3224 1788/508/3226 1780/501/3218
f 1842/597/3292 1844/595/3294 1853/593/3305
f 1833/566/3279 1822/552/3266 1613/561/3275
f 1793/519/3234 1788/508/3226 1787/507/3225
f 1832/563/3277 1854/596/3306 1829/559/3273
f 1810/541/3253 1809/540/3252 1820/598/3263
f 1835/569/3282 1834/568/3281 1826/556/3270
f 1821/550/3264 1792/549/3233 1802/532/3245
f 1787/507/3225 1826/556/3270 1834/568/3281
f 1855/599/3307 1856/600/3308 1857/601/3309
f 1858/9/3310 1631/9/3311 1630/9/3312
f 1859/602/3313 1860/603/3314 1857/604/3309
f 1861/9/3315 1855/9/3307 1862/9/3316
f 1858/9/3310 1630/9/3312 1863/9/3317
f 1856/600/3308 1864/605/3318 1857/601/3309
f 1863/606/3317 1605/607/3319 1604/608/3320
f 1862/609/3316 1855/599/3307 1857/601/3309
f 1860/9/3314 1865/9/3321 1866/9/3322
f 1863/9/3317 1630/9/3312 1605/9/3319
f 1867/610/3323 1856/600/3308 1855/599/3307
f 1868/9/3324 1869/9/3325 1870/9/3326
f 1862/609/3316 1857/601/3309 1860/611/3314
f 1865/9/3321 1871/9/3327 1869/9/3325
f 1868/9/3324 1872/9/3328 1869/9/3325
f 1860/9/3314 1871/9/3327 1865/9/3321
f 1866/9/3322 1873/9/3329 1862/9/3316
f 1861/9/3315 1862/9/3316 1873/9/3329
f 1870/9/3326 1871/9/3327 1874/9/3330
f 1863/9/3317 1855/9/3307 1861/9/3315
f 1869/9/3325 1871/9/3327 1870/9/3326
f 1866/9/3322 1862/9/3316 1860/9/3314
f 1875/612/3331 1871/613/3327 1860/603/3314
f 1876/614/3332 1877/615/3333 1871/613/3327
f 1863/606/3317 1604/608/3320 1878/616/3334
f 1879/617/3335 1863/606/3317 1880/618/3336
f 1874/619/3330 1871/613/3327 1877/615/3333
f 1880/618/3336 1863/606/3317 1878/616/3334
f 1879/617/3335 1881/620/3337 1863/606/3317
f 1855/599/3307 1863/606/3317 1881/620/3337
f 1855/599/3307 1882/621/3338 1867/610/3323
f 1863/9/3317 1861/9/3315 1858/9/3310
f 1882/621/3338 1855/599/3307 1881/620/3337
f 1857/604/3309 1864/622/3318 1883/623/3339
f 1884/624/3340 1871/613/3327 1875/612/3331
f 1884/624/3340 1876/614/3332 1871/613/3327
f 1885/625/3341 1875/612/3331 1860/603/3314
f 1886/626/3342 1859/602/3313 1857/604/3309
f 1859/602/3313 1885/625/3341 1860/603/3314
f 1887/627/3343 1857/604/3309 1888/628/3344
f 1887/627/3343 1886/626/3342 1857/604/3309
f 1857/604/3309 1883/623/3339 1888/628/3344
f 1633/629/3345 1878/616/3345 1604/608/3345
f 1765/9/3201 1889/9/3346 1749/9/3183
f 1890/9/3347 1891/9/3348 1892/9/3349
f 1749/9/3183 1893/9/3350 1891/9/3348
f 1749/9/3183 1889/9/3346 1894/9/3351
f 1895/9/3352 1896/9/3353 1897/9/3354
f 1891/9/3348 1893/9/3350 1898/9/3355
f 1891/9/3348 1898/9/3355 1899/9/3356
f 1893/9/3350 1749/9/3183 1894/9/3351
f 1749/9/3183 1891/9/3348 1747/9/3181
f 1896/9/3353 1900/9/3357 1901/9/3358
f 1767/9/3203 1902/9/3359 1754/9/3187
f 1771/490/3208 1759/478/3192 1903/630/3360
f 1900/9/3357 1904/9/3361 1905/9/3362
f 1900/631/3357 1759/478/3192 1755/474/3188
f 1767/9/3203 1891/9/3348 1902/9/3359
f 1903/630/3360 1900/631/3357 1905/632/3362
f 1906/9/3363 1901/9/3358 1902/9/3359
f 1901/9/3358 1906/9/3363 1896/9/3353
f 1759/478/3192 1900/631/3357 1903/630/3360
f 1755/474/3188 1754/473/3187 1901/633/3358
f 1767/9/3203 1747/9/3181 1891/9/3348
f 1906/9/3363 1907/9/3364 1908/9/3365
f 1909/9/3366 1906/9/3363 1910/9/3367
f 1892/9/3349 1891/9/3348 1899/9/3356
f 1891/9/3348 1911/9/3368 1912/9/3369
f 1891/9/3348 1912/9/3369 1902/9/3359
f 1913/9/3370 1902/9/3359 1912/9/3369
f 1906/9/3363 1914/9/3371 1907/9/3364
f 1910/9/3367 1906/9/3363 1908/9/3365
f 1906/9/3363 1913/9/3370 1914/9/3371
f 1915/9/3372 1906/9/3363 1909/9/3366
f 1916/9/3373 1904/9/3361 1917/9/3374
f 1755/474/3188 1901/633/3358 1900/631/3357
f 1918/9/3375 1904/9/3361 1916/9/3373
f 1754/9/3187 1902/9/3359 1901/9/3358
f 1896/9/3353 1917/9/3374 1904/9/3361
f 1897/9/3354 1896/9/3353 1919/9/3376
f 1917/9/3374 1896/9/3353 1895/9/3352
f 1906/9/3363 1902/9/3359 1913/9/3370
f 1919/9/3376 1896/9/3353 1915/9/3372
f 1915/9/3372 1896/9/3353 1906/9/3363
f 1890/9/3347 1911/9/3368 1891/9/3348
f 1900/9/3357 1896/9/3353 1904/9/3361
f 1694/9/3377 1920/9/3378 1921/9/3379
f 1921/9/3379 1920/9/3378 1922/9/3380
f 1923/9/3381 1924/9/3382 1925/9/3383
f 1922/9/3380 1926/9/3384 1921/9/3379
f 1927/9/3385 1920/9/3386 1694/9/3377
f 1928/9/3387 1929/9/3388 1930/9/3389
f 1696/9/3390 1931/9/3391 1932/9/3392
f 1932/9/3392 1927/9/3385 1696/9/3390
f 1933/9/3384 1700/9/3384 1926/9/3384
f 1696/9/3390 1927/9/3385 1694/9/3377
f 1934/9/3393 1697/9/3394 1710/9/3395
f 1931/9/3391 1707/9/3396 1935/9/3397
f 1670/9/3398 1936/9/3399 1712/9/3400
f 1707/9/3396 1692/9/3401 1937/9/3402
f 1938/9/3403 1939/9/3404 1936/9/3399
f 1940/9/3405 1941/9/3406 1942/9/3407
f 1937/9/3402 1943/9/3408 1935/9/3397
f 1698/9/3409 1937/9/3402 1692/9/3401
f 1707/9/3396 1937/9/3402 1935/9/3397
f 1934/9/3393 1944/9/3410 1697/9/3394
f 1934/9/3393 1945/9/3411 1944/9/3410
f 1698/9/3409 1697/9/3394 1944/9/3410
f 1936/9/3399 1934/9/3393 1710/9/3395
f 1946/9/3412 1947/9/3413 1948/9/3414
f 1707/9/3396 1931/9/3391 1696/9/3390
f 1949/9/3415 1950/9/3416 1951/9/3417
f 1952/9/3418 1953/9/3419 1954/9/3420
f 1950/9/3416 1949/9/3415 1955/9/3421
f 1937/9/3402 1956/9/3422 1943/9/3408
f 1957/9/3423 1958/9/3424 1947/9/3413
f 1937/9/3402 1952/9/3418 1954/9/3420
f 1937/9/3402 1954/9/3420 1956/9/3422
f 1959/9/3425 1939/9/3404 1960/9/3426
f 1961/9/3427 1962/9/3428 1963/9/3429
f 1964/9/3430 1965/9/3431 1966/9/3432
f 1967/9/3433 1968/9/3434 1942/9/3407
f 1969/9/3435 1951/9/3417 1950/9/3416
f 1960/9/3426 1958/9/3424 1955/9/3421
f 1967/9/3433 1942/9/3407 1963/9/3429
f 1698/9/3409 1944/9/3410 1937/9/3402
f 1965/9/3431 1947/9/3413 1946/9/3412
f 1952/9/3418 1944/9/3410 1945/9/3411
f 1965/9/3431 1957/9/3423 1947/9/3413
f 1970/9/3436 1952/9/3418 1971/9/3437
f 1934/9/3393 1959/9/3425 1945/9/3411
f 1972/9/3438 1952/9/3418 1970/9/3436
f 1971/9/3437 1973/9/3439 1974/9/3440
f 1936/9/3399 1710/9/3395 1712/9/3400
f 1940/9/3405 1942/9/3407 1968/9/3434
f 1975/9/3441 1952/9/3418 1945/9/3411
f 1971/9/3437 1974/9/3440 1976/9/3442
f 1968/9/3434 1973/9/3439 1940/9/3405
f 1938/9/3403 1948/9/3414 1939/9/3404
f 1952/9/3418 1972/9/3438 1953/9/3419
f 1973/9/3439 1971/9/3437 1940/9/3405
f 1975/9/3441 1971/9/3437 1952/9/3418
f 1958/9/3424 1960/9/3426 1947/9/3413
f 1951/9/3417 1969/9/3435 1977/9/3443
f 1977/9/3443 1940/9/3405 1951/9/3417
f 1929/9/3388 1928/9/3387 1978/9/3388
f 1938/9/3403 1979/9/3444 1980/9/3445
f 1938/9/3403 1669/9/3446 1981/9/3447
f 1938/9/3403 1670/9/3398 1669/9/3446
f 1938/9/3403 1982/9/3448 1948/9/3414
f 1923/9/3381 1969/9/3435 1950/9/3416
f 1950/9/3416 1924/9/3382 1923/9/3381
f 1948/9/3414 1982/9/3448 1983/9/3449
f 1946/9/3412 1948/9/3414 1984/9/3450
f 1669/9/3446 1721/9/3451 1981/9/3447
f 1960/9/3426 1948/9/3414 1947/9/3413
f 1949/9/3415 1951/9/3417 1975/9/3441
f 1985/9/3452 1981/9/3447 1721/9/3451
f 1946/9/3412 1986/9/3453 1987/9/3454
f 1724/9/3455 1988/9/3456 1989/9/3457
f 1721/9/3451 1989/9/3457 1985/9/3452
f 1951/9/3417 1940/9/3405 1975/9/3441
f 1936/9/3399 1939/9/3404 1959/9/3425
f 1959/9/3425 1960/9/3426 1955/9/3421
f 1984/9/3450 1990/9/3458 1946/9/3412
f 1959/9/3425 1949/9/3415 1945/9/3411
f 1934/9/3393 1936/9/3399 1959/9/3425
f 1925/9/3383 1958/9/3424 1991/9/3459
f 1979/9/3444 1938/9/3403 1981/9/3447
f 1950/9/3416 1955/9/3421 1924/9/3382
f 1986/9/3453 1946/9/3412 1990/9/3458
f 1939/9/3404 1948/9/3414 1960/9/3426
f 1987/9/3454 1965/9/3431 1946/9/3412
f 1992/9/3460 1965/9/3431 1987/9/3454
f 1982/9/3448 1938/9/3403 1980/9/3445
f 1984/9/3450 1948/9/3414 1993/9/3461
f 1992/9/3460 1994/9/3462 1965/9/3431
f 1952/9/3418 1937/9/3402 1944/9/3410
f 1955/9/3421 1958/9/3424 1924/9/3382
f 1970/9/3436 1971/9/3437 1976/9/3442
f 1991/9/3459 1958/9/3424 1957/9/3423
f 1957/9/3423 1965/9/3431 1964/9/3430
f 1941/9/3406 1940/9/3405 1977/9/3443
f 1994/9/3462 1966/9/3432 1965/9/3431
f 1975/9/3441 1945/9/3411 1949/9/3415
f 1994/9/3462 1995/9/3463 1996/9/3464
f 1967/9/3433 1963/9/3429 1962/9/3428
f 1997/9/3465 1998/9/3466 1999/9/3467
f 1985/9/3452 1989/9/3457 1988/9/3456
f 1926/9/3384 1922/9/3380 1933/9/3384
f 1995/9/3463 1997/9/3465 1996/9/3464
f 1925/9/3383 1924/9/3382 1958/9/3424
f 1996/9/3464 1997/9/3465 1999/9/3467
f 1930/9/3389 1999/9/3467 1998/9/3466
f 1948/9/3414 1983/9/3449 1993/9/3461
f 1928/9/3387 1930/9/3389 1998/9/3466
f 1991/9/3459 1957/9/3423 1964/9/3430
f 1949/9/3415 1959/9/3425 1955/9/3421
f 1994/9/3462 1996/9/3464 1966/9/3432
f 1971/9/3437 1975/9/3441 1940/9/3405
f 1978/9/3388 2000/9/3388 1929/9/3388
f 1670/9/3398 1938/9/3403 1936/9/3399
f 2001/9/3468 2002/9/3469 2003/9/3470
f 2001/9/3468 2004/9/3471 2002/9/3469
f 2001/9/3468 2005/9/3472 2006/9/3473
f 2007/9/3474 2003/9/3470 2008/9/3475
f 2002/9/3469 2009/9/3476 2003/9/3470
f 1718/9/3477 2003/9/3470 1725/9/3478
f 1725/9/3478 2003/9/3470 2007/9/3474
f 2003/9/3470 2010/9/3479 2001/9/3468
f 2008/9/3475 2003/9/3470 2009/9/3476
f 2011/9/3480 2005/9/3472 2001/9/3468
f 2012/9/3481 2013/9/3482 2014/9/3483
f 2015/9/3484 2016/9/3485 2017/9/3486
f 2018/9/3487 2016/9/3485 2019/9/3488
f 2018/9/3487 2017/9/3486 2016/9/3485
f 2020/9/3489 1869/9/3325 2021/9/3490
f 1865/9/3321 2020/9/3489 2022/9/3491
f 2015/9/3484 2011/9/3480 2001/9/3468
f 2023/9/3492 2013/9/3482 2016/9/3485
f 1861/9/3315 2024/9/3493 1858/9/3310
f 2019/9/3488 2013/9/3482 2012/9/3481
f 2025/9/3494 2026/9/3495 2013/9/3482
f 2027/9/3496 2013/9/3482 2028/9/3497
f 2010/9/3479 2016/9/3485 2001/9/3468
f 1873/9/3329 1866/9/3322 2029/9/3498
f 2019/9/3488 2016/9/3485 2013/9/3482
f 1861/9/3315 2030/9/3499 2024/9/3493
f 2013/9/3482 2026/9/3495 2028/9/3497
f 1709/9/3500 1858/9/3310 2024/9/3493
f 2003/9/3470 1717/9/3501 2024/9/3493
f 1717/9/3501 2003/9/3470 1718/9/3477
f 1873/9/3329 2029/9/3498 2030/9/3499
f 1865/9/3321 1869/9/3325 2020/9/3489
f 1865/9/3321 2022/9/3491 2029/9/3498
f 2010/9/3479 2024/9/3493 2030/9/3499
f 2025/9/3494 2013/9/3482 2020/9/3489
f 2010/9/3479 2003/9/3470 2024/9/3493
f 1717/9/3501 1709/9/3500 2024/9/3493
f 2023/9/3492 2030/9/3499 2029/9/3498
f 1631/9/3311 1858/9/3310 1709/9/3500
f 2013/9/3482 2027/9/3496 2014/9/3483
f 2001/9/3468 2006/9/3473 2004/9/3471
f 2010/9/3479 2030/9/3499 2023/9/3492
f 2031/9/3502 2025/9/3494 2020/9/3489
f 2013/9/3482 2022/9/3491 2020/9/3489
f 1861/9/3315 1873/9/3329 2030/9/3499
f 2020/9/3489 2032/9/3503 2033/9/3504
f 2023/9/3492 2029/9/3498 2022/9/3491
f 2033/9/3504 2031/9/3502 2020/9/3489
f 2021/9/3490 2034/9/3505 2020/9/3489
f 2032/9/3503 2020/9/3489 2034/9/3505
f 2010/9/3479 2023/9/3492 2016/9/3485
f 1869/9/3325 2035/9/3506 2021/9/3490
f 2013/9/3482 2023/9/3492 2022/9/3491
f 2036/9/3507 1869/9/3325 2037/9/3508
f 2038/9/3509 2035/9/3506 1869/9/3325
f 2036/9/3507 2038/9/3509 1869/9/3325
f 2037/9/3510 1869/9/3510 1872/9/3510
f 1865/9/3321 2029/9/3498 1866/9/3322
f 2001/9/3468 2016/9/3485 2015/9/3484
f 2039/634/3511 2040/635/3511 2041/636/3511
f 1769/637/3512 1757/638/3512 2042/639/3512
f 2043/9/3513 2044/9/3513 2045/9/3513
f 1838/9/3514 1808/9/3514 2043/9/3514
f 2046/640/3515 2047/641/3515 2048/642/3515
f 2049/643/3516 2050/644/3516 2051/645/3516
f 2043/646/3517 1808/647/3517 2044/648/3517
f 2052/649/3518 1804/650/3518 1821/651/3518
f 2053/652/3519 2054/653/3519 2055/654/3519
f 1808/647/3520 2053/655/3520 2044/648/3520
f 2053/655/3521 1808/647/3521 1813/656/3521
f 2046/640/3522 2056/657/3522 2047/641/3522
f 2057/658/3523 1821/651/3523 1802/659/3523
f 2054/653/3524 2058/660/3524 2059/661/3524
f 2060/662/3525 2058/663/3525 1830/664/3525
f 2061/665/3526 2062/666/3526 2041/667/3526
f 1804/650/3527 2060/662/3528 1830/664/3529
f 2054/668/3530 1823/669/3530 2058/663/3530
f 2060/670/3531 2059/661/3531 2058/660/3531
f 2063/671/3532 2064/672/3532 2062/673/3532
f 2065/674/3533 2066/675/3533 2067/676/3533
f 2057/677/3534 2046/678/3534 2052/679/3534
f 2055/654/3535 2054/653/3535 2059/661/3535
f 2041/636/3536 2064/672/3536 2039/634/3536
f 2055/654/3537 2066/680/3537 2053/652/3537
f 2062/681/3538 1803/682/3538 1835/683/3538
f 2068/9/3539 2044/9/3539 2069/9/3539
f 2070/684/3540 2048/685/3540 2071/686/3540
f 2072/9/3541 2073/9/3541 2074/9/3541
f 2075/9/3542 2072/9/3542 2068/9/3542
f 1752/687/3543 1769/637/3544 2076/688/3545
f 2077/9/3546 2078/9/3546 2079/9/3546
f 2072/9/3541 2075/9/3541 2073/9/3541
f 2079/9/3547 2075/9/3547 2069/9/3547
f 2044/9/3548 2068/9/3548 2045/9/3548
f 2066/680/3549 2065/689/3549 2053/652/3549
f 2067/9/3550 2077/9/3550 2065/9/3550
f 2057/677/3551 2056/690/3551 2046/678/3551
f 2055/691/3552 2080/692/3552 2066/675/3552
f 2058/663/3553 1823/669/3553 1830/664/3553
f 2081/693/3554 2082/694/3554 2063/671/3554
f 2071/686/3555 2083/695/3555 2059/661/3555
f 2084/9/3556 2085/9/3556 2086/9/3556
f 2070/684/3557 2060/670/3557 2052/679/3557
f 2056/657/3558 2041/636/3558 2040/635/3558
f 2070/684/3559 2059/661/3559 2060/670/3559
f 2056/657/3560 2040/635/3560 2047/641/3560
f 2087/696/3561 2088/697/3561 2081/693/3561
f 2064/672/3562 2041/636/3562 2062/673/3562
f 2089/698/3563 2042/699/3563 2090/700/3563
f 2082/694/3564 2039/634/3564 2064/672/3564
f 2046/678/3565 2070/684/3565 2052/679/3565
f 2091/701/3566 2063/671/3566 2092/702/3566
f 2041/636/3567 2056/657/3567 2057/703/3567
f 1850/704/3568 2091/705/3568 1836/706/3568
f 2069/9/3569 2065/9/3569 2077/9/3569
f 1821/651/3570 2057/658/3570 2052/649/3570
f 2093/9/3571 1850/9/3571 1843/9/3571
f 2093/9/3572 2094/9/3572 1850/9/3572
f 1803/682/3573 2062/681/3573 2061/707/3573
f 2051/645/3574 2050/644/3574 2095/708/3574
f 2076/688/3545 2096/709/3575 1752/687/3543
f 1836/706/3576 2091/705/3576 2092/710/3576
f 2049/9/3577 2051/9/3577 2094/9/3577
f 2059/661/3578 2083/695/3578 2055/654/3578
f 2085/711/3579 2095/712/3579 2086/713/3579
f 2097/714/3580 2098/715/3580 2099/716/3580
f 2096/709/3581 2097/717/3581 2095/708/3581
f 2042/639/3582 2076/688/3582 1769/637/3582
f 2042/639/3583 1757/638/3583 2100/718/3583
f 1753/719/3584 2096/709/3584 2101/720/3584
f 2067/676/3585 2066/675/3585 2080/692/3585
f 1752/687/3586 2096/709/3586 1753/719/3586
f 2071/686/3587 2059/661/3587 2070/684/3587
f 2101/720/3588 2096/709/3588 2102/721/3588
f 2086/722/3589 2095/723/3589 2103/724/3589
f 2095/708/3590 2050/644/3590 2102/721/3590
f 2048/642/3591 2070/725/3591 2046/640/3591
f 1804/650/3527 2052/649/3592 2060/662/3528
f 1771/726/3593 2100/718/3594 1757/638/3595
f 1813/656/3596 1823/669/3596 2054/668/3596
f 2084/9/3597 2088/9/3597 2085/9/3597
f 2091/701/3598 2051/727/3598 2085/728/3598
f 2055/654/3599 2083/695/3599 2080/729/3599
f 2064/672/3600 2063/671/3600 2082/694/3600
f 2087/696/3601 2091/701/3601 2085/728/3601
f 2097/714/3602 2076/730/3602 2042/699/3602
f 2104/9/3603 2105/9/3603 2088/9/3603
f 2084/9/3604 2104/9/3604 2088/9/3604
f 2092/731/3605 2063/78/3605 2062/732/3605
f 2044/9/3606 2065/9/3606 2069/9/3606
f 2085/733/3607 2051/328/3607 2095/734/3607
f 2091/705/3608 1850/704/3608 2051/735/3608
f 2099/716/3609 2106/736/3609 2107/737/3609
f 2094/9/3610 2051/9/3610 1850/9/3610
f 2103/724/3611 2099/716/3611 2107/737/3611
f 2099/716/3612 2103/724/3612 2097/714/3612
f 2089/698/3613 2098/715/3613 2042/699/3613
f 2057/658/3614 1802/659/3614 2061/707/3614
f 2103/724/3615 2095/723/3615 2097/714/3615
f 2062/681/3616 1835/683/3616 2092/710/3616
f 2042/699/3617 2098/715/3617 2097/714/3617
f 2090/700/3618 2108/738/3618 2089/698/3618
f 1803/682/3619 2061/707/3619 1802/659/3619
f 2053/655/3620 1813/656/3620 2054/668/3620
f 2053/652/3621 2065/689/3621 2044/739/3621
f 2100/740/3622 2090/700/3622 2042/699/3622
f 2069/9/3623 2077/9/3623 2079/9/3623
f 1836/706/3624 2092/710/3624 1835/683/3624
f 2091/701/3625 2087/696/3625 2063/671/3625
f 2068/9/3626 2069/9/3626 2075/9/3626
f 2061/665/3627 2041/667/3627 2057/741/3627
f 2097/717/3628 2096/709/3628 2076/688/3628
f 2095/708/3629 2102/721/3629 2096/709/3629
f 2088/697/3630 2087/696/3630 2085/728/3630
f 2063/671/3631 2087/696/3631 2081/693/3631
f 2109/9/3632 2110/9/3632 2111/9/3632
f 2112/9/3633 2113/9/3633 2114/9/3633
f 2115/9/3634 2113/9/3634 2116/9/3634
f 2117/9/3635 1904/9/3635 1918/9/3635
f 2100/718/3594 1771/726/3593 1903/742/3636
f 2118/9/3637 2119/9/3637 2120/9/3637
f 1905/9/3638 2111/9/3639 2110/9/3640
f 2121/9/3641 2122/9/3641 2123/9/3641
f 2117/9/3642 2124/9/3642 2111/9/3642
f 2124/9/3643 2125/9/3643 2126/9/3643
f 2127/9/3644 2128/9/3644 2129/9/3644
f 2112/9/3645 2119/9/3645 2130/9/3645
f 2131/9/3646 1961/9/3646 1942/9/3646
f 2132/9/3647 2121/9/3647 2118/9/3647
f 2133/9/3648 2125/9/3648 2134/9/3648
f 2135/9/3649 2136/9/3649 2137/9/3649
f 2111/9/3650 2135/9/3650 2109/9/3650
f 1941/9/3651 2138/9/3651 1942/9/3651
f 2133/9/3652 2138/9/3652 2129/9/3652
f 2139/9/3653 2109/9/3653 2135/9/3653
f 2140/9/3654 2131/9/3654 1942/9/3654
f 1964/9/3655 1966/9/3655 2141/9/3655
f 2142/9/3656 2143/9/3656 2144/9/3656
f 2140/9/3657 1942/9/3657 2133/9/3657
f 1941/9/3658 1977/9/3658 2145/9/3658
f 2100/740/3659 2110/743/3659 2090/700/3659
f 2122/9/3660 2121/9/3660 2146/9/3660
f 2126/9/3661 2125/9/3661 2133/9/3661
f 2111/9/3639 1905/9/3638 1904/9/3662
f 2128/9/3663 2127/9/3663 2147/9/3663
f 2118/9/3664 2148/9/3664 2132/9/3664
f 2126/9/3665 2136/9/3665 2135/9/3665
f 2139/9/3666 2149/9/3666 2109/9/3666
f 2135/9/3667 2137/9/3667 2139/9/3667
f 2111/9/3668 1904/9/3668 2117/9/3668
f 2108/738/3669 2090/700/3669 2149/744/3669
f 2148/9/3670 2118/9/3670 2120/9/3670
f 2090/700/3671 2109/745/3671 2149/744/3671
f 2137/9/3672 2150/9/3672 2139/9/3672
f 2135/9/3673 2111/9/3673 2126/9/3673
f 2123/9/3674 2118/9/3674 2121/9/3674
f 1903/742/3675 1905/746/3638 2110/747/3640
f 2116/9/3676 2113/9/3676 2151/9/3676
f 2152/9/3677 2129/9/3677 2153/9/3677
f 2140/9/3678 2133/9/3678 2134/9/3678
f 2154/9/3679 2155/9/3679 2128/9/3679
f 2153/9/3680 2128/9/3680 2155/9/3680
f 2124/9/3681 2126/9/3681 2111/9/3681
f 2153/9/3682 2129/9/3682 2128/9/3682
f 2126/9/3683 2133/9/3683 2129/9/3683
f 2119/9/3684 2112/9/3684 2120/9/3684
f 2152/9/3685 2126/9/3685 2129/9/3685
f 2156/9/3686 2147/9/3686 2127/9/3686
f 2141/9/3687 2112/9/3687 2114/9/3687
f 2152/9/3688 2136/9/3688 2126/9/3688
f 2127/9/3689 2129/9/3689 2138/9/3689
f 2157/9/3690 2158/9/3690 2159/9/3690
f 2121/9/3691 2132/9/3691 2146/9/3691
f 2159/9/3692 2160/9/3692 2161/9/3692
f 2156/9/3693 2127/9/3693 2138/9/3693
f 1991/9/3694 1964/9/3694 2114/9/3694
f 2161/9/3695 2160/9/3695 1969/9/3695
f 2145/9/3696 2160/9/3696 2159/9/3696
f 2112/9/3697 2141/9/3697 2120/9/3697
f 1923/9/3698 2162/9/3699 2161/9/3700
f 2115/9/3701 2143/9/3702 2162/9/3703
f 1925/9/3704 2162/9/3704 1923/9/3704
f 2159/9/3705 2142/9/3705 2157/9/3705
f 2143/9/3706 2161/9/3706 2162/9/3706
f 2115/9/3707 2163/9/3707 2114/9/3707
f 2120/9/3708 1966/9/3708 1996/9/3708
f 2143/9/3709 2142/9/3709 2161/9/3709
f 1969/9/3710 2160/9/3710 1977/9/3710
f 2120/9/3711 1996/9/3711 2148/9/3711
f 2035/9/3712 2164/9/3712 2021/9/3713
f 2090/748/3714 2110/749/3714 2109/750/3714
f 2100/718/3715 1903/742/3675 2110/747/3640
f 2165/9/3716 2035/9/3716 2038/9/3716
f 2132/9/3717 2148/9/3717 1999/9/3717
f 1999/9/3718 2000/9/3718 2166/9/3718
f 2160/9/3719 2145/9/3719 1977/9/3719
f 2156/9/3720 2158/9/3720 2147/9/3720
f 2165/9/3721 2074/9/3721 2035/9/3721
f 2167/9/3722 2132/9/3722 2166/9/3722
f 2168/9/3723 2169/9/3723 2146/9/3723
f 1999/9/3724 2148/9/3724 1996/9/3724
f 1969/9/3725 1923/9/3698 2161/9/3700
f 2074/9/3726 2164/9/3712 2035/9/3712
f 2113/9/3727 2115/9/3727 2114/9/3727
f 2170/9/3728 2115/9/3728 2116/9/3728
f 2138/9/3729 1941/9/3729 2145/9/3729
f 2143/9/3730 2115/9/3730 2170/9/3730
f 2113/9/3731 2112/9/3731 2151/9/3731
f 2156/9/3732 2145/9/3732 2159/9/3732
f 2159/9/3733 2158/9/3733 2156/9/3733
f 2130/9/3734 2151/9/3734 2112/9/3734
f 1966/9/3735 2120/9/3735 2141/9/3735
f 2171/9/3736 2118/9/3736 2123/9/3736
f 1999/9/3737 2166/9/3737 2132/9/3737
f 1964/9/3738 2141/9/3738 2114/9/3738
f 2142/9/3739 2159/9/3739 2161/9/3739
f 2145/9/3740 2156/9/3740 2138/9/3740
f 2168/9/3741 2146/9/3741 2172/9/3741
f 2119/9/3742 2118/9/3742 2171/9/3742
f 2164/9/3743 2075/9/3743 2169/9/3743
f 2169/9/3744 2168/9/3744 2164/9/3744
f 1925/9/3745 1991/9/3745 2163/9/3745
f 2173/9/3746 2122/9/3746 2146/9/3746
f 2173/9/3747 2146/9/3747 2169/9/3747
f 2169/9/3748 2075/9/3748 2079/9/3748
f 2079/9/3749 2078/9/3749 2173/9/3749
f 2130/9/3750 2119/9/3750 2171/9/3750
f 1942/9/3751 2138/9/3751 2133/9/3751
f 1991/9/3752 2114/9/3752 2163/9/3752
f 2164/9/3753 2074/9/3753 2075/9/3753
f 2132/9/3754 2167/9/3754 2172/9/3754
f 2172/9/3755 2146/9/3755 2132/9/3755
f 1925/9/3756 2163/9/3756 2162/9/3756
f 2173/9/3757 2169/9/3757 2079/9/3757
f 2144/9/3758 2157/9/3758 2142/9/3758
f 2170/9/3759 2144/9/3759 2143/9/3759
f 2163/9/3760 2115/9/3701 2162/9/3703
f 2174/9/3761 2175/9/3762 2077/9/3763
f 2176/751/3764 2177/752/3765 2178/753/3766
f 2179/9/3767 2180/9/3768 2181/9/3769
f 2182/9/3770 2067/9/3771 2183/9/3772
f 2083/695/3773 2071/686/3774 2184/754/3775
f 2185/9/3776 2182/9/3770 2183/9/3772
f 2186/755/3777 2187/756/3778 2188/757/3779
f 2181/9/3769 2189/9/3780 2190/9/3781
f 2186/755/3777 2191/758/3782 2192/759/3783
f 2193/9/3784 2175/9/3762 2174/9/3761
f 2189/9/3780 2174/9/3761 2185/9/3776
f 2194/760/3785 2071/686/3774 2048/685/3786
f 2078/9/3787 2077/9/3763 2175/9/3762
f 2180/9/3768 2174/9/3761 2189/9/3780
f 2177/752/3765 2088/761/3788 2105/762/3789
f 2179/9/3767 2193/9/3784 2180/9/3768
f 2195/763/3790 2196/764/3791 2197/765/3792
f 2198/766/3793 2176/751/3764 2178/753/3766
f 2199/767/3794 2200/768/3795 2201/769/3796
f 2202/9/3797 2203/9/3798 2204/9/3799
f 2081/770/3800 2205/771/3801 2206/772/3802
f 2190/773/3781 2207/774/3803 2192/759/3783
f 2208/775/3804 2209/776/3805 2210/777/3806
f 2186/755/3777 2211/778/3807 2191/758/3782
f 2212/9/3808 2203/9/3798 2202/9/3797
f 2082/779/3809 2213/780/3810 2214/781/3811
f 2048/685/3786 2047/782/3812 2215/783/3813
f 2206/772/3802 2216/784/3814 2081/770/3800
f 2217/785/3815 2047/782/3812 2040/786/3816
f 2083/695/3773 2184/754/3775 2188/757/3779
f 2218/787/3817 2039/788/3818 2214/781/3811
f 2039/788/3818 2218/787/3817 2040/786/3816
f 2213/789/3810 2082/694/3809 2081/693/3800
f 2215/783/3813 2047/782/3812 2217/785/3815
f 2216/790/3814 2219/791/3819 2197/792/3792
f 2184/754/3775 2071/686/3774 2194/760/3785
f 2220/793/3820 2221/794/3821 2222/795/3822
f 2039/788/3818 2082/779/3809 2214/781/3811
f 2223/796/3823 2224/797/3824 2196/764/3791
f 2177/752/3765 2105/762/3789 2225/798/3825
f 2211/778/3807 2226/799/3826 2191/758/3827
f 2210/777/3806 2209/776/3805 2222/795/3822
f 2040/786/3816 2218/787/3817 2217/785/3815
f 2200/768/3795 2199/767/3794 2227/800/3828
f 2048/685/3786 2215/783/3813 2194/760/3785
f 2221/794/3821 2218/787/3817 2210/777/3806
f 2219/801/3819 2228/802/3829 2195/803/3790
f 2197/765/3792 2224/797/3824 2213/780/3810
f 2187/756/3778 2186/755/3777 2183/804/3772
f 2228/805/3829 2176/806/3764 2198/807/3793
f 2186/755/3777 2207/774/3803 2183/804/3772
f 2174/9/3761 2180/9/3768 2193/9/3784
f 2219/808/3819 2177/809/3765 2176/810/3764
f 2212/811/3808 2202/812/3797 2229/813/3830
f 2230/814/3831 2231/815/3832 2227/800/3828
f 2227/800/3828 2231/815/3832 2200/768/3795
f 2184/754/3775 2202/812/3797 2204/816/3799
f 2080/729/3833 2083/695/3773 2188/757/3779
f 2228/817/3829 2219/808/3819 2176/810/3764
f 2189/9/3780 2185/9/3776 2207/9/3803
f 2183/804/3772 2207/774/3803 2185/818/3776
f 2186/755/3777 2192/759/3783 2207/774/3803
f 2190/9/3781 2189/9/3780 2207/9/3803
f 2181/9/3769 2180/9/3768 2189/9/3780
f 2232/9/3834 2204/9/3799 2203/9/3798
f 2184/754/3775 2194/760/3785 2202/812/3797
f 2229/813/3830 2202/812/3797 2194/760/3785
f 2231/815/3832 2194/760/3785 2215/783/3813
f 2230/814/3831 2212/811/3808 2229/813/3830
f 2204/816/3799 2232/819/3834 2226/799/3826
f 2188/757/3779 2184/754/3775 2204/816/3799
f 2211/778/3807 2186/755/3777 2188/757/3779
f 2226/799/3826 2211/778/3807 2204/816/3799
f 2204/816/3799 2211/778/3807 2188/757/3779
f 2200/768/3795 2231/815/3832 2215/783/3813
f 2215/783/3813 2217/785/3815 2200/768/3795
f 2201/769/3796 2200/768/3795 2217/785/3815
f 2221/794/3821 2217/785/3815 2218/787/3817
f 2220/793/3835 2199/767/3794 2201/769/3796
f 2230/814/3831 2229/813/3830 2231/815/3832
f 2194/760/3785 2231/815/3832 2229/813/3830
f 2201/769/3796 2217/785/3815 2221/794/3821
f 2218/787/3817 2214/781/3811 2210/777/3806
f 2208/775/3804 2210/777/3806 2214/781/3811
f 2213/780/3810 2208/775/3804 2214/781/3811
f 2223/796/3823 2209/776/3805 2208/775/3804
f 2222/795/3822 2221/794/3821 2210/777/3806
f 2201/769/3796 2221/794/3821 2220/793/3835
f 2224/797/3824 2208/775/3804 2213/780/3810
f 2216/327/3814 2197/820/3792 2213/821/3810
f 2219/822/3819 2195/823/3790 2197/824/3792
f 2213/825/3810 2081/826/3800 2216/827/3814
f 2177/828/3765 2219/829/3819 2206/830/3802
f 2177/831/3765 2206/832/3802 2088/833/3788
f 2088/834/3836 2206/772/3802 2205/771/3801
f 2216/784/3814 2206/772/3802 2219/835/3819
f 2196/764/3791 2224/797/3824 2197/765/3792
f 2208/775/3804 2224/797/3824 2223/796/3823
f 2174/9/3761 2182/9/3770 2185/9/3776
f 2187/756/3778 2067/836/3771 2080/729/3833
f 2182/9/3770 2174/9/3761 2077/9/3763
f 2067/836/3771 2187/756/3778 2183/804/3772
f 2188/757/3779 2187/756/3778 2080/729/3833
f 2225/798/3825 2178/753/3766 2177/752/3765
f 2233/9/3837 2234/9/3838 2099/9/3839
f 2234/9/3838 2106/9/3840 2099/9/3839
f 2234/9/3838 2233/9/3837 2235/9/3841
f 2236/837/3842 2237/838/3843 2233/839/3837
f 2238/840/3844 2239/841/3845 2235/842/3841
f 2236/837/3842 2233/839/3837 2099/716/3839
f 2238/840/3844 2235/842/3841 2233/839/3837
f 2240/843/3846 2241/844/3847 2089/698/3848
f 2237/838/3843 2242/845/3849 2243/846/3850
f 2244/9/3851 2245/9/3852 2240/9/3846
f 2108/738/3853 2246/847/3854 2240/843/3846
f 2247/9/3855 2244/9/3851 2246/9/3854
f 2240/9/3846 2246/9/3854 2244/9/3851
f 2248/848/3856 2242/849/3849 2245/850/3852
f 2236/837/3842 2241/844/3847 2237/838/3843
f 2237/838/3843 2245/851/3852 2242/845/3849
f 2248/9/3856 2244/9/3851 2247/9/3855
f 2241/844/3847 2098/715/3857 2089/698/3848
f 2108/738/3853 2240/843/3846 2089/698/3848
f 2241/844/3847 2240/843/3846 2245/851/3852
f 2248/9/3856 2245/9/3852 2244/9/3851
f 2237/838/3843 2241/844/3847 2245/851/3852
f 2238/840/3844 2237/838/3843 2243/846/3850
f 2237/838/3843 2238/840/3844 2233/839/3837
f 2239/841/3845 2238/840/3844 2243/846/3850
f 2099/716/3839 2098/715/3857 2236/837/3842
f 2241/852/3847 2236/853/3842 2098/854/3857
f 2249/9/3858 2250/9/3859 2251/9/3860
f 2252/9/3861 2253/9/3862 2254/9/3863
f 2154/9/3864 2128/9/3865 2249/9/3858
f 2123/9/3866 2255/9/3867 2171/9/3868
f 2256/9/3869 2128/9/3865 2147/9/3870
f 2257/9/3871 2256/9/3869 2258/9/3872
f 2157/9/3873 2144/9/3874 2259/9/3875
f 2253/9/3862 2260/9/3876 2261/9/3877
f 2262/9/3878 2263/9/3879 2259/9/3875
f 2264/9/3880 2252/9/3861 2254/9/3863
f 2158/9/3881 2258/9/3872 2147/9/3870
f 2256/9/3869 2252/9/3861 2249/9/3858
f 2253/9/3862 2261/9/3877 2254/9/3882
f 2265/9/3883 2259/9/3875 2144/9/3874
f 2266/9/3884 2267/9/3885 2263/9/3879
f 2260/9/3876 2257/9/3871 2268/9/3886
f 2252/9/3861 2256/9/3869 2253/9/3862
f 2264/9/3880 2250/9/3859 2252/9/3861
f 2269/9/3887 2270/9/3888 2271/9/3889
f 2249/9/3858 2252/9/3861 2250/9/3859
f 2272/9/3890 2273/9/3891 2274/9/3892
f 2275/9/3893 2276/9/3894 2277/9/3895
f 2267/9/3885 2278/9/3896 2157/9/3897
f 2279/9/3898 2266/9/3884 2262/9/3878
f 2253/9/3862 2257/9/3871 2260/9/3876
f 2280/9/3899 2275/9/3893 2281/9/3900
f 2268/9/3886 2266/9/3884 2279/9/3898
f 2282/9/3901 2262/9/3878 2280/9/3899
f 2170/9/3902 2116/9/3903 2283/9/3904
f 2256/9/3869 2257/9/3871 2253/9/3862
f 2151/9/3905 2130/9/3906 2284/9/3907
f 2284/9/3907 2130/9/3906 2285/9/3908
f 2116/9/3903 2286/9/3909 2283/9/3904
f 2256/9/3869 2147/9/3870 2258/9/3872
f 2171/9/3868 2285/9/3908 2130/9/3906
f 2257/9/3871 2266/9/3884 2268/9/3886
f 2287/9/3910 2123/9/3866 2122/9/3911
f 2288/9/3912 2273/9/3891 2289/9/3913
f 2122/9/3911 2290/9/3914 2287/9/3910
f 2291/9/3915 2276/9/3894 2283/9/3904
f 2151/9/3905 2284/9/3907 2286/9/3909
f 2287/9/3910 2292/9/3916 2255/9/3867
f 2292/9/3916 2271/9/3889 2270/9/3888
f 2173/9/3917 2078/9/3787 2175/9/3762
f 2122/9/3911 2173/9/3917 2290/9/3914
f 2272/9/3890 2274/9/3892 2293/9/3918
f 2276/9/3894 2291/9/3915 2277/9/3895
f 2144/9/3874 2170/9/3902 2265/9/3883
f 2294/9/3919 2295/9/3920 2287/9/3910
f 2288/9/3912 2296/9/3921 2297/9/3922
f 2290/9/3914 2298/9/3923 2294/9/3919
f 2299/9/3924 2271/9/3889 2292/9/3916
f 2255/9/3867 2285/9/3908 2171/9/3868
f 2300/9/3925 2301/9/3926 2179/9/3767
f 2302/9/3927 2298/9/3923 2290/9/3914
f 2116/9/3903 2151/9/3905 2286/9/3909
f 2301/9/3926 2298/9/3923 2302/9/3927
f 2303/9/3928 2304/9/3929 2294/9/3919
f 2170/9/3902 2283/9/3904 2265/9/3883
f 2291/9/3915 2297/9/3922 2296/9/3921
f 2128/9/3865 2256/9/3869 2249/9/3858
f 2175/9/3762 2193/9/3784 2302/9/3927
f 2266/9/3884 2257/9/3871 2258/9/3872
f 2301/9/3926 2302/9/3927 2193/9/3784
f 2173/9/3917 2175/9/3762 2302/9/3927
f 2290/9/3914 2173/9/3917 2302/9/3927
f 2179/9/3767 2301/9/3926 2193/9/3784
f 2301/9/3926 2300/9/3925 2298/9/3923
f 2300/9/3925 2303/9/3928 2298/9/3923
f 2290/9/3914 2294/9/3919 2287/9/3910
f 2298/9/3923 2303/9/3928 2294/9/3919
f 2299/9/3930 2295/9/3920 2304/9/3929
f 2304/9/3929 2295/9/3920 2294/9/3919
f 2299/9/3924 2292/9/3916 2295/9/3920
f 2292/9/3916 2287/9/3910 2295/9/3920
f 2262/9/3878 2259/9/3875 2280/9/3899
f 2282/9/3901 2279/9/3898 2262/9/3878
f 2263/9/3879 2262/9/3878 2266/9/3884
f 2267/9/3885 2158/9/3881 2278/9/3896
f 2157/9/3873 2259/9/3875 2263/9/3879
f 2267/9/3885 2258/9/3872 2158/9/3881
f 2263/9/3879 2267/9/3885 2157/9/3873
f 2258/9/3872 2267/9/3885 2266/9/3884
f 2265/9/3883 2280/9/3899 2259/9/3875
f 2282/9/3901 2280/9/3899 2281/9/3900
f 2276/9/3894 2280/9/3899 2265/9/3883
f 2280/9/3899 2276/9/3894 2275/9/3893
f 2283/9/3904 2276/9/3894 2265/9/3883
f 2297/9/3922 2291/9/3915 2283/9/3904
f 2296/9/3921 2277/9/3895 2291/9/3915
f 2283/9/3904 2286/9/3909 2297/9/3922
f 2286/9/3909 2273/9/3891 2288/9/3912
f 2284/9/3907 2274/9/3892 2273/9/3891
f 2272/9/3890 2289/9/3913 2273/9/3891
f 2286/9/3909 2284/9/3907 2273/9/3891
f 2296/9/3921 2288/9/3912 2289/9/3913
f 2286/9/3909 2288/9/3912 2297/9/3922
f 2284/9/3907 2285/9/3908 2274/9/3892
f 2274/9/3892 2269/9/3887 2293/9/3918
f 2270/9/3888 2274/9/3892 2285/9/3908
f 2274/9/3892 2270/9/3888 2269/9/3887
f 2292/9/3916 2270/9/3888 2285/9/3908
f 2287/9/3910 2255/9/3867 2123/9/3866
f 2285/9/3908 2255/9/3867 2292/9/3916
f 2251/9/3860 2154/9/3931 2249/9/3858
f 2305/9/3932 2306/9/3933 2307/9/3934
f 2149/9/3935 2139/9/3936 2308/9/3937
f 2246/847/3854 2307/855/3934 2247/856/3855
f 2149/744/3935 2309/857/3938 2108/738/3939
f 2305/9/3932 2310/9/3940 2308/9/3937
f 2305/9/3932 2311/9/3941 2306/9/3933
f 2312/9/3942 2308/9/3937 2139/9/3936
f 2139/9/3936 2313/9/3943 2312/9/3942
f 2247/858/3855 2307/859/3934 2306/860/3933
f 2314/9/3944 2315/9/3945 2311/9/3941
f 2312/9/3942 2314/9/3944 2305/9/3932
f 2309/857/3938 2310/861/3940 2246/847/3854
f 2305/9/3932 2307/9/3934 2310/9/3940
f 2308/862/3937 2310/407/3940 2149/863/3935
f 2308/9/3937 2312/9/3942 2305/9/3932
f 2246/847/3854 2310/861/3940 2307/855/3934
f 2309/857/3938 2149/744/3935 2310/861/3940
f 2305/9/3932 2314/9/3944 2311/9/3941
f 2312/9/3942 2316/9/3946 2314/9/3944
f 2315/9/3945 2314/9/3944 2316/9/3946
f 2313/9/3943 2139/9/3936 2150/9/3947
f 2313/9/3943 2316/9/3946 2312/9/3942
f 2317/864/3948 2318/865/3948 2319/866/3948
f 2320/867/3949 2321/868/3949 2322/869/3949
f 2323/9/3950 2179/9/3951 2181/9/3952
f 2191/9/3953 2324/9/3953 2192/9/3953
f 2325/9/3954 2181/9/3954 2192/9/3954
f 2326/870/3955 2327/871/3955 2328/872/3955
f 2329/9/3956 2330/9/3957 2331/9/3958
f 2232/873/3959 2329/874/3959 2191/875/3959
f 2332/876/3960 2325/877/3960 2333/878/3960
f 2334/9/3961 2335/9/3961 2336/9/3961
f 2337/879/3962 2230/880/3962 2199/881/3962
f 2338/882/3963 2339/883/3963 2340/884/3963
f 2248/848/3964 2247/858/3965 2341/885/3965
f 2209/9/3966 2342/9/3966 2220/9/3966
f 2343/9/3967 2342/9/3967 2344/9/3968
f 2345/9/3969 2346/9/3969 2335/9/3969
f 2347/886/3970 2195/887/3970 2228/888/3970
f 2348/889/3971 2349/890/3971 2350/891/3971
f 2337/9/3972 2351/9/3973 2352/9/3974
f 2223/9/3975 2353/9/3975 2344/9/3975
f 2354/9/3976 2355/9/3976 2319/9/3976
f 2325/9/3977 2323/9/3977 2181/9/3977
f 2356/892/3978 2357/893/3978 2338/882/3978
f 2358/894/3979 2359/895/3979 2360/896/3979
f 2355/897/3980 2361/898/3980 2362/899/3980
f 2345/9/3981 2335/9/3981 2363/9/3981
f 2364/900/3982 2321/868/3982 2320/867/3982
f 2336/9/3983 2365/9/3983 2334/9/3983
f 2366/9/3984 2367/9/3984 2368/9/3984
f 2326/870/3985 2369/901/3985 2370/902/3985
f 2371/903/3986 2372/904/3986 2373/905/3986
f 2374/906/3987 2375/907/3987 2376/908/3987
f 2317/9/3988 2377/9/3988 2335/9/3988
f 2378/909/3989 2379/910/3989 2380/911/3989
f 2381/912/3990 2382/913/3990 2383/914/3990
f 2384/9/3991 2385/9/3991 2332/9/3991
f 2361/898/3992 2386/915/3992 2387/916/3992
f 2354/9/3993 2386/9/3993 2355/9/3993
f 2383/914/3994 2388/917/3994 2381/912/3994
f 2389/9/3995 2368/9/3995 2367/9/3995
f 2390/918/3996 2391/919/3996 2392/920/3996
f 2321/868/3997 2379/910/3997 2378/909/3997
f 2327/871/3998 2393/921/3998 2394/922/3998
f 2349/890/3999 2395/923/3999 2396/924/3999
f 2397/925/4000 2387/916/4000 2398/926/4000
f 2399/9/4001 2400/9/4001 2401/9/4001
f 2369/901/4002 2364/900/4002 2320/867/4002
f 2334/9/4003 2402/9/4003 2372/9/4003
f 2403/927/4004 2382/913/4004 2358/928/4004
f 2328/872/4005 2404/929/4005 2405/930/4005
f 2228/9/4006 2198/9/4006 2406/9/4006
f 2396/924/4007 2407/931/4007 2408/932/4007
f 2402/9/4008 2334/9/4008 2365/9/4008
f 2406/9/4009 2409/9/4009 2347/9/4009
f 2331/9/3958 2330/9/3957 2410/9/4010
f 2411/933/4011 2412/934/4011 2413/935/4011
f 2414/936/4012 2382/913/4012 2403/927/4012
f 2359/895/4013 2347/937/4013 2360/896/4013
f 2415/9/4014 2392/9/4014 2416/9/4014
f 2403/9/4015 2358/9/4015 2399/9/4015
f 2212/938/4016 2330/939/4016 2232/873/4016
f 2199/881/4017 2220/940/4017 2351/941/4017
f 2396/924/4018 2408/932/4018 2417/942/4018
f 2243/943/4019 2418/944/4019 2239/945/4019
f 2419/946/4020 2418/944/4020 2242/849/4020
f 2420/947/4021 2421/948/4021 2380/949/4021
f 2349/890/4022 2348/889/4022 2395/923/4022
f 2195/9/4023 2353/9/4023 2223/9/4023
f 2419/946/4024 2242/849/4024 2248/848/4024
f 2418/944/4025 2422/950/4026 2401/951/4027
f 2423/952/4028 2421/953/4028 2424/954/4028
f 2195/9/4029 2347/9/4029 2353/9/4029
f 2374/955/4030 2425/956/4030 2426/957/4030
f 2427/9/4031 2417/9/4031 2403/9/4031
f 2428/958/4032 2393/921/4032 2327/871/4032
f 2321/868/4033 2378/909/4033 2322/869/4033
f 2357/893/4034 2429/959/4034 2338/882/4034
f 2364/900/4035 2405/930/4035 2379/910/4035
f 2430/9/4036 2431/9/4036 2432/9/4036
f 2430/9/4037 2433/9/4037 2431/9/4037
f 2427/9/4038 2403/9/4039 2399/9/4040
f 2434/9/4041 2435/9/4041 2436/9/4041
f 2352/9/4042 2392/9/4042 2437/9/4042
f 2322/869/4043 2378/909/4043 2433/960/4043
f 2435/9/4044 2438/9/4045 2436/9/4045
f 2439/961/4046 2440/962/4046 2340/884/4046
f 2441/9/4047 2324/9/4047 2329/9/4047
f 2439/961/4048 2340/884/4048 2339/883/4048
f 2422/950/4049 2418/944/4049 2419/946/4049
f 2442/963/4050 2356/892/4050 2340/884/4050
f 2443/964/4051 2381/912/4051 2388/917/4051
f 2429/959/4052 2357/893/4052 2421/948/4052
f 2444/9/4053 2339/9/4053 2445/9/4053
f 2393/965/4054 2428/966/4054 2397/925/4054
f 2446/9/4055 2447/9/4055 2448/9/4055
f 2398/967/4056 2449/968/4056 2393/445/4056
f 2434/969/4057 2450/970/4057 2451/971/4057
f 2419/946/4058 2452/972/4058 2422/950/4058
f 2339/883/4059 2453/973/4059 2439/961/4059
f 2347/9/4060 2228/9/4060 2406/9/4060
f 2385/9/4061 2454/9/4061 2332/9/4062
f 2230/880/4063 2337/879/4063 2410/974/4063
f 2433/960/4064 2378/909/4064 2423/975/4064
f 2359/9/4065 2455/9/4065 2353/9/4065
f 2456/9/4066 2344/9/4066 2353/9/4066
f 2220/9/4067 2342/9/4067 2351/9/4067
f 2447/9/4068 2331/9/4068 2448/9/4068
f 2401/9/4069 2427/9/4038 2399/9/4040
f 2349/9/4070 2427/9/4070 2422/9/4070
f 2387/976/4071 2386/977/4071 2398/865/4071
f 2393/978/4072 2449/979/4072 2457/980/4072
f 2331/9/4073 2458/9/4074 2329/9/4075
f 2325/877/4076 2441/981/4076 2333/878/4076
f 2248/848/4077 2341/885/4077 2419/946/4077
f 2452/982/4078 2419/983/4078 2341/984/4078
f 2459/9/4079 2411/9/4079 2413/9/4079
f 2335/9/4080 2334/9/4080 2318/9/4080
f 2460/985/4081 2461/986/4081 2462/987/4081
f 2412/9/4082 2373/9/4082 2463/9/4082
f 2332/9/4083 2464/9/4083 2384/9/4083
f 2325/9/4084 2332/9/4084 2454/9/4084
f 2464/988/4085 2332/989/4085 2333/990/4085
f 2451/9/4086 2465/9/4086 2434/9/4086
f 2362/899/4087 2363/991/4087 2377/992/4087
f 2355/993/4088 2317/994/4088 2319/995/4088
f 2418/944/4025 2401/951/4027 2400/996/4089
f 2427/9/4090 2401/9/4090 2422/9/4090
f 2391/919/4091 2390/918/4091 2426/957/4091
f 2352/9/3974 2437/9/4092 2337/9/3972
f 2464/9/4093 2333/9/4093 2459/9/4094
f 2463/9/4095 2402/9/4096 2466/9/4097
f 2380/997/4098 2467/998/4098 2468/999/4098
f 2416/9/4099 2469/9/4099 2415/9/4099
f 2453/9/4100 2339/9/4100 2444/9/4100
f 2453/973/4101 2470/1000/4101 2439/961/4101
f 2445/1001/4102 2339/883/4102 2338/882/4102
f 2368/1002/4103 2467/47/4103 2471/1003/4103
f 2376/9/4104 2415/9/4104 2469/9/4104
f 2209/1004/4105 2223/1005/4105 2344/1006/4105
f 2351/9/4106 2342/9/3967 2343/9/3967
f 2402/9/4107 2365/9/4108 2472/9/4109
f 2239/945/4110 2418/944/4110 2400/996/4110
f 2418/944/4111 2243/943/4111 2242/849/4111
f 2344/9/4112 2342/9/4112 2209/9/4112
f 2456/9/4113 2353/9/4113 2455/9/4113
f 2351/9/4114 2343/9/4114 2352/9/4114
f 2199/881/4115 2351/941/4115 2337/879/4115
f 2416/9/4116 2352/9/4116 2343/9/4116
f 2352/9/4117 2416/9/4117 2392/9/4117
f 2375/1007/4118 2374/955/4118 2426/957/4118
f 2446/9/4119 2437/9/4119 2392/9/4119
f 2374/1008/4120 2404/929/4120 2425/1009/4120
f 2446/1010/4121 2473/1011/4121 2411/933/4121
f 2391/919/4122 2426/957/4122 2474/1012/4122
f 2411/9/4123 2459/9/4123 2447/9/4123
f 2474/1012/4124 2425/956/4124 2475/1013/4124
f 2462/987/4125 2475/1013/4125 2460/985/4125
f 2354/9/4126 2319/9/4126 2476/9/4126
f 2411/933/4127 2461/986/4127 2412/934/4127
f 2344/9/4128 2456/9/4128 2343/9/4128
f 2416/1014/4129 2456/1015/4129 2469/1016/4129
f 2455/1017/4130 2443/964/4130 2469/1016/4130
f 2366/1018/4131 2376/1019/4131 2469/1020/4131
f 2469/1020/4132 2443/1021/4132 2366/1018/4132
f 2477/1022/4133 2368/1023/4133 2471/1024/4133
f 2442/963/4134 2340/884/4134 2440/962/4134
f 2356/892/4135 2338/882/4135 2340/884/4135
f 2423/975/4136 2380/911/4136 2421/1025/4136
f 2396/924/4137 2395/923/4137 2407/931/4137
f 2427/9/4138 2349/9/4138 2396/9/4138
f 2452/972/4139 2349/890/4139 2422/950/4139
f 2451/1026/4140 2478/1027/4140 2407/1028/4140
f 2479/1029/4141 2395/923/4141 2480/1030/4141
f 2318/1031/4142 2371/903/4142 2319/1032/4142
f 2476/1033/4143 2481/1034/4143 2449/1035/4143
f 2389/1036/4144 2467/1037/4144 2368/1038/4144
f 2380/949/4145 2468/1039/4145 2420/947/4145
f 2458/9/4094 2459/9/4094 2333/9/4093
f 2411/933/4146 2447/1040/4146 2446/1010/4146
f 2371/903/4147 2476/1033/4147 2319/1032/4147
f 2460/985/4148 2476/1033/4148 2482/1041/4148
f 2405/930/4149 2364/900/4149 2328/872/4149
f 2376/1042/4150 2368/1023/4150 2477/1022/4150
f 2469/1016/4151 2456/1015/4151 2455/1017/4151
f 2416/9/4152 2343/9/4152 2456/9/4152
f 2429/959/4153 2445/1001/4153 2338/882/4153
f 2483/1043/4154 2436/1044/4154 2445/1001/4154
f 2436/1044/4155 2483/1043/4155 2434/969/4155
f 2445/9/4156 2436/9/4156 2444/9/4156
f 2444/9/4157 2436/9/4045 2438/9/4045
f 2450/970/4158 2434/969/4158 2483/1043/4158
f 2429/959/4159 2450/970/4159 2483/1043/4159
f 2451/9/4160 2479/9/4160 2465/9/4160
f 2465/9/4161 2435/9/4161 2434/9/4161
f 2478/1045/4162 2450/1046/4162 2484/1047/4162
f 2479/9/4163 2480/9/4163 2485/9/4163
f 2407/1048/4164 2479/1049/4164 2451/1050/4164
f 2451/971/4165 2450/970/4165 2478/1051/4165
f 2407/1052/4166 2478/1053/4166 2408/1054/4166
f 2484/1055/4167 2486/1056/4167 2478/1051/4167
f 2486/1057/4168 2487/1058/4169 2408/932/4170
f 2486/1057/4168 2408/932/4170 2478/1059/4171
f 2417/9/4172 2427/9/4172 2396/9/4172
f 2488/9/4173 2457/9/4173 2449/9/4173
f 2425/9/4174 2488/9/4174 2475/9/4174
f 2341/885/4175 2350/891/4175 2452/972/4175
f 2349/890/4176 2452/972/4176 2350/891/4176
f 2464/9/4177 2463/9/4095 2466/9/4097
f 2384/9/4178 2489/9/4178 2490/9/4178
f 2371/903/4179 2318/1031/4179 2372/904/4179
f 2476/1033/4180 2371/903/4180 2482/1041/4180
f 2334/9/4181 2372/9/4181 2318/9/4181
f 2402/9/4182 2463/9/4182 2372/9/4182
f 2355/1060/4183 2362/1061/4183 2377/1062/4183
f 2335/9/4184 2318/9/4184 2317/9/4184
f 2335/9/4185 2377/9/4185 2363/9/4185
f 2355/993/4186 2377/1063/4186 2317/994/4186
f 2395/1064/4187 2348/1065/4187 2480/1066/4187
f 2355/1067/4188 2386/1068/4188 2361/1069/4188
f 2398/9/4189 2386/9/4189 2354/9/4189
f 2354/9/4190 2476/9/4190 2449/9/4190
f 2397/1070/4191 2398/1071/4191 2393/1072/4191
f 2354/9/4192 2449/9/4192 2398/9/4192
f 2449/9/4193 2481/9/4193 2488/9/4193
f 2481/1034/4194 2460/985/4194 2475/1013/4194
f 2394/9/4195 2488/9/4195 2425/9/4195
f 2481/9/4196 2475/9/4196 2488/9/4196
f 2474/1012/4197 2475/1013/4197 2462/987/4197
f 2476/1033/4198 2460/985/4198 2481/1034/4198
f 2461/986/4199 2460/985/4199 2482/1041/4199
f 2412/934/4200 2461/986/4200 2482/1041/4200
f 2473/1011/4201 2461/986/4201 2411/933/4201
f 2373/905/4202 2412/934/4202 2482/1041/4202
f 2463/9/4203 2464/9/4203 2413/9/4203
f 2371/903/4204 2373/905/4204 2482/1041/4204
f 2463/9/4205 2373/9/4205 2372/9/4205
f 2463/9/4206 2413/9/4206 2412/9/4206
f 2464/9/4207 2459/9/4207 2413/9/4207
f 2458/9/4208 2447/9/4208 2459/9/4208
f 2331/9/4209 2410/9/4209 2448/9/4209
f 2381/1073/4210 2455/1074/4210 2359/1075/4210
f 2443/1021/4211 2388/1076/4211 2366/1018/4211
f 2455/1017/4212 2381/912/4212 2443/964/4212
f 2358/1077/4213 2382/1078/4213 2359/1079/4213
f 2382/913/4214 2414/936/4214 2383/914/4214
f 2359/1080/4215 2382/913/4215 2381/912/4215
f 2367/9/4216 2366/9/4216 2388/9/4216
f 2368/1081/4217 2376/1082/4217 2366/1083/4217
f 2383/9/4218 2367/9/4218 2388/9/4218
f 2389/9/4219 2367/9/4219 2486/9/4219
f 2468/1039/4220 2486/1056/4220 2484/1055/4220
f 2389/1084/4221 2468/1085/4221 2467/1086/4221
f 2380/1087/4222 2379/1088/4222 2467/1089/4222
f 2471/1090/4223 2467/1091/4223 2379/1092/4223
f 2379/1093/4224 2405/1094/4224 2471/1095/4224
f 2477/1096/4225 2405/930/4225 2374/1008/4225
f 2405/1094/4226 2477/1097/4226 2471/1095/4226
f 2374/1098/4227 2376/1099/4227 2477/236/4227
f 2414/936/4228 2487/1058/4228 2383/914/4228
f 2367/9/4229 2383/9/4229 2486/9/4229
f 2486/1056/4230 2468/1039/4230 2389/1100/4230
f 2420/947/4231 2484/1055/4231 2429/959/4231
f 2408/932/4232 2487/1058/4232 2414/936/4232
f 2486/1101/4233 2383/1102/4233 2487/1103/4233
f 2488/9/4234 2394/9/4234 2457/9/4234
f 2393/1104/4235 2457/1105/4235 2394/980/4235
f 2328/872/4236 2327/871/4236 2394/922/4236
f 2428/958/4237 2327/871/4237 2370/902/4237
f 2328/872/4238 2394/922/4238 2404/929/4238
f 2326/870/4239 2364/900/4239 2369/901/4239
f 2327/871/4240 2326/870/4240 2370/902/4240
f 2364/900/4241 2326/870/4241 2328/872/4241
f 2425/1009/4242 2404/929/4242 2394/922/4242
f 2374/1008/4243 2405/930/4243 2404/929/4243
f 2232/873/4244 2330/939/4244 2329/874/4244
f 2212/938/4245 2230/880/4245 2410/974/4245
f 2410/974/4246 2330/939/4246 2212/938/4246
f 2437/9/4247 2410/9/4248 2337/9/4249
f 2410/9/4248 2437/9/4247 2448/9/4250
f 2446/9/4251 2448/9/4251 2437/9/4251
f 2458/9/4252 2331/9/4252 2447/9/4252
f 2441/9/4253 2458/9/4253 2333/9/4253
f 2408/932/4254 2414/936/4254 2417/942/4254
f 2403/927/4255 2417/942/4255 2414/936/4255
f 2462/987/4256 2473/1011/4256 2391/919/4256
f 2425/956/4257 2474/1012/4257 2426/957/4257
f 2462/987/4258 2391/919/4258 2474/1012/4258
f 2446/1106/4259 2392/1107/4259 2391/1108/4259
f 2392/9/4260 2415/9/4260 2390/9/4260
f 2375/9/4261 2390/9/4261 2415/9/4261
f 2360/9/4262 2347/9/4262 2409/9/4262
f 2353/9/4263 2347/9/4263 2359/9/4263
f 2325/9/4264 2454/9/4264 2323/9/4264
f 2346/9/4265 2345/9/4265 2491/9/4265
f 2346/9/4266 2336/9/4266 2335/9/4266
f 2379/910/4267 2321/868/4267 2364/900/4267
f 2424/9/4268 2431/9/4268 2433/9/4268
f 2380/911/4269 2423/975/4269 2378/909/4269
f 2424/954/4270 2433/1109/4270 2423/952/4270
f 2322/869/4271 2433/960/4271 2430/1110/4271
f 2324/9/4272 2325/9/4272 2192/9/4272
f 2458/9/4074 2441/9/4273 2329/9/4075
f 2329/9/4274 2324/9/4274 2191/9/4274
f 2325/9/4275 2324/9/4275 2441/9/4275
f 2390/918/4276 2375/1007/4276 2426/957/4276
f 2489/9/4277 2402/9/4107 2472/9/4109
f 2376/9/4278 2375/9/4278 2415/9/4278
f 2391/990/4279 2473/1111/4279 2446/1112/4279
f 2461/986/4280 2473/1011/4280 2462/987/4280
f 2450/970/4281 2429/959/4281 2484/1055/4281
f 2429/959/4282 2483/1043/4282 2445/1001/4282
f 2484/1055/4283 2420/947/4283 2468/1039/4283
f 2421/948/4284 2420/947/4284 2429/959/4284
f 2395/923/4285 2479/1029/4285 2407/931/4285
f 2465/9/4163 2479/9/4163 2485/9/4163
f 2489/9/4286 2466/9/4286 2402/9/4286
f 2464/9/4287 2466/9/4287 2384/9/4287
f 2489/9/4288 2384/9/4288 2466/9/4288
f 2490/9/4178 2385/9/4289 2384/9/4178
f 2492/9/4290 2279/9/4290 2493/9/4290
f 2494/9/4291 2495/9/4291 2496/9/4291
f 2497/9/4292 2498/9/4292 2499/9/4292
f 2500/9/4293 2497/9/4293 2499/9/4293
f 2501/9/4294 2502/9/4294 2503/9/4294
f 2499/9/4295 2311/9/4295 2315/9/4295
f 2502/9/4296 2501/9/4296 2504/9/4296
f 2497/9/4297 2503/9/4297 2505/9/4297
f 2506/9/4298 2507/9/4298 2508/9/4298
f 2277/9/4299 2509/9/4299 2510/9/4299
f 2511/9/4300 2264/9/4300 2254/9/4300
f 2293/9/4301 2512/9/4301 2513/9/4301
f 2470/9/4302 2453/9/4302 2514/9/4302
f 2511/9/4303 2254/9/4303 2515/9/4303
f 2497/9/4304 2500/9/4304 2503/9/4304
f 2516/9/4305 2517/9/4305 2518/9/4305
f 2517/9/4306 2260/9/4306 2519/9/4306
f 2520/9/4307 2521/9/4307 2522/9/4307
f 2465/9/4308 2523/9/4308 2524/9/4308
f 2525/9/4309 2504/9/4309 2501/9/4309
f 2526/9/4310 2527/9/4310 2528/9/4310
f 2529/9/4311 2435/9/4311 2527/9/4311
f 2530/9/4312 2531/9/4312 2532/9/4312
f 2500/9/4313 2533/9/4313 2501/9/4313
f 2534/9/4314 2535/9/4314 2514/9/4314
f 2529/9/4315 2527/9/4315 2536/9/4315
f 2537/9/4316 2527/9/4316 2538/9/4316
f 2539/9/4317 2502/9/4317 2504/9/4317
f 2540/9/4318 2541/9/4319 2542/9/4320
f 2514/9/4321 2453/9/4321 2536/9/4321
f 2534/9/4322 2514/9/4322 2543/9/4322
f 2544/9/4323 2545/9/4323 2546/9/4323
f 2547/9/4324 2548/9/4324 2549/9/4324
f 2550/9/4325 2551/9/4325 2552/9/4325
f 2553/9/4326 2554/9/4326 2555/9/4326
f 2556/9/4327 2536/9/4327 2537/9/4327
f 2538/9/4328 2557/9/4328 2558/9/4328
f 2254/9/4329 2517/9/4329 2515/9/4329
f 2559/9/4330 2555/9/4331 2365/9/4332
f 2560/9/4333 2561/9/4333 2562/9/4333
f 2515/9/4334 2516/9/4334 2563/9/4334
f 2561/9/4335 2558/9/4335 2564/9/4335
f 2557/9/4336 2565/9/4336 2564/9/4336
f 2311/1113/4337 2498/1114/4337 2306/860/4337
f 2566/9/4338 2567/9/4338 2568/9/4338
f 2493/9/4339 2279/9/4339 2281/9/4339
f 2539/9/4340 2504/9/4340 2569/9/4340
f 2512/9/4341 2293/9/4341 2271/9/4341
f 2518/9/4342 2517/9/4342 2519/9/4342
f 2562/9/4343 2564/9/4343 2565/9/4343
f 2279/9/4344 2492/9/4344 2268/9/4344
f 2563/9/4345 2516/9/4345 2533/9/4345
f 2570/9/4346 2493/9/4346 2510/9/4347
f 2501/9/4348 2516/9/4348 2525/9/4348
f 2571/9/4349 2572/9/4349 2573/9/4349
f 2522/9/4350 2521/9/4350 2574/9/4350
f 2277/9/4351 2296/9/4351 2509/9/4351
f 2525/9/4352 2575/9/4352 2504/9/4352
f 2519/9/4353 2260/9/4353 2268/9/4353
f 2492/9/4354 2576/9/4354 2577/9/4354
f 2578/9/4355 2579/9/4355 2580/9/4355
f 2581/9/4356 2582/9/4356 2583/9/4357
f 2271/9/4358 2299/9/4358 2584/9/4358
f 2542/9/4320 2513/9/4359 2540/9/4318
f 2454/9/4360 2585/9/4360 2586/9/4360
f 2518/9/4361 2525/9/4361 2516/9/4361
f 2587/9/4362 2512/9/4363 2584/9/4364
f 2588/9/4365 2532/9/4365 2589/9/4365
f 2590/9/4366 2545/9/4366 2544/9/4366
f 2300/9/4367 2179/9/3951 2323/9/3950
f 2454/9/4061 2385/9/4061 2591/9/4368
f 2299/9/4369 2303/9/4369 2582/9/4369
f 2551/9/4370 2550/9/4370 2592/9/4370
f 2509/9/4371 2541/9/4371 2593/9/4371
f 2549/9/4372 2594/9/4372 2547/9/4372
f 2594/9/4373 2572/9/4373 2547/9/4373
f 2570/9/4374 2510/9/4374 2595/9/4374
f 2506/9/4375 2596/9/4375 2597/9/4375
f 2596/9/4376 2598/9/4376 2599/9/4376
f 2600/9/4377 2552/9/4377 2551/9/4377
f 2601/9/4378 2602/9/4378 2531/9/4378
f 2603/9/4379 2600/9/4379 2551/9/4379
f 2557/9/4380 2590/9/4380 2604/9/4380
f 2505/1115/4381 2348/889/4381 2350/891/4381
f 2600/9/4382 2603/9/4382 2507/9/4382
f 2508/9/4383 2596/9/4383 2506/9/4383
f 2303/9/4384 2300/9/4384 2583/9/4384
f 2495/9/4385 2494/9/4385 2605/9/4385
f 2306/860/4386 2498/1114/4386 2341/885/4386
f 2527/9/4387 2537/9/4387 2536/9/4387
f 2606/9/4388 2599/9/4388 2598/9/4388
f 2607/9/4389 2336/9/4389 2346/9/4389
f 2597/9/4390 2608/9/4390 2609/9/4390
f 2497/1116/4391 2350/891/4391 2341/885/4391
f 2567/9/4392 2610/9/4392 2611/9/4392
f 2612/9/4393 2607/9/4393 2346/9/4393
f 2613/9/4394 2609/9/4394 2614/9/4394
f 2336/9/4395 2559/9/4395 2365/9/4395
f 2615/9/4396 2616/9/4396 2554/9/4396
f 2501/9/4397 2533/9/4397 2516/9/4397
f 2617/9/4398 2618/9/4398 2554/9/4398
f 2604/9/4399 2590/9/4399 2544/9/4399
f 2615/9/4400 2554/9/4400 2618/9/4400
f 2585/9/4401 2615/9/4401 2619/9/4401
f 2296/9/4402 2289/9/4402 2542/9/4402
f 2247/858/3965 2306/860/4403 2341/885/3965
f 2595/9/4404 2510/9/4405 2509/9/4406
f 2524/9/4407 2527/9/4407 2435/9/4407
f 2620/9/4408 2575/9/4408 2621/9/4408
f 2622/9/4409 2518/9/4409 2623/9/4409
f 2569/9/4410 2575/9/4410 2620/9/4410
f 2581/9/4411 2583/9/4411 2586/9/4411
f 2584/9/4412 2299/9/4412 2582/9/4412
f 2624/9/4413 2584/9/4413 2581/9/4413
f 2546/9/4414 2523/9/4414 2620/9/4414
f 2625/9/4415 2502/9/4415 2539/9/4415
f 2577/9/4416 2576/9/4416 2623/9/4416
f 2552/9/4417 2571/9/4417 2550/9/4417
f 2626/9/4418 2603/9/4418 2551/9/4418
f 2300/9/4419 2323/9/4419 2583/9/4419
f 2323/9/4420 2454/9/4420 2586/9/4420
f 2614/9/4421 2609/9/4421 2608/9/4421
f 2491/9/4422 2613/9/4422 2612/9/4422
f 2549/9/4423 2565/9/4423 2627/9/4423
f 2621/9/4424 2544/9/4424 2546/9/4424
f 2568/9/4425 2628/9/4425 2566/9/4425
f 2499/9/4426 2498/9/4426 2311/9/4426
f 2341/885/4427 2498/1114/4427 2497/1116/4427
f 2627/9/4428 2628/9/4428 2568/9/4428
f 2573/9/4429 2594/9/4429 2629/9/4429
f 2598/9/4430 2596/9/4430 2630/9/4430
f 2608/9/4431 2596/9/4431 2599/9/4431
f 2607/9/4432 2631/9/4432 2559/9/4432
f 2612/9/4433 2614/9/4434 2607/9/4435
f 2525/9/4436 2622/9/4436 2575/9/4436
f 2621/9/4437 2575/9/4437 2632/9/4437
f 2622/9/4438 2574/9/4438 2632/9/4438
f 2628/9/4439 2633/9/4439 2566/9/4439
f 2518/9/4440 2622/9/4440 2525/9/4440
f 2622/9/4441 2634/9/4441 2574/9/4441
f 2522/9/4442 2580/9/4442 2579/9/4442
f 2633/9/4443 2521/9/4443 2566/9/4443
f 2635/9/4444 2576/9/4444 2570/9/4444
f 2636/9/4445 2637/9/4445 2610/9/4445
f 2573/9/4446 2550/9/4446 2571/9/4446
f 2551/9/4447 2592/9/4447 2638/9/4447
f 2626/9/4448 2638/9/4448 2601/9/4448
f 2508/9/4449 2603/9/4449 2630/9/4449
f 2637/9/4450 2495/9/4450 2602/9/4450
f 2611/9/4451 2638/9/4451 2592/9/4451
f 2281/9/4452 2277/9/4452 2510/9/4452
f 2492/9/4453 2493/9/4346 2570/9/4346
f 2510/9/4454 2493/9/4454 2281/9/4454
f 2595/9/4404 2509/9/4406 2593/9/4455
f 2576/9/4456 2492/9/4456 2570/9/4456
f 2268/9/4457 2492/9/4457 2519/9/4457
f 2496/9/4458 2595/9/4458 2593/9/4458
f 2635/9/4459 2634/9/4459 2576/9/4459
f 2494/9/4460 2496/9/4460 2593/9/4460
f 2636/9/4461 2496/9/4461 2495/9/4461
f 2639/9/4462 2593/9/4462 2541/9/4462
f 2640/9/4463 2641/9/4463 2587/9/4463
f 2605/9/4464 2589/9/4464 2532/9/4464
f 2642/9/4465 2598/9/4465 2643/9/4465
f 2583/9/4466 2582/9/4466 2303/9/4466
f 2584/9/4467 2582/9/4356 2581/9/4356
f 2619/9/4468 2644/9/4468 2624/9/4468
f 2271/9/4469 2584/9/4469 2512/9/4469
f 2640/9/4470 2587/9/4470 2644/9/4470
f 2540/9/4471 2512/9/4471 2587/9/4471
f 2645/9/4472 2646/9/4473 2640/9/4474
f 2647/9/4475 2639/9/4475 2646/9/4475
f 2555/9/4331 2489/9/4476 2472/9/4477
f 2532/9/4478 2648/9/4478 2530/9/4478
f 2515/9/4479 2517/9/4479 2516/9/4479
f 2260/9/4480 2517/9/4480 2254/9/4480
f 2635/9/4481 2570/9/4481 2595/9/4481
f 2634/9/4482 2622/9/4482 2623/9/4482
f 2595/9/4483 2496/9/4483 2635/9/4483
f 2578/9/4484 2496/9/4484 2579/9/4484
f 2524/9/4485 2528/9/4485 2527/9/4485
f 2581/9/4486 2586/9/4486 2585/9/4486
f 2603/9/4487 2508/9/4487 2507/9/4487
f 2596/9/4488 2508/9/4488 2630/9/4488
f 2596/9/4489 2608/9/4489 2597/9/4489
f 2614/9/4490 2608/9/4490 2599/9/4490
f 2588/9/4491 2618/9/4491 2617/9/4491
f 2553/9/4492 2648/9/4492 2617/9/4492
f 2594/9/4493 2573/9/4493 2572/9/4493
f 2550/9/4494 2573/9/4494 2629/9/4494
f 2565/9/4495 2549/9/4495 2548/9/4495
f 2594/9/4496 2549/9/4496 2627/9/4496
f 2562/9/4497 2565/9/4497 2548/9/4497
f 2627/9/4498 2565/9/4498 2557/9/4498
f 2561/9/4499 2564/9/4499 2562/9/4499
f 2558/9/4500 2557/9/4500 2564/9/4500
f 2606/9/4501 2559/9/4501 2631/9/4501
f 2616/9/4502 2555/9/4502 2554/9/4502
f 2559/9/4503 2553/9/4503 2555/9/4503
f 2648/9/4504 2642/9/4504 2530/9/4504
f 2643/9/4505 2598/9/4505 2630/9/4505
f 2598/9/4506 2642/9/4506 2606/9/4506
f 2601/9/4507 2643/9/4507 2630/9/4507
f 2530/9/4508 2642/9/4508 2643/9/4508
f 2626/9/4509 2630/9/4509 2603/9/4509
f 2601/9/4510 2638/9/4510 2602/9/4510
f 2638/9/4511 2611/9/4511 2637/9/4511
f 2605/9/4512 2602/9/4512 2495/9/4512
f 2643/9/4513 2601/9/4513 2531/9/4513
f 2648/9/4514 2532/9/4514 2588/9/4514
f 2617/9/4515 2648/9/4515 2588/9/4515
f 2553/9/4516 2642/9/4516 2648/9/4516
f 2588/9/4517 2645/9/4517 2618/9/4517
f 2553/9/4518 2617/9/4518 2554/9/4518
f 2619/9/4519 2618/9/4519 2644/9/4519
f 2618/9/4520 2619/9/4520 2615/9/4520
f 2624/9/4521 2644/9/4521 2587/9/4521
f 2581/9/4522 2585/9/4522 2619/9/4522
f 2585/9/4523 2591/9/4523 2615/9/4523
f 2591/9/4524 2490/9/4524 2616/9/4524
f 2616/9/4525 2615/9/4525 2591/9/4525
f 2555/9/4526 2616/9/4526 2489/9/4526
f 2584/9/4364 2624/9/4527 2587/9/4362
f 2581/9/4528 2619/9/4528 2624/9/4528
f 2642/9/4529 2553/9/4529 2606/9/4529
f 2559/9/4530 2606/9/4530 2553/9/4530
f 2550/9/4531 2629/9/4531 2592/9/4531
f 2520/9/4532 2567/9/4532 2566/9/4532
f 2629/9/4533 2611/9/4533 2592/9/4533
f 2637/9/4534 2611/9/4534 2610/9/4534
f 2611/9/4535 2629/9/4535 2567/9/4535
f 2568/9/4536 2567/9/4536 2629/9/4536
f 2610/9/4537 2649/9/4537 2636/9/4537
f 2638/9/4538 2637/9/4538 2602/9/4538
f 2629/9/4539 2594/9/4539 2568/9/4539
f 2627/9/4540 2568/9/4540 2594/9/4540
f 2627/9/4541 2604/9/4541 2628/9/4541
f 2628/9/4542 2604/9/4542 2633/9/4542
f 2544/9/4543 2621/9/4543 2633/9/4543
f 2521/9/4544 2621/9/4544 2574/9/4544
f 2621/9/4545 2521/9/4545 2633/9/4545
f 2580/9/4546 2522/9/4546 2574/9/4546
f 2557/9/4547 2604/9/4547 2627/9/4547
f 2633/9/4548 2604/9/4548 2544/9/4548
f 2557/9/4549 2538/9/4549 2590/9/4549
f 2545/9/4550 2526/9/4550 2528/9/4550
f 2526/9/4551 2590/9/4551 2538/9/4551
f 2546/9/4552 2545/9/4552 2528/9/4552
f 2579/9/4553 2649/9/4553 2522/9/4553
f 2521/9/4554 2520/9/4554 2566/9/4554
f 2523/9/4555 2546/9/4555 2528/9/4555
f 2621/9/4556 2546/9/4556 2620/9/4556
f 2649/9/4557 2520/9/4557 2522/9/4557
f 2567/9/4558 2520/9/4558 2610/9/4558
f 2574/9/4559 2634/9/4559 2580/9/4559
f 2578/9/4560 2634/9/4560 2635/9/4560
f 2590/9/4561 2526/9/4561 2545/9/4561
f 2527/9/4562 2526/9/4562 2538/9/4562
f 2454/9/4563 2591/9/4563 2585/9/4563
f 2556/9/4564 2543/9/4564 2514/9/4564
f 2634/9/4565 2578/9/4565 2580/9/4565
f 2496/9/4566 2578/9/4566 2635/9/4566
f 2631/9/4567 2607/9/4435 2614/9/4434
f 2559/9/4568 2336/9/4568 2607/9/4568
f 2614/9/4569 2599/9/4569 2631/9/4569
f 2606/9/4570 2631/9/4570 2599/9/4570
f 2636/9/4571 2649/9/4571 2579/9/4571
f 2520/9/4572 2649/9/4572 2610/9/4572
f 2496/9/4573 2636/9/4573 2579/9/4573
f 2637/9/4574 2636/9/4574 2495/9/4574
f 2465/9/4575 2485/9/4575 2523/9/4575
f 2523/9/4576 2528/9/4576 2524/9/4576
f 2491/9/4577 2612/9/4577 2346/9/4577
f 2613/9/4578 2614/9/4578 2612/9/4578
f 2509/9/4579 2296/9/4579 2542/9/4579
f 2639/9/4580 2541/9/4580 2540/9/4580
f 2293/9/4581 2513/9/4581 2289/9/4581
f 2509/9/4582 2542/9/4320 2541/9/4319
f 2639/9/4583 2540/9/4583 2641/9/4583
f 2593/9/4584 2639/9/4584 2494/9/4584
f 2638/9/4585 2626/9/4585 2551/9/4585
f 2630/9/4586 2626/9/4586 2601/9/4586
f 2531/9/4587 2530/9/4587 2643/9/4587
f 2605/9/4588 2531/9/4588 2602/9/4588
f 2490/9/4589 2591/9/4589 2385/9/4589
f 2490/9/4590 2489/9/4590 2616/9/4590
f 2529/9/4591 2536/9/4591 2453/9/4591
f 2514/9/4592 2535/9/4592 2470/9/4592
f 2556/9/4593 2514/9/4593 2536/9/4593
f 2501/9/4594 2503/9/4594 2500/9/4594
f 2505/9/4595 2503/9/4595 2502/9/4595
f 2348/9/4596 2505/9/4596 2502/9/4596
f 2497/1116/4597 2505/1115/4597 2350/891/4597
f 2625/9/4598 2485/9/4598 2480/9/4598
f 2348/9/4599 2502/9/4599 2625/9/4599
f 2323/9/4600 2586/9/4600 2583/9/4600
f 2539/9/4601 2620/9/4601 2523/9/4601
f 2504/9/4602 2575/9/4602 2569/9/4602
f 2620/9/4603 2539/9/4603 2569/9/4603
f 2625/9/4604 2539/9/4604 2523/9/4604
f 2485/9/4605 2625/9/4605 2523/9/4605
f 2348/9/4598 2625/9/4598 2480/9/4598
f 2622/9/4606 2632/9/4606 2575/9/4606
f 2574/9/4607 2621/9/4607 2632/9/4607
f 2589/9/4608 2647/9/4608 2646/9/4608
f 2605/9/4609 2532/9/4609 2531/9/4609
f 2647/9/4610 2605/9/4610 2494/9/4610
f 2589/9/4611 2646/9/4473 2645/9/4472
f 2605/9/4612 2647/9/4612 2589/9/4612
f 2639/9/4613 2647/9/4613 2494/9/4613
f 2645/9/4614 2640/9/4614 2644/9/4614
f 2641/9/4615 2640/9/4615 2646/9/4615
f 2639/9/4616 2641/9/4616 2646/9/4616
f 2587/9/4617 2641/9/4617 2540/9/4617
f 2618/9/4618 2645/9/4618 2644/9/4618
f 2645/9/4619 2588/9/4619 2589/9/4619
f 2577/9/4620 2518/9/4620 2519/9/4620
f 2634/9/4621 2623/9/4621 2576/9/4621
f 2518/9/4622 2577/9/4622 2623/9/4622
f 2492/9/4623 2577/9/4623 2519/9/4623
f 2524/9/4624 2435/9/4624 2465/9/4624
f 2365/9/4332 2555/9/4331 2472/9/4477
f 2540/9/4318 2513/9/4359 2512/9/4625
f 2289/9/4626 2513/9/4626 2542/9/4626
f 2650/1117/4627 2363/991/4628 2362/899/4629
f 2651/1118/4630 2652/1119/4631 2650/1117/4627
f 2653/1120/4632 2363/991/4628 2650/1117/4627
f 2363/991/4628 2653/1120/4632 2345/1121/4633
f 2654/1122/4634 2655/1123/4635 2651/1118/4630
f 2656/1124/4636 2345/1121/4633 2653/1120/4632
f 2397/925/4637 2428/966/4638 2657/1125/4639
f 2370/1126/4640 2658/1127/4641 2659/1128/4642
f 2397/925/4637 2657/1125/4639 2660/1129/4643
f 2361/898/4644 2655/1123/4635 2654/1122/4634
f 2387/916/4645 2655/1123/4635 2361/898/4644
f 2362/899/4629 2654/1122/4634 2650/1117/4627
f 2653/1120/4632 2661/1130/4646 2656/1124/4636
f 2662/1131/4647 2659/1128/4642 2658/1127/4641
f 2652/1119/4631 2653/1120/4632 2650/1117/4627
f 2663/9/4648 2661/9/4646 2664/9/4649
f 2665/1132/4650 2666/1133/4651 2667/1134/4652
f 2661/1130/4646 2653/1120/4632 2652/1119/4631
f 2491/1135/4653 2345/1121/4633 2656/1124/4636
f 2656/9/4636 2661/9/4646 2663/9/4648
f 2668/1136/4654 2669/1137/4655 2670/1138/4656
f 2671/1139/4657 2672/1140/4658 2651/1118/4630
f 2320/1141/4659 2667/1142/4652 2673/1143/4660
f 2664/1144/4649 2661/1145/4646 2674/498/4661
f 2675/1146/4662 2652/1119/4631 2651/1118/4630
f 2322/1147/4663 2430/1148/4664 2665/1132/4650
f 2676/1149/4665 2677/1150/4666 2678/1151/4667
f 2669/1137/4655 2671/1139/4657 2660/1129/4643
f 2669/1137/4655 2662/1131/4647 2670/1138/4656
f 2674/1152/4661 2652/1119/4631 2675/1146/4662
f 2370/1126/4640 2369/1153/4668 2658/1127/4641
f 2661/1130/4646 2652/1119/4631 2674/1152/4661
f 2322/1154/4663 2667/1142/4652 2320/1141/4659
f 2430/1148/4664 2679/1155/4669 2665/1132/4650
f 2666/1133/4651 2665/1132/4650 2680/1156/4670
f 2667/1142/4652 2681/1157/4671 2673/1143/4660
f 2671/1139/4657 2651/1118/4630 2655/1123/4635
f 2682/1158/4672 2679/1155/4669 2683/1159/4673
f 2683/1159/4673 2679/1155/4669 2432/1160/4674
f 2684/1161/4675 2678/1151/4667 2677/1150/4666
f 2662/1131/4647 2685/1162/4676 2670/1138/4656
f 2686/1163/4677 2687/1164/4678 2681/1165/4671
f 2684/1161/4675 2682/1158/4672 2688/1166/4679
f 2688/1166/4679 2678/1151/4667 2684/1161/4675
f 2680/1156/4670 2689/1167/4680 2666/1133/4651
f 2682/1158/4672 2680/1156/4670 2679/1155/4669
f 2654/1122/4634 2651/1118/4630 2650/1117/4627
f 2690/1168/4681 2678/1151/4667 2691/1169/4682
f 2681/1165/4671 2666/1133/4651 2686/1163/4677
f 2687/1170/4678 2692/1171/4683 2681/1157/4671
f 2362/899/4629 2361/898/4644 2654/1122/4634
f 2684/1161/4675 2689/1167/4680 2680/1156/4670
f 2666/1133/4651 2689/1167/4680 2686/1163/4677
f 2428/966/4638 2370/1126/4640 2659/1128/4642
f 2690/1168/4681 2693/1172/4684 2694/1173/4685
f 2651/1118/4630 2672/1140/4658 2675/1146/4662
f 2676/1149/4665 2694/1173/4685 2695/1174/4686
f 2678/1151/4667 2694/1173/4685 2676/1149/4665
f 2430/1148/4664 2432/1160/4674 2679/1155/4669
f 2660/1129/4643 2657/1125/4639 2669/1137/4655
f 2659/1128/4642 2662/1131/4647 2657/1125/4639
f 2678/1151/4667 2688/1166/4679 2691/1169/4682
f 2694/1173/4685 2678/1151/4667 2690/1168/4681
f 2679/1155/4669 2680/1156/4670 2665/1132/4650
f 2692/1171/4683 2662/1131/4647 2658/1127/4641
f 2687/1170/4678 2685/1162/4676 2692/1171/4683
f 2428/966/4638 2659/1128/4642 2657/1125/4639
f 2322/1154/4663 2665/1175/4650 2667/1142/4652
f 2671/1139/4657 2669/1137/4655 2668/1136/4654
f 2662/1131/4647 2669/1137/4655 2657/1125/4639
f 2672/1140/4658 2671/1139/4657 2668/1136/4654
f 2671/1139/4657 2655/1123/4635 2660/1129/4643
f 2655/1123/4635 2387/916/4645 2660/1129/4643
f 2397/925/4637 2660/1129/4643 2387/916/4645
f 2662/1131/4647 2692/1171/4683 2685/1162/4676
f 2673/1143/4660 2681/1157/4671 2692/1171/4683
f 2673/1143/4660 2692/1171/4683 2658/1127/4641
f 2681/1165/4671 2667/1134/4652 2666/1133/4651
f 2658/1127/4641 2369/1153/4668 2673/1143/4660
f 2320/1141/4659 2673/1143/4660 2369/1153/4668
f 2689/1167/4680 2684/1161/4675 2677/1150/4666
f 2682/1158/4672 2684/1161/4675 2680/1156/4670
f 2696/1176/4687 2440/1177/4688 2697/1178/4689
f 2440/1177/4690 2698/1179/4691 2697/1178/4692
f 2698/1180/4691 2440/1181/4690 2699/1182/4693
f 2440/962/4690 2439/961/4694 2699/1183/4693
f 2697/1178/4689 2442/495/4687 2696/1176/4687
f 2439/1184/4694 2470/1185/4695 2700/1186/4696
f 2439/1184/4694 2700/1186/4696 2701/1187/4697
f 2439/1184/4694 2701/1187/4697 2702/1188/4698
f 2701/1187/4697 2700/1186/4696 2703/1189/4699
f 2439/1184/4694 2702/1188/4698 2699/1182/4693
f 2560/9/4700 2562/9/4701 2704/9/4702
f 2705/9/4703 2706/9/4704 2707/9/4705
f 2708/9/4706 2709/9/4707 2710/9/4708
f 2711/9/4709 2706/9/4704 2705/9/4703
f 2704/9/4702 2708/9/4706 2712/9/4710
f 2713/9/4711 2547/9/4712 2714/9/4713
f 2715/9/4714 2548/9/4715 2713/9/4711
f 2716/9/4716 2717/9/4717 2718/9/4718
f 2719/1190/4719 2710/1191/4708 2720/1192/4720
f 2507/9/4721 2721/9/4722 2722/9/4723
f 2704/9/4702 2715/9/4714 2709/9/4707
f 2705/9/4703 2571/9/4724 2552/9/4725
f 2723/9/4726 2724/9/4727 2725/9/4728
f 2571/9/4724 2707/9/4705 2572/9/4729
f 2693/1172/4684 2726/1193/4730 2694/1173/4685
f 2711/9/4709 2727/9/4731 2728/9/4732
f 2719/1190/4719 2695/1174/4686 2694/1173/4685
f 2711/9/4709 2705/9/4703 2729/9/4733
f 2726/1193/4730 2710/1191/4708 2694/1173/4685
f 2705/9/4703 2707/9/4705 2571/9/4724
f 2717/9/4717 2730/9/4734 2731/9/4735
f 2715/9/4714 2725/9/4728 2732/9/4736
f 2710/1191/4708 2726/1193/4730 2733/1194/4737
f 2694/1173/4685 2710/1191/4708 2719/1190/4719
f 2613/9/4738 2734/9/4739 2609/9/4740
f 2725/9/4728 2724/9/4727 2735/9/4741
f 2597/9/4742 2736/9/4743 2737/9/4744
f 2732/9/4736 2720/9/4720 2709/9/4707
f 2572/9/4729 2714/9/4713 2547/9/4712
f 2725/9/4728 2715/9/4714 2713/9/4711
f 2707/9/4705 2723/9/4726 2714/9/4713
f 2731/9/4735 2718/9/4718 2717/9/4717
f 2507/9/4721 2722/9/4723 2600/9/4745
f 2738/9/4746 2731/9/4735 2730/9/4734
f 2600/9/4745 2729/9/4733 2552/9/4725
f 2731/9/4735 2738/9/4746 2722/9/4723
f 2721/9/4722 2507/9/4721 2506/9/4747
f 2600/9/4745 2722/9/4723 2729/9/4733
f 2739/9/4748 2734/9/4739 2656/9/4636
f 2506/9/4747 2597/9/4742 2737/9/4744
f 2736/9/4743 2597/9/4742 2609/9/4740
f 2737/9/4744 2721/9/4722 2506/9/4747
f 2731/9/4735 2721/9/4722 2737/9/4744
f 2722/9/4723 2721/9/4722 2731/9/4735
f 2718/9/4718 2737/9/4744 2736/9/4743
f 2613/9/4738 2491/9/4653 2656/9/4636
f 2723/9/4726 2706/9/4704 2740/9/4749
f 2722/9/4723 2738/9/4746 2729/9/4733
f 2740/9/4749 2724/9/4727 2723/9/4726
f 2729/9/4733 2705/9/4703 2552/9/4725
f 2720/9/4720 2710/9/4708 2709/9/4707
f 2723/9/4726 2707/9/4705 2706/9/4704
f 2739/9/4748 2741/9/4750 2742/9/4751
f 2707/9/4705 2714/9/4713 2572/9/4729
f 2560/9/4700 2704/9/4702 2712/9/4710
f 2731/9/4735 2737/9/4744 2718/9/4718
f 2743/9/4752 2739/9/4748 2742/9/4751
f 2562/9/4701 2548/9/4715 2715/9/4714
f 2708/1195/4706 2710/1191/4708 2733/1194/4737
f 2738/9/4746 2727/9/4731 2711/9/4709
f 2664/9/4753 2742/9/4751 2741/9/4750
f 2725/9/4728 2735/9/4741 2732/9/4736
f 2723/9/4726 2725/9/4728 2713/9/4711
f 2727/9/4731 2738/9/4746 2730/9/4734
f 2743/9/4752 2718/9/4718 2736/9/4743
f 2728/9/4732 2740/9/4749 2706/9/4704
f 2711/9/4709 2729/9/4733 2738/9/4746
f 2706/9/4704 2711/9/4709 2728/9/4732
f 2547/9/4712 2713/9/4711 2548/9/4715
f 2713/9/4711 2714/9/4713 2723/9/4726
f 2743/9/4752 2742/9/4751 2716/9/4716
f 2656/9/4636 2741/9/4750 2739/9/4748
f 2736/9/4743 2609/9/4740 2734/9/4739
f 2656/9/4636 2734/9/4739 2613/9/4738
f 2736/9/4743 2734/9/4739 2739/9/4748
f 2715/9/4714 2704/9/4702 2562/9/4701
f 2708/9/4706 2704/9/4702 2709/9/4707
f 2720/9/4720 2732/9/4736 2735/9/4741
f 2715/9/4714 2732/9/4736 2709/9/4707
f 2739/9/4748 2743/9/4752 2736/9/4743
f 2716/9/4716 2718/9/4718 2743/9/4752
f 2744/1196/4754 2700/1186/4696 2535/1197/4755
f 2744/1196/4754 2703/1189/4699 2700/1186/4696
f 2700/1186/4696 2470/1185/4695 2535/1197/4755
f 2534/9/4756 2543/9/4757 2745/9/4758
f 2534/9/4756 2746/9/4759 2535/9/4755
f 2746/9/4759 2534/9/4756 2745/9/4758
f 2535/1197/4755 2746/1198/4759 2744/1196/4754
f 2664/1144/4760 2674/498/4760 2747/1081/4760
f 2676/9/4761 2748/9/4762 2749/9/4763
f 2747/9/4764 2674/9/4764 2750/9/4764
f 2751/1199/4765 2752/1200/4765 2753/1201/4765
f 2672/1202/4766 2668/1203/4767 2754/1204/4768
f 2755/1205/4769 2756/1206/4769 2689/1167/4769
f 2757/9/4770 2675/9/4770 2672/9/4770
f 2672/9/4766 2754/9/4768 2757/9/4771
f 2750/9/4772 2758/9/4772 2759/9/4772
f 2754/9/4773 2760/9/4773 2757/9/4773
f 2761/1207/4774 2760/1208/4774 2754/1209/4774
f 2762/1210/4775 2668/1203/4775 2670/1211/4775
f 2763/9/4776 2759/9/4776 2758/9/4776
f 2750/9/4777 2675/9/4777 2757/9/4777
f 2747/9/4778 2750/9/4778 2759/9/4778
f 2674/9/4779 2675/9/4779 2750/9/4779
f 2764/1212/4780 2765/1213/4780 2766/1214/4780
f 2758/9/4781 2750/9/4781 2767/9/4781
f 2685/1215/4782 2687/1164/4782 2768/1216/4782
f 2760/9/4783 2767/9/4783 2757/9/4783
f 2761/1207/4784 2769/1217/4784 2760/1208/4784
f 2670/1211/4785 2770/1218/4786 2762/1210/4787
f 2771/9/4788 2761/9/4788 2762/9/4788
f 2772/9/4789 2773/9/4789 2756/9/4789
f 2670/1211/4785 2685/1215/4790 2770/1218/4786
f 2758/1219/4791 2767/1220/4791 2774/1221/4791
f 2768/1216/4792 2770/1218/4786 2685/1215/4790
f 2769/1217/4793 2761/1207/4793 2775/1222/4793
f 2761/9/4794 2771/9/4794 2775/9/4794
f 2686/1163/4795 2776/1223/4796 2687/1164/4797
f 2676/9/4761 2777/9/4798 2748/9/4762
f 2776/1223/4799 2756/1206/4799 2773/1224/4799
f 2749/9/4800 2772/9/4800 2755/9/4800
f 2767/1220/4801 2760/1208/4801 2774/1221/4801
f 2756/1206/4802 2686/1163/4802 2689/1167/4802
f 2769/1217/4803 2774/1221/4803 2760/1208/4803
f 2778/9/4804 2771/9/4804 2770/9/4804
f 2777/9/4805 2676/9/4805 2695/9/4805
f 2752/1225/4806 2751/1226/4806 2768/1227/4806
f 2752/1225/4807 2776/1228/4807 2779/1229/4807
f 2754/1204/4768 2668/1203/4767 2762/1210/4808
f 2766/9/4809 2780/9/4809 2772/9/4809
f 2768/1227/4810 2751/1226/4810 2770/1230/4810
f 2771/9/4811 2762/9/4811 2770/9/4811
f 2781/9/4812 2765/9/4812 2748/9/4812
f 2771/9/4813 2782/9/4813 2775/9/4813
f 2776/1223/4814 2686/1163/4814 2756/1206/4814
f 2783/9/4815 2765/9/4815 2781/9/4815
f 2755/1205/4816 2689/1167/4816 2677/1150/4816
f 2772/9/4817 2749/9/4817 2764/9/4817
f 2781/9/4818 2748/9/4818 2777/9/4818
f 2773/9/4819 2772/9/4819 2780/9/4819
f 2779/1231/4820 2780/1232/4820 2784/1233/4820
f 2778/1234/4821 2751/1199/4821 2782/1235/4821
f 2762/1236/4822 2761/1207/4822 2754/1209/4822
f 2687/1164/4797 2776/1223/4796 2768/1216/4823
f 2757/9/4824 2767/9/4824 2750/9/4824
f 2752/1225/4825 2768/1227/4825 2776/1228/4825
f 2782/1235/4826 2751/1199/4826 2753/1201/4826
f 2779/1231/4827 2776/1237/4827 2773/1238/4827
f 2784/1233/4828 2753/1201/4828 2752/1200/4828
f 2780/1232/4829 2779/1231/4829 2773/1238/4829
f 2784/1233/4830 2752/1200/4830 2779/1231/4830
f 2677/1150/4831 2676/1149/4831 2749/1239/4831
f 2756/9/4832 2755/9/4832 2772/9/4832
f 2677/1150/4833 2749/1239/4833 2755/1205/4833
f 2764/9/4834 2749/9/4834 2748/9/4834
f 2765/9/4835 2764/9/4835 2748/9/4835
f 2772/9/4836 2764/9/4836 2766/9/4836
f 2751/1226/4837 2778/1240/4837 2770/1230/4837
f 2782/9/4838 2771/9/4838 2778/9/4838
f 2777/9/4839 2695/9/4839 2719/9/4839
f 2785/9/4840 2786/9/4840 2787/9/4840
f 2788/9/4841 2789/9/4841 2790/9/4841
f 2777/9/4842 2719/9/4842 2791/9/4842
f 2735/9/4843 2724/9/4844 2790/9/4845
f 2786/9/4846 2792/9/4846 2787/9/4846
f 2793/9/4847 2720/9/4847 2735/9/4847
f 2789/9/4848 2794/9/4848 2795/9/4848
f 2791/9/4849 2785/9/4849 2781/9/4849
f 2796/9/4850 2794/9/4850 2797/9/4850
f 2798/9/4851 2789/9/4851 2795/9/4851
f 2788/9/4852 2724/9/4852 2740/9/4852
f 2781/9/4853 2785/9/4853 2783/9/4853
f 2777/9/4854 2791/9/4854 2781/9/4854
f 2740/9/4855 2797/9/4856 2788/9/4857
f 2742/9/4858 2799/9/4859 2800/9/4860
f 2728/9/4861 2727/9/4861 2801/9/4861
f 2785/9/4862 2791/9/4862 2786/9/4862
f 2802/9/4863 2803/9/4863 2717/9/4863
f 2792/9/4864 2786/9/4864 2793/9/4864
f 2789/9/4865 2798/9/4865 2792/9/4865
f 2794/9/4866 2804/9/4866 2795/9/4866
f 2794/9/4867 2789/9/4867 2788/9/4867
f 2790/9/4868 2792/9/4868 2793/9/4868
f 2740/9/4855 2728/9/4869 2797/9/4856
f 2805/9/4870 2806/9/4870 2807/9/4870
f 2801/9/4871 2797/9/4856 2728/9/4869
f 2808/9/4872 2803/9/4872 2809/9/4872
f 2810/9/4873 2811/9/4873 2812/9/4873
f 2730/9/4874 2808/9/4875 2727/9/4876
f 2742/9/4858 2747/9/4877 2799/9/4859
f 2794/9/4878 2788/9/4878 2797/9/4878
f 2800/9/4879 2813/9/4879 2802/9/4879
f 2809/9/4880 2813/9/4880 2811/9/4880
f 2803/9/4881 2730/9/4881 2717/9/4881
f 2790/9/4845 2724/9/4844 2788/9/4882
f 2808/9/4883 2730/9/4883 2803/9/4883
f 2747/9/4884 2742/9/4884 2664/9/4884
f 2813/9/4885 2809/9/4885 2803/9/4885
f 2814/9/4886 2808/9/4886 2810/9/4886
f 2789/9/4887 2792/9/4887 2790/9/4887
f 2807/9/4888 2811/9/4888 2813/9/4888
f 2801/9/4889 2815/9/4889 2797/9/4889
f 2802/9/4890 2717/9/4890 2716/9/4890
f 2759/9/4891 2806/9/4891 2799/9/4891
f 2719/1190/4892 2720/1192/4892 2791/1241/4892
f 2727/9/4876 2808/9/4875 2801/9/4893
f 2763/9/4894 2806/9/4894 2759/9/4894
f 2735/9/4843 2790/9/4845 2793/9/4895
f 2813/9/4896 2800/9/4896 2805/9/4896
f 2759/9/4897 2799/9/4897 2747/9/4897
f 2791/9/4898 2720/9/4898 2793/9/4898
f 2814/9/4899 2815/9/4899 2801/9/4899
f 2796/9/4900 2815/9/4900 2804/9/4900
f 2798/9/4901 2787/9/4901 2792/9/4901
f 2815/9/4902 2814/9/4902 2816/9/4902
f 2793/9/4903 2786/9/4903 2791/9/4903
f 2814/9/4904 2801/9/4904 2808/9/4904
f 2804/9/4905 2815/9/4905 2816/9/4905
f 2810/9/4906 2808/9/4906 2809/9/4906
f 2812/9/4907 2816/9/4907 2814/9/4907
f 2811/9/4908 2810/9/4908 2809/9/4908
f 2812/9/4909 2814/9/4909 2810/9/4909
f 2716/9/4910 2742/9/4910 2800/9/4910
f 2803/9/4911 2802/9/4911 2813/9/4911
f 2716/9/4912 2800/9/4912 2802/9/4912
f 2805/9/4913 2800/9/4913 2799/9/4913
f 2806/9/4914 2805/9/4914 2799/9/4914
f 2813/9/4915 2805/9/4915 2807/9/4915
f 2815/9/4916 2796/9/4916 2797/9/4916
f 2804/9/4917 2794/9/4917 2796/9/4917
f 2817/1242/4918 2758/1243/4919 2774/1244/4920
f 24/22/24 31/29/31 2818/1245/4921
f 2819/1246/4922 2820/1247/4923 2782/1248/4924
f 2821/1249/4925 2820/1247/4923 2822/1250/4926
f 2819/1246/4922 2818/1245/4921 2823/1251/4927
f 2817/1242/4918 2774/1244/4920 2824/1252/4928
f 2825/9/4929 3/9/3 2826/9/4930
f 2782/1253/4924 2820/294/4923 2775/1254/4931
f 2825/1255/4929 2817/1242/4918 2827/1256/4932
f 51/45/51 50/44/50 2828/1257/4933
f 2829/1258/4934 27/25/27 15/13/15
f 2763/1259/4935 2758/1243/4919 2830/1260/4936
f 11/9/4937 2825/9/4929 2826/9/4930
f 2817/1242/4918 2825/1255/4929 2830/1260/4936
f 3/3/3 2825/1255/4929 2827/1256/4932
f 2831/1261/4938 2832/1262/4939 2833/1263/4940
f 2775/1222/4931 2821/1264/4925 2769/1217/4941
f 2769/1265/4941 2824/1252/4928 2774/1244/4920
f 2829/1258/4934 2822/1250/4926 2820/1247/4923
f 2828/1257/4933 2834/1266/4942 2835/1267/4943
f 2753/1268/4944 2835/1267/4943 2819/1246/4922
f 2836/1269/4945 2835/1267/4943 2784/1270/4946
f 2836/1269/4945 2837/1271/4947 2828/1257/4933
f 2836/1269/4945 2784/1270/4946 2780/1272/4948
f 2838/1273/4949 2766/1274/4950 2765/1275/4951
f 2827/1256/4932 2839/1276/4952 47/41/47
f 2821/1249/4925 2824/1252/4928 2769/1265/4941
f 2780/1272/4948 2766/1274/4950 2837/1271/4947
f 2840/1277/4953 2837/1271/4947 2838/1273/4949
f 2765/1275/4951 2783/1278/4954 2831/1261/4938
f 2837/1271/4947 2766/1274/4950 2838/1273/4949
f 50/44/50 24/22/24 2834/1266/4942
f 2818/1245/4921 2819/1246/4922 2835/1267/4943
f 2827/1256/4932 2817/1242/4918 2824/1252/4928
f 2840/1277/4953 2841/1279/4955 48/42/48
f 2842/1280/4956 2837/1271/4947 2840/1277/4953
f 2753/1268/4944 2784/1270/4946 2835/1267/4943
f 2822/1250/4926 12/10/12 2839/1276/4952
f 2841/1279/4955 2843/1281/4957 48/42/48
f 2842/1280/4956 51/45/51 2828/1257/4933
f 2829/1258/4934 2823/1251/4927 27/25/27
f 2753/1268/4944 2819/1246/4922 2782/1248/4924
f 2818/1245/4921 2835/1267/4943 2834/1266/4942
f 2840/1277/4953 48/42/48 33/31/33
f 2823/1251/4927 2820/1247/4923 2819/1246/4922
f 2839/1276/4952 2824/1252/4928 2822/1250/4926
f 2827/1256/4932 47/41/47 28/26/28
f 2840/1277/4953 2838/1273/4949 2841/1279/4955
f 2842/1280/4956 2840/1277/4953 32/30/32
f 2824/1252/4928 2839/1276/4952 2827/1256/4932
f 2829/1258/4934 15/13/15 2822/1250/4926
f 12/10/12 2822/1250/4926 15/13/15
f 12/10/12 47/41/47 2839/1276/4952
f 2837/1271/4947 2842/1280/4956 2828/1257/4933
f 2842/1280/4956 32/30/32 51/45/51
f 50/44/50 2834/1266/4942 2828/1257/4933
f 11/9/4937 2844/9/4958 2825/9/4929
f 2830/1260/4936 2825/1255/4929 2844/1282/4958
f 2763/1259/4935 2830/1260/4936 2844/1282/4958
f 2758/1243/4919 2817/1242/4918 2830/1260/4936
f 2843/1281/4957 2841/1279/4955 2845/1283/4959
f 2831/1261/4938 2833/1263/4940 2765/1275/4951
f 2765/1275/4951 2833/1263/4940 2838/1273/4949
f 2833/1263/4940 2832/1262/4939 2845/1283/4959
f 2845/1283/4959 52/46/4960 2843/1281/4957
f 2838/1273/4949 2833/1263/4940 2841/1279/4955
f 2845/1283/4959 2841/1279/4955 2833/1263/4940
f 2820/1247/4923 2821/1249/4925 2775/1284/4931
f 2824/1252/4928 2821/1249/4925 2822/1250/4926
f 2837/1271/4947 2836/1269/4945 2780/1272/4948
f 2835/1267/4943 2836/1269/4945 2828/1257/4933
f 24/22/24 2818/1245/4921 2834/1266/4942
f 31/29/31 27/25/27 2823/1251/4927
f 2823/1251/4927 2818/1245/4921 31/29/31
f 2820/1247/4923 2823/1251/4927 2829/1258/4934
f 3/3/3 2827/1256/4932 28/26/28
f 33/31/33 32/30/32 2840/1277/4953
f 2846/1285/4961 2785/1286/4962 2787/1287/4963
f 90/9/91 81/9/82 2847/9/4964
f 2848/9/4965 2849/9/4966 2804/9/4967
f 2850/9/4968 2849/9/4966 2851/9/4969
f 2848/9/4965 2847/9/4964 2852/9/4970
f 2846/1285/4961 2787/1287/4963 2853/1288/4971
f 2854/9/4972 56/9/56 2855/9/4973
f 2804/9/4967 2849/9/4966 2795/9/4974
f 2854/1289/4972 2846/1285/4961 2856/1290/4975
f 98/9/99 97/9/98 2857/9/4976
f 2858/9/4977 76/9/77 66/9/66
f 2783/1291/4978 2785/1286/4962 2859/1292/4979
f 52/9/4980 2854/9/4972 2855/9/4973
f 2846/1285/4961 2854/1289/4972 2859/1292/4979
f 56/9/56 2854/9/4972 2856/9/4975
f 2860/1293/4981 2861/1294/4982 2844/1282/4958
f 2795/9/4974 2850/9/4968 2798/9/4983
f 2798/9/4983 2853/9/4971 2787/9/4963
f 2858/9/4977 2851/9/4969 2849/9/4966
f 2857/9/4976 2862/9/4984 2863/9/4985
f 2816/9/4986 2863/9/4985 2848/9/4965
f 2864/9/4987 2863/9/4985 2812/9/4988
f 2864/9/4987 2865/9/4989 2857/9/4976
f 2864/9/4987 2812/9/4988 2811/9/4990
f 2866/9/4991 2807/9/4992 2806/9/4993
f 2856/9/4975 2867/9/4994 94/9/95
f 2850/9/4968 2853/9/4971 2798/9/4983
f 2811/9/4990 2807/9/4992 2865/9/4989
f 2868/9/4995 2865/9/4989 2866/9/4991
f 2861/1294/4982 2763/1259/4935 2844/1282/4958
f 2865/9/4989 2807/9/4992 2866/9/4991
f 97/9/98 90/9/91 2862/9/4984
f 2847/9/4964 2848/9/4965 2863/9/4985
f 2856/1290/4975 2846/1285/4961 2853/1288/4971
f 11/9/4937 2869/9/4996 2860/9/4981
f 2870/9/4997 2865/9/4989 2868/9/4995
f 2868/9/4995 95/9/96 83/9/84
f 2851/9/4969 63/9/63 2867/9/4994
f 2860/9/4981 95/9/96 2868/9/4995
f 2870/9/4997 98/9/99 2857/9/4976
f 2858/9/4977 2852/9/4970 76/9/77
f 2816/9/4986 2848/9/4965 2804/9/4967
f 2847/9/4964 2863/9/4985 2862/9/4984
f 2816/9/4986 2812/9/4988 2863/9/4985
f 2852/9/4970 2849/9/4966 2848/9/4965
f 2867/9/4994 2853/9/4971 2851/9/4969
f 2856/1295/4975 94/58/95 77/62/78
f 2868/9/4995 2866/9/4991 2860/9/4981
f 2870/9/4997 2868/9/4995 82/9/83
f 2853/9/4971 2867/9/4994 2856/9/4975
f 2858/9/4977 66/9/66 2851/9/4969
f 63/9/63 2851/9/4969 66/9/66
f 63/9/63 94/9/95 2867/9/4994
f 2865/9/4989 2870/9/4997 2857/9/4976
f 2870/9/4997 82/9/83 98/9/99
f 97/9/98 2862/9/4984 2857/9/4976
f 52/1296/4980 2832/1297/4998 2854/1289/4972
f 2859/1292/4979 2854/1289/4972 2832/1297/4998
f 2783/1291/4978 2859/1292/4979 2832/1297/4998
f 2785/1286/4962 2846/1285/4961 2859/1292/4979
f 2861/9/4982 2860/9/4981 2866/9/4991
f 2869/9/4996 95/9/96 2860/9/4981
f 11/9/4937 2860/9/4981 2844/9/4958
f 2866/9/4991 2806/9/4993 2861/9/4982
f 2763/1259/4935 2861/1294/4982 2806/1298/4993
f 2849/9/4966 2850/9/4968 2795/9/4974
f 2853/9/4971 2850/9/4968 2851/9/4969
f 2865/9/4989 2864/9/4987 2811/9/4990
f 2863/9/4985 2864/9/4987 2857/9/4976
f 90/9/91 2847/9/4964 2862/9/4984
f 81/9/82 76/9/77 2852/9/4970
f 2852/9/4970 2847/9/4964 81/9/82
f 2849/9/4966 2852/9/4970 2858/9/4977
f 56/9/56 2856/9/4975 77/9/78
f 83/9/84 82/9/83 2868/9/4995
f 2871/1299/4999 2872/1300/4999 1842/1301/4999
f 2872/9/5000 2094/9/5000 2093/9/5000
f 2873/1302/5001 2874/1303/5002 1848/1304/5003
f 1851/9/5004 2875/9/5004 2876/9/5004
f 2877/1305/5005 2878/1306/5005 1852/1307/5005
f 2875/213/5006 1851/1308/5006 2878/1306/5006
f 2879/1309/5007 1845/1310/5007 2880/1311/5007
f 2876/9/5008 1847/9/5009 1851/9/5010
f 2881/9/5011 2882/9/5011 1839/9/5011
f 1853/1312/5012 2871/1299/5012 1842/1301/5012
f 1842/9/5013 2093/9/5013 1843/9/5013
f 2883/1313/5014 2884/1314/5015 1840/583/5016
f 2871/1299/5017 1853/1312/5018 2874/1303/5002
f 1848/1304/5003 2874/1303/5002 1853/1312/5018
f 1842/9/5019 2872/9/5019 2093/9/5019
f 2876/9/5008 2880/9/5020 1847/9/5009
f 1845/1310/5021 2879/1309/5021 1846/1315/5021
f 2879/1309/5022 2873/1302/5022 1846/1315/5022
f 1854/1316/5023 2885/1317/5024 1849/1318/5025
f 1849/1318/5026 2877/1305/5026 1852/1307/5026
f 2880/1311/5027 1845/1310/5027 1847/1319/5027
f 1848/1304/5028 1846/1315/5028 2873/1302/5028
f 1852/1307/5029 2878/1306/5029 1851/1308/5029
f 2877/1305/5030 1849/1318/5025 2885/1317/5024
f 1832/1320/5031 2886/1321/5031 1854/1316/5031
f 2881/9/5011 1839/9/5011 2887/9/5011
f 2888/1322/5032 1831/1323/5032 2882/1324/5032
f 2885/1317/5024 1854/1316/5023 2886/1321/5033
f 1814/545/5034 2889/1325/5035 2883/1313/5014
f 2890/9/5036 1656/9/5036 1602/9/5036
f 2884/1314/5037 2891/1326/5037 1841/1327/5037
f 1656/9/5038 2890/9/5038 1657/9/5038
f 1841/1327/5039 2891/1326/5039 1837/1328/5039
f 1839/1329/5040 1837/1328/5040 2887/1330/5040
f 2882/1324/5041 1831/1323/5041 1839/1331/5041
f 1832/1320/5042 1831/1323/5042 2888/1322/5042
f 2890/1332/5043 2889/1325/5044 1816/547/5045
f 2891/1326/5046 2887/1330/5046 1837/1328/5046
f 1840/583/5047 2884/1314/5047 1841/1327/5047
f 1814/545/5034 2883/1313/5014 1840/583/5016
f 2889/1325/5048 1814/545/5048 1816/547/5048
f 2890/1332/5043 1816/547/5045 1657/1333/5049
f 2888/1322/5050 2886/1321/5050 1832/1320/5050
f 2688/1334/5051 2892/1335/5051 2893/1336/5051
f 2894/1337/5052 2892/1335/5053 2682/1338/5052
f 2688/9/5054 2895/9/5054 2691/9/5054
f 2893/9/5055 2896/9/5055 2895/9/5055
f 2688/1334/5056 2682/1338/5056 2892/1335/5056
f 2431/9/5057 2424/9/5057 2897/9/5057
f 2688/9/5058 2893/9/5058 2895/9/5058
f 2683/9/5059 2431/9/5059 2897/9/5059
f 2682/1338/5060 2683/1339/5060 2897/1340/5060
f 2432/9/5061 2431/9/5061 2683/9/5061
f 2894/1337/5052 2682/1338/5052 2897/1340/5062
f 2898/9/5063 2406/9/5063 2178/9/5063
f 2406/9/5064 2198/9/5064 2178/9/5064
f 2898/9/5065 2409/9/5065 2406/9/5065
f 2104/9/5066 2084/9/5066 2898/9/5066
f 2104/9/5067 2178/9/5067 2105/9/5067
f 2898/9/5068 2178/9/5068 2104/9/5068
f 2899/1341/5069 2900/1342/5070 1743/1343/5071
f 2899/1341/5072 1750/1344/5072 1751/1345/5072
f 1750/1344/5073 2899/1341/5073 1744/1346/5073
f 2900/1347/5074 1741/1348/5074 1743/1349/5074
f 1732/1350/5075 1731/1351/5075 2901/1352/5075
f 1739/1353/5076 2902/1354/5077 1746/1355/5078
f 1746/1355/5079 2902/1354/5079 1731/1351/5079
f 1740/1356/5080 2900/1347/5081 2903/1357/5082
f 2901/1352/5083 1730/1358/5083 1732/1350/5083
f 2101/1359/5084 2102/1360/5084 1751/1345/5084
f 2102/1361/5085 2050/1362/5085 2899/1363/5085
f 2871/1364/5086 2050/1362/5086 2049/1365/5086
f 1738/1366/5087 1737/1367/5088 2904/1368/5089
f 2880/1369/5090 2903/1370/5090 2900/1371/5090
f 2101/1359/5091 1751/1345/5091 1753/1372/5091
f 2903/1370/5092 2880/1369/5092 2875/1373/5092
f 2094/9/5093 2871/9/5093 2049/9/5093
f 2102/1360/5094 2899/1341/5094 1751/1345/5094
f 2905/1374/5095 2904/1368/5089 1737/1367/5088
f 2884/1375/5096 2904/1376/5096 2887/1377/5096
f 2873/1378/5097 2900/1371/5097 2899/1363/5097
f 2899/1363/5098 2871/1364/5098 2873/1378/5098
f 2877/1379/5099 2902/1380/5099 2875/1373/5099
f 2050/1362/5100 2871/1364/5100 2899/1363/5100
f 1739/1353/5101 1740/1356/5101 2903/1357/5101
f 1743/1343/5071 1744/1346/5102 2899/1341/5069
f 2902/1380/5103 2903/1370/5103 2875/1373/5103
f 2905/1381/5104 2882/1382/5104 2887/1377/5104
f 2901/1383/5105 2902/1380/5105 2877/1379/5105
f 1738/1366/5106 2904/1368/5106 1734/1384/5106
f 2906/1385/5107 2905/1374/5108 1733/1386/5109
f 1737/1367/5110 1733/1386/5110 2905/1374/5110
f 1734/1387/5111 2907/1388/5112 1735/1389/5113
f 1761/9/5114 1770/9/5114 1651/9/5114
f 1760/1390/5115 1761/1391/5115 1652/1392/5115
f 2907/1388/5116 1770/1393/5116 1762/1394/5116
f 2907/1388/5117 1601/1395/5117 1770/1393/5117
f 2907/1388/5118 1762/1394/5118 1735/1389/5118
f 1660/9/5119 1760/9/5119 1654/9/5119
f 1730/1358/5120 2906/1385/5120 1728/1396/5120
f 2906/1385/5121 1730/1358/5121 2901/1352/5121
f 2877/1379/5122 2886/1397/5122 2901/1383/5122
f 2886/1397/5123 2882/1382/5123 2906/1398/5123
f 1728/1396/5124 2906/1385/5107 1733/1386/5109
f 2904/1399/5125 2907/1388/5112 1734/1387/5111
f 2887/1377/5126 2904/1376/5126 2905/1381/5126
f 2889/1400/5127 2907/1401/5127 2884/1375/5127
f 1651/9/5128 1652/9/5128 1761/9/5128
f 1770/9/5129 1601/9/5129 1651/9/5129
f 2900/1371/5130 2873/1378/5130 2880/1369/5130
f 1602/1402/5131 1601/1403/5131 2889/1400/5131
f 2889/1400/5132 1601/1403/5132 2907/1401/5132
f 1741/1348/5133 2900/1347/5081 1740/1356/5080
f 1731/1351/5134 2902/1354/5134 2901/1352/5134
f 2906/1398/5135 2901/1383/5135 2886/1397/5135
f 2884/1375/5136 2907/1401/5136 2904/1376/5136
f 1654/9/5137 1760/9/5137 1652/9/5137
f 2905/1381/5138 2906/1398/5138 2882/1382/5138
f 2903/1357/5139 2902/1354/5077 1739/1353/5076
f 2699/1182/5140 2702/1188/5140 2908/1404/5140
f 2909/1405/5141 2699/1182/5141 2910/1406/5141
f 2910/1406/5142 2699/1182/5142 2908/1404/5142
f 2892/9/5143 2911/9/5143 2896/9/5143
f 2421/1407/5144 2357/1408/5144 2909/200/5144
f 2912/9/5145 2909/9/5145 2913/9/5145
f 2914/9/5146 2909/9/5146 2912/9/5146
f 2698/1180/5147 2909/1405/5147 2697/1409/5147
f 2892/9/5148 2914/9/5148 2911/9/5148
f 2909/9/5149 2910/9/5149 2915/9/5149
f 2915/9/5150 2913/9/5150 2909/9/5150
f 2356/187/5151 2442/1410/5151 2697/1411/5151
f 2697/1411/5152 2909/1412/5152 2356/187/5152
f 2356/1413/5153 2909/200/5153 2357/1408/5153
f 2897/1414/5154 2909/1415/5154 2892/646/5154
f 2897/1414/5155 2424/954/5156 2421/953/5157
f 2421/953/5157 2909/1415/5158 2897/1414/5155
f 2909/9/5159 2914/9/5159 2892/9/5159
f 2698/1180/5160 2699/1182/5160 2909/1405/5160
f 2235/1416/5161 2239/1417/5161 2400/1418/5161
f 2103/9/5162 2400/9/5162 2399/9/5162
f 2358/9/5163 2103/9/5163 2399/9/5163
f 2086/722/5164 2358/1419/5164 2360/1420/5164
f 2400/1418/5165 2107/1421/5165 2235/1416/5165
f 2103/724/5166 2358/1419/5166 2086/722/5166
f 2107/1421/5167 2400/1418/5167 2103/1422/5167
f 2898/9/5168 2360/9/5168 2409/9/5168
f 2898/9/5169 2084/9/5169 2086/9/5169
f 2360/9/5170 2898/9/5170 2086/9/5170
f 2106/1423/5171 2235/1416/5171 2107/1421/5171
f 2916/9/5172 1763/9/5172 1662/9/5172
f 1661/9/5173 2917/9/5173 2916/9/5173
f 1764/9/5174 1763/9/5174 2916/9/5174
f 1661/9/5175 1658/9/5175 2917/9/5175
f 1764/9/5176 2916/9/5177 2917/9/5178
f 2561/9/5179 2918/9/5179 2558/9/5179
f 2560/9/5180 2712/9/5180 2918/9/5180
f 2919/9/5181 2918/9/5181 2712/9/5181
f 2690/9/5182 2920/9/5182 2693/9/5182
f 2560/9/5183 2918/9/5183 2561/9/5183
f 2708/9/5184 2919/9/5184 2712/9/5184
f 2708/9/5185 2733/9/5186 2921/9/5185
f 2733/9/5186 2922/9/5186 2921/9/5185
f 2923/9/5187 2924/9/5187 2726/9/5188
f 2921/9/5185 2919/9/5185 2708/9/5185
f 2690/9/5189 2896/9/5189 2920/9/5189
f 2924/1424/5187 2922/1425/5187 2726/1426/5188
f 2896/9/5190 2690/9/5190 2895/9/5190
f 2693/9/5191 2923/9/5191 2726/9/5191
f 2693/9/5192 2920/9/5192 2923/9/5192
f 2690/9/5193 2691/9/5193 2895/9/5193
f 2733/1427/5194 2726/1426/5194 2922/1425/5194
f 2925/9/5195 2926/9/5195 1922/9/5195
f 2926/9/5196 1701/9/5196 1699/9/5196
f 2927/9/5197 2928/9/5198 1927/9/5199
f 2929/9/5200 2930/9/5200 1956/9/5200
f 2931/9/5201 1931/9/5201 2932/9/5201
f 2933/9/5202 1935/9/5202 2934/9/5202
f 2935/9/5203 1953/9/5204 2936/9/5205
f 1954/9/5206 2929/9/5206 1956/9/5206
f 2928/9/5198 2925/9/5207 1920/9/5208
f 2925/9/5209 1922/9/5209 1920/9/5209
f 2926/9/5210 1699/9/5210 1700/9/5210
f 2937/9/5211 2938/9/5212 1962/9/5213
f 2934/9/5214 1935/9/5214 1943/9/5214
f 1931/9/5215 2931/9/5216 1932/9/5217
f 1931/9/5218 1935/9/5218 2932/9/5218
f 2927/9/5219 1927/9/5219 1932/9/5219
f 2934/9/5220 1943/9/5220 2930/9/5220
f 2939/9/5221 2940/9/5222 1968/9/5223
f 2941/9/5224 2942/9/5224 1976/9/5224
f 2941/9/5225 1976/9/5225 1974/9/5225
f 2943/9/5226 2944/9/5226 1970/9/5226
f 1974/9/5227 2945/9/5227 2941/9/5227
f 1967/9/5228 2938/9/5229 2939/9/5221
f 2937/9/5230 2131/9/5230 2140/9/5230
f 1973/9/5231 2940/9/5231 2945/9/5231
f 2131/9/5232 2937/9/5211 1962/9/5213
f 1956/9/5233 2930/9/5233 1943/9/5233
f 2943/9/5234 1970/9/5234 1976/9/5234
f 2944/9/5235 2936/9/5236 1972/9/5237
f 2936/9/5238 1953/9/5238 1972/9/5238
f 2931/9/5216 2927/9/5239 1932/9/5217
f 1970/9/5240 2944/9/5235 1972/9/5237
f 2933/9/5202 2932/9/5202 1935/9/5202
f 2940/9/5241 1973/9/5241 1968/9/5241
f 1967/9/5242 1962/9/5242 2938/9/5242
f 1961/9/5243 2131/9/5243 1962/9/5243
f 2942/9/5224 2943/9/5224 1976/9/5224
f 2935/9/5203 2929/9/5244 1954/9/5245
f 1968/9/5223 1967/9/5228 2939/9/5221
f 1927/9/5199 2928/9/5198 1920/9/5208
f 1700/9/5246 1922/9/5246 2926/9/5246
f 1973/9/5247 2945/9/5247 1974/9/5247
f 2935/9/5203 1954/9/5245 1953/9/5204
f 2155/9/5248 2946/9/5248 2153/9/5248
f 2155/9/5249 2154/9/5249 2250/9/5249
f 2250/9/5250 2946/9/5250 2155/9/5250
f 2946/9/5251 2250/9/5251 2511/9/5251
f 2511/9/5252 2250/9/5252 2264/9/5252
f 2515/9/5253 2946/9/5253 2511/9/5253
f 1765/9/5254 1764/9/5176 2917/9/5178
f 2947/9/5255 2948/9/5255 2927/9/5255
f 1890/9/5256 2947/9/5257 2949/9/5258
f 2947/9/5259 2927/9/5259 2932/9/5259
f 2947/9/5260 2932/9/5260 2949/9/5260
f 1910/9/5261 2950/9/5262 1909/9/5263
f 1765/9/5264 2917/9/5264 1889/9/5264
f 2949/9/5258 1911/9/5265 1890/9/5256
f 2943/9/5266 2951/9/5266 2950/9/5266
f 1916/9/5267 1917/9/5267 2952/9/5267
f 1912/9/5268 2953/9/5268 1913/9/5268
f 2948/9/5269 2947/9/5270 1892/9/5271
f 1899/9/5272 2948/9/5269 1892/9/5271
f 2950/9/5273 2936/9/5273 2943/9/5273
f 2947/9/5274 1890/9/5274 1892/9/5274
f 2948/9/5275 1899/9/5275 1898/9/5275
f 2951/9/5276 2943/9/5276 2941/9/5276
f 2950/9/5277 2954/9/5277 2936/9/5277
f 2953/9/5278 1914/9/5278 1913/9/5278
f 2917/9/5279 1658/9/5279 1889/9/5279
f 1672/9/5280 1894/9/5280 1889/9/5280
f 1658/9/5281 1672/9/5281 1889/9/5281
f 1893/9/5282 2955/9/5282 1898/9/5282
f 1672/9/5283 1675/9/5283 1894/9/5283
f 1675/9/5284 2955/9/5284 1894/9/5284
f 2940/9/5285 2956/9/5285 2941/9/5285
f 2940/9/5286 2938/9/5286 2952/9/5286
f 1894/9/5287 2955/9/5287 1893/9/5287
f 1912/9/5288 2949/9/5288 2953/9/5288
f 1676/9/5289 1701/9/5289 2955/9/5289
f 2925/9/5290 2948/9/5290 2955/9/5290
f 1898/9/5291 2955/9/5291 2948/9/5291
f 2951/9/5292 2956/9/5293 1915/9/5294
f 1701/9/5295 2925/9/5295 2955/9/5295
f 2925/9/5296 2927/9/5296 2948/9/5296
f 1907/9/5297 2954/9/5298 1908/9/5299
f 1911/9/5300 2949/9/5300 1912/9/5300
f 2949/9/5301 2932/9/5301 2934/9/5301
f 2954/9/5302 2953/9/5302 2929/9/5302
f 2953/9/5303 2949/9/5303 2934/9/5303
f 1675/9/5304 1676/9/5304 2955/9/5304
f 2950/9/5262 2951/9/5305 1909/9/5263
f 2954/9/5298 2950/9/5306 1908/9/5299
f 1910/9/5307 1908/9/5307 2950/9/5307
f 1915/9/5294 2956/9/5293 1919/9/5308
f 1917/9/5309 1895/9/5309 2952/9/5309
f 2124/9/5310 1916/9/5310 2952/9/5310
f 1897/9/5311 2952/9/5312 1895/9/5313
f 2952/9/5312 1897/9/5311 2956/9/5314
f 2956/9/5315 1897/9/5315 1919/9/5315
f 1918/9/5316 1916/9/5316 2117/9/5316
f 1914/9/5317 2954/9/5317 1907/9/5317
f 2954/9/5318 1914/9/5318 2953/9/5318
f 2929/9/5319 2953/9/5319 2934/9/5319
f 2954/9/5320 2929/9/5320 2936/9/5320
f 2951/9/5321 2941/9/5321 2956/9/5321
f 1909/9/5322 2951/9/5322 1915/9/5322
f 2952/9/5323 2125/9/5323 2124/9/5323
f 2938/9/5324 2125/9/5324 2952/9/5324
f 2140/9/5325 2134/9/5325 2938/9/5325
f 2125/9/5326 2938/9/5326 2134/9/5326
f 2940/9/5327 2952/9/5327 2956/9/5327
f 2124/9/5328 2117/9/5328 1916/9/5328
f 2745/9/5329 2543/9/5329 2556/9/5329
f 2957/9/5330 2958/9/5331 2744/9/5332
f 2744/9/5332 2746/9/5333 2957/9/5330
f 2703/1189/5334 2744/1196/5334 2958/1428/5334
f 2538/9/5335 2558/9/5335 2919/9/5335
f 2957/9/5336 2537/9/5336 2538/9/5336
f 2746/9/5337 2745/9/5337 2957/9/5337
f 2537/9/5338 2957/9/5338 2556/9/5338
f 2957/9/5339 2745/9/5339 2556/9/5339
f 2958/1428/5340 2701/1187/5340 2703/1189/5340
f 2915/9/5341 2958/9/5341 2913/9/5341
f 2915/9/5342 2910/9/5342 2958/9/5342
f 2701/1187/5343 2910/1406/5343 2908/1404/5343
f 2701/1187/5344 2908/1404/5344 2702/1188/5344
f 2957/9/5345 2919/9/5345 2922/9/5345
f 2958/9/5346 2914/9/5346 2912/9/5346
f 2958/9/5347 2912/9/5347 2913/9/5347
f 2958/9/5348 2922/9/5348 2923/9/5348
f 2923/9/5349 2914/9/5349 2958/9/5349
f 2958/9/5350 2957/9/5350 2922/9/5350
f 2919/9/5351 2957/9/5351 2538/9/5351
f 2923/9/5352 2896/9/5352 2911/9/5352
f 2923/9/5353 2911/9/5353 2914/9/5353
f 2701/1187/5354 2958/1428/5354 2910/1406/5354
f 2137/9/5355 2136/9/5355 2499/9/5355
f 2136/9/5356 2152/9/5356 2533/9/5356
f 2946/9/5357 2152/9/5357 2153/9/5357
f 2152/9/5358 2946/9/5358 2563/9/5358
f 2316/9/5359 2150/9/5359 2137/9/5359
f 2499/9/5360 2315/9/5360 2316/9/5360
f 2136/9/5361 2500/9/5361 2499/9/5361
f 2515/9/5362 2563/9/5362 2946/9/5362
f 2533/9/5363 2152/9/5363 2563/9/5363
f 2500/9/5364 2136/9/5364 2533/9/5364
f 2316/9/5365 2137/9/5365 2499/9/5365
f 2959/9/5366 1179/9/5366 1120/9/5366
f 1119/9/5367 2960/9/5367 1120/9/5367
f 2959/9/5368 1120/9/5368 2960/9/5368
f 1055/9/5369 2960/9/5369 1056/9/5369
f 1056/9/5370 1118/9/5370 1058/9/5370
f 1119/9/5371 1118/9/5371 2960/9/5371
f 1056/9/5372 2960/9/5372 1118/9/5372
f 2961/9/5373 2960/9/5374 1055/9/5375
f 2961/9/5376 2962/9/5376 2963/9/5376
f 2964/9/5377 2961/9/5377 2965/9/5377
f 2964/9/5378 2962/9/5378 2961/9/5378
f 1051/9/5379 2961/9/5373 1055/9/5375
f 2963/9/5380 2962/9/5380 2966/9/5380
f 2963/9/5381 2966/9/5381 2967/9/5381
f 2960/9/5382 2968/9/5382 2959/9/5382
f 1110/9/5383 2961/9/5383 1050/9/5383
f 2969/9/5384 2965/9/5384 2961/9/5384
f 1110/9/5385 2969/9/5385 2961/9/5385
f 2961/9/5386 2963/9/5386 2968/9/5386
f 2960/9/5387 2961/9/5387 2968/9/5387
f 1110/9/5388 1109/9/5388 2970/9/5388
f 1110/9/5389 2970/9/5389 2969/9/5389
f 2961/9/5390 1051/9/5390 1050/9/5390
f 1609/9/5391 2971/9/5391 1621/9/5391
f 1147/9/5392 1609/9/5392 1600/9/5392
f 1600/9/5393 1598/9/5393 1148/9/5393
f 1598/9/5394 1455/9/5394 1449/9/5394
f 1609/9/5395 1174/9/5395 2971/9/5395
f 1147/9/5396 1600/9/5396 1148/9/5396
f 1174/9/5397 1609/9/5397 1147/9/5397
f 1449/9/5398 1157/9/5398 1598/9/5398
f 1157/9/5399 1148/9/5399 1598/9/5399
f 1449/9/5400 1158/9/5400 1157/9/5400
f 1136/9/5401 2971/9/5401 1174/9/5401
f 1870/9/5402 2068/9/5402 2072/9/5402
f 1881/9/5403 1879/9/5404 2972/9/5405
f 2074/9/5406 2973/9/5406 1868/9/5406
f 2074/9/5407 1868/9/5407 2072/9/5407
f 2072/9/5408 1868/9/5408 1870/9/5408
f 2068/9/5409 1870/9/5409 2974/9/5409
f 2975/9/5410 2976/9/5410 2977/9/5410
f 2978/9/5411 2979/9/5411 2980/9/5411
f 2981/1429/5412 2982/1430/5412 2983/1431/5412
f 2977/9/5413 2984/9/5413 2974/9/5413
f 2978/9/5414 2980/9/5414 2985/9/5414
f 2045/9/5415 2068/9/5415 2974/9/5415
f 2984/9/5416 2045/9/5416 2974/9/5416
f 2986/9/5417 2987/9/5417 2988/9/5417
f 1876/9/5418 1884/9/5419 2977/9/5420
f 2975/9/5421 2977/9/5420 1884/9/5419
f 2975/1432/5422 2981/1429/5422 2976/1433/5422
f 2973/9/5423 2037/9/5424 1872/9/5425
f 2975/1432/5426 2982/1430/5426 2981/1429/5426
f 2988/9/5427 2989/9/5427 2986/9/5427
f 2984/9/5428 2977/9/5428 2976/9/5428
f 1872/9/5429 1868/9/5429 2973/9/5429
f 1877/9/5430 2974/9/5430 1874/9/5430
f 1877/9/5431 1876/9/5431 2977/9/5431
f 2990/9/5432 2989/9/5432 2988/9/5432
f 1885/625/5433 2982/1434/5434 1875/612/5435
f 1884/624/5436 1875/612/5436 2975/1435/5436
f 1875/612/5435 2982/1434/5434 2975/1435/5437
f 1856/9/5438 2978/9/5439 2990/9/5440
f 2978/9/5441 2985/9/5441 2990/9/5441
f 1859/602/5442 2982/1434/5442 1885/625/5442
f 2990/9/5443 2985/9/5443 2989/9/5443
f 2987/9/5444 2982/9/5444 1859/9/5444
f 1882/1436/5445 2979/1437/5446 1867/1438/5447
f 2987/9/5448 2983/9/5448 2982/9/5448
f 1864/9/5449 2990/9/5449 1883/9/5449
f 2987/9/5450 1886/9/5450 1887/9/5450
f 2988/1439/5451 1887/627/5451 1888/628/5451
f 1859/9/5452 1886/9/5452 2987/9/5452
f 2991/9/5453 2980/9/5453 2979/9/5453
f 2979/9/5454 2972/9/5454 2991/9/5454
f 1642/9/5455 2992/9/5455 1640/9/5455
f 1629/9/5456 1590/9/5456 2972/9/5456
f 1590/9/5457 1640/9/5457 2972/9/5457
f 2991/9/5458 2972/9/5458 2992/9/5458
f 1878/9/5459 1629/9/5459 2972/9/5459
f 1874/9/5460 2974/9/5460 1870/9/5460
f 1888/1440/5461 1883/1441/5462 2988/1442/5463
f 1883/9/5462 2990/9/5464 2988/9/5463
f 2990/9/5440 1864/9/5465 1856/9/5438
f 1887/9/5466 2988/9/5466 2987/9/5466
f 1867/9/5467 2978/9/5467 1856/9/5467
f 2983/9/5468 2987/9/5468 2986/9/5468
f 1867/9/5447 2979/9/5446 2978/9/5469
f 1881/255/5470 2979/1437/5470 1882/1436/5470
f 2979/9/5471 1881/9/5403 2972/9/5405
f 2972/9/5472 1879/9/5472 1880/9/5472
f 1878/9/5473 2972/9/5473 1880/9/5473
f 1878/1443/5474 1633/1444/5474 1629/1445/5474
f 2977/9/5475 2974/9/5475 1877/9/5475
f 1640/9/5476 2992/9/5476 2972/9/5476
f 2993/9/5477 2963/9/5478 1007/9/5479
f 1027/9/5480 2994/9/5481 1028/9/5482
f 2959/9/5483 1027/9/5483 1033/9/5483
f 1032/9/5484 2995/9/5485 1033/9/5486
f 1032/9/5487 1138/9/5487 2995/9/5487
f 2968/9/5488 1028/9/5482 2994/9/5481
f 1179/9/5489 2995/9/5489 1138/9/5489
f 2994/9/5481 1027/9/5480 2959/9/5490
f 2995/9/5485 2959/9/5491 1033/9/5486
f 2963/9/5492 1008/9/5492 1007/9/5492
f 2996/9/5493 2967/9/5494 1097/9/5495
f 2997/9/5496 1098/9/5496 1097/9/5496
f 1008/9/5497 2996/9/5493 1097/9/5495
f 2993/9/5477 1007/9/5479 2968/9/5479
f 2996/9/5498 1008/9/5498 2963/9/5498
f 1097/9/5499 2967/9/5499 2997/9/5499
f 1028/9/5500 2968/9/5500 1007/9/5500
f 1473/9/5501 1624/9/5502 2971/9/5503
f 1624/9/5504 1621/9/5504 2971/9/5504
f 1473/9/5505 1476/9/5505 1624/9/5505
f 1177/9/5506 1178/9/5506 1473/9/5506
f 1177/9/5507 2971/9/5507 1136/9/5507
f 1473/9/5501 2971/9/5503 1177/9/5508
f 2998/1446/5509 2981/1447/5509 1812/1448/5509
f 2999/9/5510 2991/9/5510 1785/9/5510
f 3000/9/5511 3001/9/5512 1807/9/5513
f 1772/1449/5514 3002/1450/5514 1801/1451/5514
f 3003/1452/5515 2976/1453/5516 1811/1454/5516
f 1811/1454/5517 2998/1446/5517 1812/1448/5517
f 2986/9/5518 1782/9/5519 3004/9/5520
f 3005/9/5521 1810/9/5522 2984/9/5521
f 2983/1455/5523 1825/1456/5523 1824/1457/5523
f 3003/1452/5515 1807/1458/5524 2976/1453/5516
f 1827/1459/5525 1825/1456/5525 3006/1460/5525
f 1643/9/5526 1777/9/5526 3007/9/5526
f 3008/9/5527 2984/9/5528 1810/9/5529
f 2981/1447/5530 1824/1457/5530 1812/1448/5530
f 1838/9/5531 3008/9/5527 1810/9/5529
f 3009/1461/5532 1794/1462/5532 2999/1463/5533
f 2043/9/5534 3008/9/5534 1838/9/5534
f 2043/9/5535 2045/9/5535 3008/9/5535
f 3010/1464/5536 2983/1455/5537 1824/1457/5536
f 2998/1446/5538 1811/1454/5538 2976/1453/5538
f 1806/9/5521 3005/9/5521 2984/9/5521
f 3001/9/5539 1806/9/5539 2984/9/5539
f 3011/9/5540 1783/9/5541 3012/9/5542
f 3013/9/5543 1782/9/5543 3014/9/5544
f 3001/9/5512 2976/9/5545 1807/9/5513
f 3010/1464/5536 1824/1457/5536 2981/1447/5546
f 1825/1456/5547 2983/1455/5547 3006/1460/5547
f 2986/9/5548 3014/9/5548 1782/9/5548
f 1800/9/5549 1801/9/5549 2985/9/5549
f 1801/9/5550 3002/9/5550 2985/9/5550
f 3015/1465/5551 1790/1466/5552 2989/1467/5553
f 1800/1468/5554 2980/1469/5554 1794/1462/5554
f 3016/9/5555 2991/9/5556 1783/9/5556
f 2992/9/5557 1776/9/5558 3012/9/5542
f 3000/9/5511 1806/9/5559 3001/9/5512
f 1785/1470/5533 3009/1461/5532 2999/1463/5533
f 1777/1471/5560 1776/1472/5560 2992/1473/5560
f 1772/1449/5561 2989/1467/5561 3002/1450/5561
f 2985/9/5562 3017/9/5562 1800/9/5563
f 3011/9/5540 3012/9/5542 1776/9/5558
f 1772/1449/5553 3015/1465/5551 2989/1467/5553
f 3004/9/5520 1827/9/5520 2986/9/5518
f 1790/9/5564 3014/9/5544 2989/9/5565
f 1642/9/5566 1644/9/5566 3007/9/5566
f 3017/1474/5562 2980/1469/5567 1800/1468/5563
f 3012/9/5568 1783/9/5568 2991/9/5568
f 3007/9/5569 1777/9/5569 2992/9/5569
f 3016/9/5555 1785/9/5570 2991/9/5556
f 2999/1463/5571 1794/1462/5571 2980/1469/5571
f 3007/9/5572 1644/9/5572 1643/9/5572
f 3013/9/5543 3014/9/5544 1790/9/5564
f 3006/9/5573 2986/9/5573 1827/9/5573
f 2966/9/5574 2962/9/5574 3018/9/5574
f 3019/9/5575 2964/9/5575 2965/9/5575
f 3019/9/5576 3018/9/5576 2962/9/5576
f 1385/9/5577 3020/9/5577 3019/9/5577
f 1103/9/5578 2970/9/5578 1109/9/5578
f 2969/9/5579 3019/9/5579 2965/9/5579
f 1103/9/5580 3019/9/5580 2969/9/5580
f 2970/9/5581 1103/9/5581 2969/9/5581
f 3019/9/5582 1103/9/5582 1102/9/5582
f 3018/9/5583 2967/9/5583 2966/9/5583
f 3020/9/5584 3018/9/5584 3019/9/5584
f 3020/9/5585 1385/9/5585 1367/9/5585
f 1386/9/5586 1385/9/5586 3019/9/5586
f 1106/9/5587 3019/9/5587 1102/9/5587
f 1106/9/5588 1105/9/5588 1384/9/5588
f 3019/9/5589 1106/9/5589 1384/9/5589
f 1386/9/5590 3019/9/5590 1384/9/5590
f 3019/9/5591 2962/9/5591 2964/9/5591
f 2036/9/5592 2165/9/5592 3021/9/5593
f 3022/9/5594 2165/9/5595 2973/9/5595
f 2037/9/5424 2165/9/5596 2036/9/5597
f 3023/9/5598 2074/9/5599 3022/9/5594
f 3021/9/5593 2038/9/5600 2036/9/5592
f 2165/9/5596 2037/9/5424 2973/9/5423
f 3022/9/5594 2973/9/5595 3023/9/5598
f 1401/9/5601 1683/9/5601 1407/9/5601
f 1407/9/5602 1682/9/5602 1368/9/5602
f 1528/9/5603 1401/9/5603 1402/9/5603
f 1401/9/5604 1528/9/5604 1683/9/5604
f 1714/9/5605 1351/9/5605 1368/9/5605
f 1714/9/5606 3024/9/5606 1351/9/5606
f 1715/9/5607 3024/9/5607 1714/9/5607
f 1522/9/5608 1683/9/5608 1528/9/5608
f 1682/9/5609 1407/9/5609 1683/9/5609
f 1714/9/5610 1368/9/5610 1682/9/5610
f 1352/9/5611 1351/9/5611 3024/9/5611
f 1722/9/5612 3025/9/5612 3026/9/5612
f 1703/9/5613 1726/9/5613 3025/9/5613
f 1726/9/5614 1725/9/5614 2007/9/5614
f 3026/9/5615 1720/9/5615 1722/9/5615
f 2006/9/5616 2005/9/5616 3027/9/5616
f 3025/9/5617 3028/9/5617 3029/9/5617
f 3028/9/5618 3027/9/5618 3030/9/5618
f 1722/9/5619 1703/9/5619 3025/9/5619
f 2015/9/5620 3031/9/5620 2011/9/5620
f 3031/9/5621 3032/9/5621 3033/9/5621
f 1726/9/5622 2007/9/5622 3025/9/5622
f 3025/9/5623 2008/9/5623 2009/9/5623
f 3025/9/5624 2009/9/5625 2002/9/5626
f 3034/9/5627 3035/9/5627 3032/9/5627
f 2017/9/5628 3034/9/5629 3031/9/5630
f 2002/9/5626 3028/9/5631 3025/9/5624
f 3034/9/5632 3032/9/5632 3031/9/5632
f 2002/9/5633 2004/9/5633 3028/9/5633
f 2004/9/5634 2006/9/5635 3028/9/5636
f 3036/9/5637 3037/9/5637 2167/9/5637
f 3034/9/5638 3038/9/5638 3035/9/5638
f 2005/9/5639 2011/9/5640 3027/9/5641
f 2011/9/5640 3031/9/5642 3027/9/5641
f 3026/9/5643 3025/9/5643 3029/9/5643
f 2007/9/5644 2008/9/5644 3025/9/5644
f 2017/9/5628 3031/9/5630 2015/9/5645
f 2172/9/5646 3037/9/5646 2168/9/5646
f 2017/9/5647 2018/9/5647 3034/9/5647
f 2019/9/5648 3038/9/5649 2018/9/5650
f 3039/9/5651 3035/9/5651 3038/9/5651
f 3031/9/5652 3033/9/5652 3027/9/5652
f 3040/9/5653 3041/9/5653 3042/9/5653
f 3039/9/5654 3043/9/5654 3042/9/5654
f 2012/9/5655 3038/9/5655 2019/9/5655
f 3038/9/5649 3034/9/5656 2018/9/5650
f 3042/9/5657 3043/9/5657 3040/9/5657
f 3037/9/5658 2172/9/5658 2167/9/5658
f 3037/9/5659 2032/9/5659 2168/9/5659
f 3027/9/5660 3033/9/5660 3030/9/5660
f 3037/9/5661 2031/9/5661 2033/9/5661
f 3036/9/5662 3040/9/5662 3037/9/5662
f 2032/9/5663 2164/9/5663 2168/9/5663
f 2014/9/5664 3043/9/5665 2012/9/5666
f 3038/9/5667 2012/9/5666 3043/9/5665
f 2027/9/5668 3043/9/5668 2014/9/5668
f 3040/9/5669 3043/9/5670 2027/9/5671
f 3040/9/5672 3036/9/5672 3041/9/5672
f 2027/9/5671 2028/9/5673 3040/9/5669
f 3040/9/5674 2028/9/5674 2026/9/5674
f 3038/9/5675 3043/9/5675 3039/9/5675
f 2025/9/5676 3040/9/5676 2026/9/5676
f 3040/9/5677 2025/9/5677 3037/9/5677
f 2025/9/5678 2031/9/5678 3037/9/5678
f 2032/9/5679 3037/9/5679 2033/9/5679
f 2164/9/5680 2032/9/5680 2034/9/5680
f 2034/9/5681 2021/9/5681 2164/9/5681
f 3027/9/5682 3028/9/5636 2006/9/5635
f 3029/9/5683 3028/9/5683 3030/9/5683
f 3044/9/5684 3045/9/5685 1066/9/5686
f 3046/9/5687 3020/9/5688 1067/9/5688
f 2967/9/5689 3045/9/5689 3044/9/5689
f 2997/9/5690 2967/9/5690 3044/9/5690
f 3047/9/5691 1100/9/5691 3048/9/5691
f 3044/9/5692 1098/9/5692 2997/9/5692
f 3018/9/5693 1067/9/5694 3049/9/5695
f 3045/9/5685 3018/9/5696 1066/9/5686
f 3049/9/5695 1066/9/5693 3018/9/5693
f 1291/9/5697 1099/9/5697 3047/9/5697
f 3047/9/5698 3048/9/5698 1291/9/5698
f 3020/9/5699 1100/9/5699 1067/9/5699
f 3020/9/5700 3048/9/5700 1100/9/5700
f 1367/9/5701 1291/9/5701 3048/9/5701
f 3018/9/5702 3046/9/5687 1067/9/5688
f 1395/9/5703 1579/9/5703 1396/9/5703
f 1395/9/5704 1352/9/5704 3024/9/5704
f 3024/9/5705 1579/9/5706 1395/9/5707
f 1579/9/5706 3024/9/5705 1716/9/5708
f 1716/9/5709 3024/9/5709 1715/9/5709
f 1587/9/5710 1579/9/5710 1716/9/5710
f 1979/9/5711 3050/9/5711 3029/9/5712
f 3051/9/5713 1981/9/5714 3052/9/5715
f 3030/9/5716 1980/9/5716 3053/9/5716
f 3054/9/5717 1984/9/5717 3055/9/5718
f 3033/9/5719 1983/9/5719 3056/9/5719
f 3057/9/5720 1993/9/5721 1983/9/5722
f 1980/9/5723 3030/9/5723 1982/9/5723
f 1984/9/5724 3058/9/5725 3032/9/5726
f 1724/9/5727 3059/9/5728 1988/9/5729
f 3051/9/5713 3029/9/5730 1981/9/5714
f 1723/9/5731 3059/9/5731 1724/9/5731
f 1723/9/5732 1720/9/5732 3059/9/5732
f 3050/9/5711 1981/9/5712 3029/9/5712
f 3053/9/5733 1979/9/5733 3029/9/5733
f 3060/9/5734 3061/9/5735 1998/9/5736
f 1985/9/5737 1988/9/5737 3026/9/5737
f 3062/9/5738 1990/9/5738 3035/9/5738
f 3055/9/5718 3035/9/5739 1990/9/5740
f 3030/9/5741 3056/9/5741 1982/9/5741
f 3026/9/5742 3051/9/5742 1985/9/5742
f 1983/9/5743 3033/9/5743 3057/9/5743
f 3063/9/5744 1998/9/5745 3036/9/5744
f 3054/9/5717 3055/9/5718 1990/9/5740
f 3035/9/5738 1986/9/5738 3062/9/5738
f 3064/9/5746 1995/9/5746 3041/9/5747
f 3039/9/5748 1992/9/5748 1987/9/5748
f 3058/9/5725 1993/9/5749 3032/9/5726
f 2000/9/5750 1928/9/5750 3065/9/5750
f 3066/9/5751 3039/9/5751 1987/9/5751
f 1994/9/5752 3067/9/5753 1995/9/5754
f 3067/9/5753 3041/9/5755 1995/9/5754
f 3061/9/5735 3036/9/5756 1998/9/5736
f 1986/9/5757 3066/9/5757 1987/9/5757
f 3057/9/5720 3032/9/5758 1993/9/5721
f 3041/9/5747 1997/9/5747 3064/9/5746
f 3068/9/5759 3053/9/5760 1980/9/5759
f 3042/9/5761 1994/9/5761 1992/9/5761
f 3069/9/5762 3042/9/5762 1992/9/5762
f 3069/9/5762 1992/9/5762 3039/9/5762
f 3059/9/5728 3026/9/5763 1988/9/5729
f 3067/9/5764 1994/9/5764 3042/9/5764
f 1986/9/5765 3035/9/5765 3066/9/5765
f 1982/9/5766 3056/9/5766 1983/9/5766
f 3065/9/5767 2166/9/5767 2000/9/5767
f 3060/9/5734 1997/9/5768 3061/9/5735
f 3036/9/5769 3065/9/5769 1928/9/5769
f 2167/9/5770 2166/9/5770 3065/9/5770
f 1997/9/5771 3041/9/5771 3061/9/5771
f 3036/9/5744 1928/9/5744 3063/9/5744
f 3068/9/5759 1979/9/5760 3053/9/5760
f 3052/9/5715 1985/9/5772 3051/9/5713
f 1984/9/5773 3032/9/5773 3055/9/5773
f 3070/9/5774 3071/9/5774 3072/9/5774
f 3073/9/5775 3074/9/5775 3075/9/5775
f 3076/9/5776 3077/9/5776 3078/9/5776
f 3079/9/5777 3080/9/5777 3081/9/5777
f 3082/9/5778 3083/9/5778 3084/9/5778
f 3085/9/5779 3086/9/5779 3087/9/5779
f 3086/9/5780 3085/9/5780 3088/9/5780
f 3089/9/5781 3090/9/5781 3091/9/5781
f 3092/9/5782 3075/9/5782 3093/9/5782
f 3094/9/5783 3095/9/5783 3096/9/5783
f 3097/9/5784 3098/9/5784 3099/9/5784
f 3100/9/5785 3101/9/5785 3075/9/5785
f 3102/9/5786 3103/9/5786 3104/9/5786
f 3105/9/5787 3106/9/5787 3100/9/5787
f 3107/9/5788 3108/9/5788 3101/9/5788
f 3101/9/5789 3073/9/5789 3075/9/5789
f 3071/9/5790 3109/9/5790 3110/9/5790
f 3111/9/5791 3112/9/5791 3113/9/5791
f 3114/9/5792 3115/9/5792 3116/9/5792
f 3070/9/5793 3072/9/5793 3085/9/5793
f 3087/9/5794 3117/9/5794 3070/9/5794
f 3118/9/5795 3119/9/5795 3120/9/5795
f 3106/9/5796 3121/9/5796 3100/9/5796
f 3122/9/5797 3123/9/5797 3124/9/5797
f 3125/9/5798 3126/9/5798 3127/9/5798
f 3126/9/5799 3128/9/5800 3129/9/5801
f 3130/9/5802 3079/9/5802 3131/9/5802
f 3132/9/5803 3133/9/5803 3134/9/5803
f 3135/9/5804 3136/9/5804 3105/9/5804
f 3125/9/5805 3128/9/5805 3126/9/5805
f 3137/9/5806 3138/9/5806 3139/9/5806
f 3140/9/5807 3141/9/5807 3142/9/5807
f 3143/9/5808 3144/9/5808 3145/9/5808
f 3146/9/5809 3147/9/5809 3148/9/5809
f 3149/9/5810 3150/9/5810 3151/9/5810
f 3152/9/5811 3094/9/5812 3153/9/5813
f 3131/9/5814 3129/9/5814 3130/9/5814
f 3154/9/5815 3155/9/5815 3156/9/5815
f 3157/9/5816 3079/9/5816 3158/9/5816
f 3079/9/5817 3130/9/5817 3159/9/5817
f 3160/9/5818 3161/9/5819 3162/9/5820
f 3121/9/5821 3107/9/5821 3100/9/5821
f 3163/9/5822 3164/9/5822 3165/9/5822
f 3166/9/5823 3118/9/5823 3167/9/5823
f 3143/9/5824 3168/9/5824 3169/9/5824
f 3073/9/5825 3108/9/5825 3170/9/5825
f 3171/9/5826 3172/9/5826 3173/9/5826
f 3071/9/5827 3174/9/5827 3175/9/5827
f 3078/9/5828 3146/9/5828 3076/9/5828
f 3115/9/5829 3176/9/5829 3177/9/5829
f 3178/9/5830 3179/9/5830 3180/9/5830
f 3181/9/5831 3114/9/5831 3116/9/5831
f 3174/9/5832 3182/9/5832 3183/9/5832
f 3184/9/5833 3185/9/5833 3186/9/5833
f 3187/9/5834 3188/9/5834 3189/9/5834
f 3187/9/5835 3183/9/5835 3188/9/5835
f 3190/9/5836 3191/9/5836 3192/9/5836
f 3193/9/5837 3141/9/5837 3140/9/5837
f 3194/9/5838 3195/9/5838 3083/9/5838
f 3148/9/5839 3196/9/5839 3076/9/5839
f 3071/9/5840 3197/9/5840 3072/9/5840
f 3146/9/5841 3160/9/5842 3172/9/5843
f 3172/9/5844 3189/9/5845 3173/9/5846
f 3198/9/5847 3161/9/5847 3078/9/5847
f 3146/9/5841 3172/9/5843 3147/9/5848
f 3071/9/5849 3182/9/5849 3174/9/5849
f 3173/9/5850 3189/9/5850 3188/9/5850
f 3176/9/5851 3115/9/5851 3199/9/5851
f 3196/9/5852 3200/9/5852 3177/9/5852
f 3138/9/5853 3165/9/5854 3201/9/5855
f 3138/9/5856 3163/9/5856 3165/9/5856
f 3079/9/5857 3191/9/5857 3202/9/5857
f 3154/9/5858 3156/9/5858 3203/9/5858
f 3078/9/5859 3077/9/5859 3198/9/5859
f 3185/9/5860 3184/9/5861 3097/9/5862
f 3084/9/5863 3083/9/5863 3201/9/5863
f 3079/9/5864 3081/9/5864 3192/9/5864
f 3204/9/5865 3205/9/5865 3206/9/5865
f 3098/9/5866 3097/9/5862 3184/9/5861
f 3114/9/5867 3099/9/5867 3207/9/5867
f 3142/9/5868 3208/9/5869 3154/9/5870
f 3135/9/5871 3082/9/5871 3136/9/5871
f 3209/9/5872 3079/9/5872 3155/9/5872
f 3210/9/5873 3162/9/5820 3161/9/5819
f 3211/9/5874 3150/9/5874 3212/9/5874
f 3209/9/5875 3155/9/5875 3213/9/5875
f 3150/9/5876 3149/9/5876 3214/9/5876
f 3155/9/5877 3208/9/5877 3213/9/5877
f 3095/9/5878 3201/9/5878 3165/9/5878
f 3215/9/5879 3137/9/5879 3127/9/5879
f 3216/9/5880 3081/9/5880 3080/9/5880
f 3175/9/5881 3174/9/5882 3217/9/5883
f 3159/9/5884 3130/9/5884 3218/9/5884
f 3107/9/5885 3101/9/5885 3100/9/5885
f 3156/9/5886 3155/9/5886 3079/9/5886
f 3132/9/5887 3219/9/5887 3220/9/5887
f 3072/9/5888 3197/9/5889 3221/9/5890
f 3164/9/5891 3153/9/5891 3096/9/5891
f 3201/9/5855 3222/9/5892 3138/9/5853
f 3071/9/5893 3223/9/5893 3109/9/5893
f 3224/9/5894 3071/9/5894 3225/9/5894
f 3105/9/5895 3075/9/5895 3092/9/5895
f 3106/9/5896 3152/9/5896 3121/9/5896
f 3088/9/5897 3170/9/5897 3086/9/5897
f 3088/9/5898 3226/9/5898 3074/9/5898
f 3227/9/5899 3097/9/5899 3181/9/5899
f 3207/9/5900 3199/9/5900 3115/9/5900
f 3196/9/5901 3177/9/5901 3076/9/5901
f 3160/9/5902 3146/9/5902 3078/9/5902
f 3139/9/5903 3151/9/5903 3125/9/5903
f 3130/9/5904 3128/9/5904 3218/9/5904
f 3186/9/5905 3213/9/5906 3208/9/5907
f 3142/9/5908 3098/9/5908 3184/9/5908
f 3228/9/5909 3189/9/5909 3162/9/5909
f 3174/9/5910 3187/9/5910 3217/9/5910
f 3159/9/5911 3211/9/5911 3158/9/5911
f 3166/9/5912 3111/9/5912 3118/9/5912
f 3192/9/5913 3191/9/5913 3079/9/5913
f 3203/9/5914 3140/9/5915 3154/9/5916
f 3229/9/5917 3230/9/5917 3231/9/5917
f 3232/9/5918 3118/9/5918 3120/9/5918
f 3233/9/5919 3234/9/5919 3235/9/5919
f 3236/9/5920 3237/9/5921 3238/9/5922
f 3071/9/5923 3070/9/5923 3117/9/5923
f 3070/9/5924 3085/9/5924 3087/9/5924
f 3226/9/5925 3085/9/5925 3072/9/5925
f 3079/9/5926 3157/9/5926 3080/9/5926
f 3081/9/5927 3216/9/5927 3192/9/5927
f 3239/9/5928 3120/9/5928 3119/9/5928
f 3111/9/5929 3113/9/5929 3216/9/5929
f 3202/9/5930 3191/9/5930 3240/9/5930
f 3200/9/5931 3116/9/5931 3115/9/5931
f 3076/9/5932 3177/9/5932 3176/9/5932
f 3115/9/5933 3177/9/5933 3200/9/5933
f 3207/9/5934 3115/9/5934 3114/9/5934
f 3076/9/5935 3176/9/5935 3077/9/5935
f 3148/9/5936 3076/9/5936 3146/9/5936
f 3214/9/5937 3241/9/5937 3242/9/5937
f 3243/9/5938 3241/9/5938 3194/9/5938
f 3194/9/5939 3241/9/5939 3214/9/5939
f 3244/9/5940 3245/9/5940 3246/9/5940
f 3245/9/5941 3167/9/5941 3247/9/5941
f 3140/9/5942 3248/9/5942 3193/9/5942
f 3090/9/5943 3249/9/5943 3091/9/5943
f 3205/9/5944 3204/9/5944 3250/9/5944
f 3090/9/5945 3199/9/5945 3207/9/5945
f 3089/9/5946 3176/9/5946 3199/9/5946
f 3207/9/5947 3251/9/5947 3090/9/5947
f 3090/9/5948 3251/9/5948 3250/9/5948
f 3249/9/5949 3090/9/5949 3250/9/5949
f 3236/9/5950 3145/9/5950 3144/9/5950
f 3252/9/5951 3253/9/5951 3254/9/5951
f 3179/9/5952 3124/9/5952 3180/9/5952
f 3089/9/5953 3077/9/5953 3176/9/5953
f 3077/9/5954 3089/9/5955 3198/9/5956
f 3144/9/5957 3198/9/5957 3091/9/5957
f 3161/9/5958 3143/9/5958 3255/9/5958
f 3093/9/5959 3075/9/5959 3074/9/5959
f 3103/9/5960 3093/9/5960 3220/9/5960
f 3133/9/5961 3071/9/5961 3110/9/5961
f 3221/9/5890 3197/9/5889 3132/9/5962
f 3090/9/5963 3089/9/5963 3199/9/5963
f 3089/9/5955 3091/9/5964 3198/9/5956
f 3251/9/5965 3207/9/5965 3099/9/5965
f 3250/9/5966 3251/9/5966 3193/9/5966
f 3205/9/5967 3250/9/5967 3193/9/5967
f 3250/9/5968 3204/9/5968 3237/9/5968
f 3248/9/5969 3205/9/5969 3193/9/5969
f 3206/9/5970 3205/9/5970 3256/9/5970
f 3091/9/5971 3249/9/5971 3144/9/5971
f 3249/9/5972 3237/9/5921 3236/9/5920
f 3249/9/5973 3236/9/5973 3144/9/5973
f 3252/9/5974 3257/9/5974 3258/9/5974
f 3104/9/5975 3259/9/5975 3231/9/5975
f 3145/9/5976 3236/9/5976 3254/9/5976
f 3244/9/5977 3257/9/5977 3245/9/5977
f 3260/9/5978 3082/9/5978 3261/9/5978
f 3198/9/5979 3144/9/5979 3143/9/5979
f 3161/9/5980 3255/9/5980 3210/9/5980
f 3198/9/5981 3143/9/5981 3161/9/5981
f 3143/9/5982 3145/9/5982 3168/9/5982
f 3145/9/5983 3254/9/5983 3234/9/5983
f 3262/9/5984 3178/9/5984 3180/9/5984
f 3211/9/5985 3159/9/5985 3218/9/5985
f 3150/9/5986 3211/9/5986 3218/9/5986
f 3158/9/5987 3211/9/5987 3263/9/5987
f 3150/9/5988 3218/9/5988 3151/9/5988
f 3214/9/5989 3242/9/5989 3212/9/5989
f 3225/9/5990 3217/9/5990 3122/9/5990
f 3225/9/5991 3071/9/5991 3175/9/5991
f 3228/9/5992 3123/9/5992 3217/9/5992
f 3179/9/5993 3223/9/5993 3224/9/5993
f 3203/9/5994 3202/9/5994 3240/9/5994
f 3156/9/5995 3079/9/5995 3202/9/5995
f 3248/9/5996 3140/9/5915 3203/9/5914
f 3248/9/5996 3203/9/5914 3240/9/5997
f 3193/9/5998 3251/9/5998 3141/9/5998
f 3088/9/5999 3074/9/5999 3073/9/5999
f 3093/9/6000 3074/9/6000 3226/9/6000
f 3226/9/6001 3221/9/6001 3220/9/6001
f 3093/9/6002 3103/9/6002 3092/9/6002
f 3226/9/6003 3220/9/6003 3093/9/6003
f 3134/9/6004 3219/9/6004 3132/9/6004
f 3235/9/6005 3219/9/6006 3264/9/6007
f 3102/9/6008 3104/9/6008 3231/9/6008
f 3234/9/6009 3233/9/6009 3262/9/6009
f 3259/9/6010 3229/9/6010 3231/9/6010
f 3135/9/6011 3092/9/6011 3103/9/6011
f 3092/9/6012 3135/9/6012 3105/9/6012
f 3106/9/6013 3136/9/6014 3094/9/6015
f 3100/9/6016 3075/9/6016 3105/9/6016
f 3103/9/6017 3102/9/6017 3135/9/6017
f 3261/9/6018 3231/9/6018 3230/9/6018
f 3082/9/6019 3135/9/6019 3102/9/6019
f 3083/9/6020 3082/9/6020 3260/9/6020
f 3104/9/6021 3103/9/6021 3220/9/6021
f 3102/9/6022 3231/9/6022 3261/9/6022
f 3220/9/6023 3219/9/6023 3104/9/6023
f 3259/9/6024 3219/9/6024 3235/9/6024
f 3194/9/6025 3083/9/6025 3260/9/6025
f 3095/9/6026 3084/9/6026 3201/9/6026
f 3241/9/6027 3243/9/6027 3247/9/6027
f 3214/9/6028 3149/9/6028 3195/9/6028
f 3158/9/6029 3263/9/6029 3157/9/6029
f 3217/9/5883 3225/9/6030 3175/9/5881
f 3239/9/6031 3157/9/6031 3263/9/6031
f 3156/9/6032 3202/9/6032 3203/9/6032
f 3190/9/6033 3192/9/6033 3113/9/6033
f 3112/9/6034 3206/9/6034 3256/9/6034
f 3167/9/6035 3206/9/6035 3166/9/6035
f 3139/9/6036 3222/9/6036 3149/9/6036
f 3222/9/6037 3195/9/6037 3149/9/6037
f 3224/9/6038 3223/9/6038 3071/9/6038
f 3178/9/6039 3223/9/6039 3179/9/6039
f 3122/9/6040 3179/9/6040 3224/9/6040
f 3134/9/6041 3110/9/6041 3109/9/6041
f 3197/9/6042 3133/9/6042 3132/9/6042
f 3123/9/6043 3210/9/6043 3255/9/6043
f 3228/9/6044 3162/9/6044 3210/9/6044
f 3124/9/6045 3123/9/6045 3255/9/6045
f 3217/9/6046 3123/9/6046 3122/9/6046
f 3169/9/6047 3124/9/6047 3255/9/6047
f 3122/9/6048 3124/9/6048 3179/9/6048
f 3114/9/6049 3181/9/6050 3097/9/6051
f 3251/9/6052 3099/9/6053 3098/9/6054
f 3097/9/6051 3099/9/6055 3114/9/6049
f 3097/9/6056 3227/9/6056 3185/9/6056
f 3161/9/6057 3160/9/6057 3078/9/6057
f 3172/9/6058 3160/9/6058 3162/9/6058
f 3189/9/5845 3172/9/5844 3162/9/6059
f 3147/9/6060 3172/9/6060 3171/9/6060
f 3136/9/6061 3106/9/6061 3105/9/6061
f 3152/9/6062 3106/9/6062 3094/9/6062
f 3109/9/6063 3264/9/6063 3134/9/6063
f 3219/9/6064 3134/9/6064 3264/9/6064
f 3143/9/6065 3169/9/6065 3255/9/6065
f 3180/9/6066 3169/9/6066 3262/9/6066
f 3222/9/6067 3139/9/6067 3138/9/6067
f 3195/9/6068 3222/9/6068 3201/9/6068
f 3083/9/6069 3195/9/6069 3201/9/6069
f 3195/9/6070 3194/9/6070 3214/9/6070
f 3137/9/6071 3139/9/6071 3125/9/6071
f 3163/9/6072 3138/9/6072 3215/9/6072
f 3127/9/6073 3137/9/6073 3125/9/6073
f 3215/9/6074 3138/9/6074 3137/9/6074
f 3247/9/6075 3232/9/6075 3241/9/6075
f 3241/9/6076 3232/9/6076 3242/9/6076
f 3239/9/6077 3242/9/6078 3120/9/6079
f 3214/9/6080 3212/9/6080 3150/9/6080
f 3242/9/6081 3263/9/6081 3212/9/6081
f 3211/9/6082 3212/9/6082 3263/9/6082
f 3123/9/6083 3228/9/6083 3210/9/6083
f 3228/9/6084 3217/9/6085 3187/9/6086
f 3220/9/6087 3221/9/6087 3132/9/6087
f 3072/9/6088 3221/9/6088 3226/9/6088
f 3265/9/6089 3238/9/6089 3237/9/6089
f 3247/9/6090 3243/9/6090 3246/9/6090
f 3167/9/6091 3245/9/6091 3265/9/6091
f 3206/9/6092 3167/9/6092 3204/9/6092
f 3190/9/6093 3248/9/6093 3240/9/6093
f 3205/9/6094 3248/9/6094 3256/9/6094
f 3088/9/6095 3073/9/6095 3170/9/6095
f 3226/9/6096 3088/9/6096 3085/9/6096
f 3219/9/6097 3259/9/6097 3104/9/6097
f 3229/9/6098 3235/9/6098 3253/9/6098
f 3235/9/6099 3229/9/6099 3259/9/6099
f 3252/9/6100 3258/9/6100 3253/9/6100
f 3258/9/6101 3229/9/6101 3253/9/6101
f 3261/9/6102 3230/9/6102 3244/9/6102
f 3260/9/6103 3261/9/6103 3244/9/6103
f 3261/9/6104 3082/9/6104 3102/9/6104
f 3169/9/6105 3180/9/6105 3124/9/6105
f 3262/9/6106 3233/9/6107 3178/9/6108
f 3264/9/6109 3109/9/6109 3178/9/6109
f 3223/9/6110 3178/9/6110 3109/9/6110
f 3194/9/6111 3260/9/6111 3243/9/6111
f 3247/9/6112 3246/9/6112 3245/9/6112
f 3243/9/6113 3260/9/6113 3246/9/6113
f 3244/9/6114 3246/9/6114 3260/9/6114
f 3165/9/6115 3164/9/6115 3096/9/6115
f 3095/9/6116 3094/9/6116 3084/9/6116
f 3094/9/6015 3136/9/6014 3084/9/6117
f 3082/9/6118 3084/9/6118 3136/9/6118
f 3094/9/5812 3096/9/6119 3153/9/5813
f 3165/9/6120 3096/9/6120 3095/9/6120
f 3232/9/6121 3247/9/6121 3167/9/6121
f 3242/9/6122 3232/9/6122 3120/9/6122
f 3167/9/6123 3118/9/6123 3232/9/6123
f 3119/9/6124 3111/9/6124 3216/9/6124
f 3216/9/6125 3080/9/6125 3119/9/6125
f 3239/9/6126 3119/9/6126 3080/9/6126
f 3157/9/6127 3239/9/6127 3080/9/6127
f 3242/9/6078 3239/9/6077 3263/9/6128
f 3118/9/6129 3111/9/6129 3119/9/6129
f 3112/9/6130 3111/9/6130 3166/9/6130
f 3206/9/6131 3112/9/6131 3166/9/6131
f 3113/9/6132 3112/9/6132 3256/9/6132
f 3190/9/6133 3113/9/6133 3256/9/6133
f 3216/9/6134 3113/9/6134 3192/9/6134
f 3248/9/6135 3190/9/6135 3256/9/6135
f 3191/9/6136 3190/9/6136 3240/9/6136
f 3252/9/6137 3236/9/6137 3238/9/6137
f 3234/9/6138 3254/9/6138 3253/9/6138
f 3235/9/6139 3234/9/6139 3253/9/6139
f 3234/9/6140 3262/9/6140 3168/9/6140
f 3236/9/6141 3252/9/6141 3254/9/6141
f 3257/9/6142 3252/9/6142 3238/9/6142
f 3257/9/6143 3238/9/6143 3265/9/6143
f 3258/9/6144 3244/9/6144 3230/9/6144
f 3244/9/6145 3258/9/6145 3257/9/6145
f 3258/9/6146 3230/9/6146 3229/9/6146
f 3235/9/6005 3264/9/6007 3233/9/6147
f 3178/9/6108 3233/9/6107 3264/9/6148
f 3151/9/6149 3139/9/6149 3149/9/6149
f 3128/9/6150 3151/9/6150 3218/9/6150
f 3208/9/5869 3142/9/5868 3184/9/6151
f 3140/9/6152 3142/9/6152 3154/9/6152
f 3108/9/6153 3073/9/6153 3101/9/6153
f 3129/9/6154 3128/9/6154 3130/9/6154
f 3151/9/6155 3128/9/6155 3125/9/6155
f 3154/9/6156 3208/9/6156 3155/9/6156
f 3186/9/6157 3208/9/6157 3184/9/6157
f 3183/9/6158 3187/9/6158 3174/9/6158
f 3228/9/6084 3187/9/6086 3189/9/6159
f 3250/9/6160 3237/9/6160 3249/9/6160
f 3204/9/6161 3167/9/6161 3265/9/6161
f 3265/9/6162 3237/9/6162 3204/9/6162
f 3257/9/6163 3265/9/6163 3245/9/6163
f 3234/9/6164 3168/9/6164 3145/9/6164
f 3169/9/6165 3168/9/6165 3262/9/6165
f 3079/9/6166 3159/9/6166 3158/9/6166
f 3224/9/6167 3225/9/6167 3122/9/6167
f 3251/9/6052 3098/9/6054 3141/9/6168
f 3142/9/6169 3141/9/6169 3098/9/6169
f 3071/9/6170 3133/9/6170 3197/9/6170
f 3134/9/6171 3133/9/6171 3110/9/6171
f 3266/9/6172 3071/9/6172 3267/9/6172
f 3268/9/6173 3269/9/6173 3270/9/6173
f 3271/9/6174 3272/9/6174 3273/9/6174
f 3274/9/6175 3270/9/6175 3275/9/6175
f 3276/9/6176 3277/9/6176 3278/9/6176
f 3279/9/6177 3188/9/6177 3183/9/6177
f 3188/9/6178 3279/9/6178 3280/9/6178
f 3281/9/6179 3282/9/6180 3283/9/6181
f 3284/9/6182 3285/9/6182 3286/9/6182
f 3287/9/6183 3186/9/6183 3185/9/6183
f 3273/9/6184 3272/9/6184 3288/9/6184
f 3289/9/6185 3268/9/6185 3270/9/6185
f 3290/9/6186 3291/9/6186 3292/9/6186
f 3268/9/6187 3171/9/6187 3173/9/6187
f 3289/9/6188 3270/9/6188 3293/9/6188
f 3268/9/6189 3289/9/6189 3171/9/6189
f 3071/9/6190 3294/9/6190 3295/9/6190
f 3296/9/6191 3297/9/6191 3298/9/6191
f 3299/9/6192 3300/9/6192 3164/9/6192
f 3266/9/6193 3267/9/6193 3279/9/6193
f 3289/9/6194 3148/9/6194 3147/9/6194
f 3301/9/6195 3302/9/6195 3303/9/6195
f 3287/9/6196 3276/9/6196 3304/9/6196
f 3305/9/6197 3306/9/6197 3307/9/6197
f 3304/9/6198 3308/9/6198 3287/9/6198
f 3186/9/5905 3308/9/6199 3213/9/5906
f 3309/9/6200 3079/9/6200 3209/9/6200
f 3310/9/6201 3311/9/6201 3312/9/6201
f 3313/9/6202 3284/9/6202 3314/9/6202
f 3287/9/6203 3308/9/6203 3186/9/6203
f 3227/9/6204 3315/9/6204 3185/9/6204
f 3170/9/6205 3316/9/6205 3086/9/6205
f 3317/9/6206 3318/9/6206 3319/9/6206
f 3320/9/6207 3107/9/6207 3121/9/6207
f 3313/9/6208 3314/9/6208 3321/9/6208
f 3200/9/6209 3196/9/6209 3321/9/6209
f 3209/9/6210 3213/9/6210 3309/9/6210
f 3322/9/6211 3323/9/6211 3324/9/6211
f 3325/9/6212 3079/9/6212 3326/9/6212
f 3079/9/6213 3309/9/6213 3327/9/6213
f 3183/9/6214 3182/9/6214 3266/9/6214
f 3196/9/6215 3148/9/6216 3313/9/6217
f 3200/9/6218 3328/9/6219 3116/9/6220
f 3329/9/6221 3330/9/6221 3318/9/6221
f 3331/9/6222 3332/9/6222 3333/9/6222
f 3287/9/6223 3315/9/6223 3276/9/6223
f 3269/9/6224 3275/9/6224 3270/9/6224
f 3334/9/6225 3335/9/6225 3336/9/6225
f 3071/9/6226 3337/9/6226 3338/9/6226
f 3273/9/6227 3320/9/6227 3271/9/6227
f 3300/9/6228 3339/9/6228 3340/9/6228
f 3294/9/6229 3341/9/6229 3342/9/6229
f 3163/9/6230 3299/9/6230 3164/9/6230
f 3337/9/6231 3117/9/6231 3087/9/6231
f 3343/9/6232 3283/9/6181 3282/9/6180
f 3344/9/6233 3086/9/6233 3316/9/6233
f 3344/9/6234 3087/9/6234 3086/9/6234
f 3345/9/6235 3346/9/6235 3347/9/6235
f 3348/9/6236 3349/9/6236 3350/9/6236
f 3351/9/6237 3352/9/6237 3353/9/6237
f 3121/9/6238 3152/9/6238 3271/9/6238
f 3071/9/6239 3354/9/6239 3267/9/6239
f 3320/9/6240 3343/9/6241 3355/9/6242
f 3355/9/6243 3316/9/6244 3170/9/6245
f 3350/9/6246 3317/9/6246 3356/9/6246
f 3320/9/6240 3355/9/6242 3107/9/6247
f 3071/9/6248 3117/9/6248 3337/9/6248
f 3079/9/6249 3357/9/6249 3358/9/6249
f 3339/9/6250 3300/9/6250 3359/9/6250
f 3152/9/6251 3153/9/6251 3340/9/6251
f 3360/9/6252 3227/9/6252 3181/9/6252
f 3361/9/6253 3127/9/6253 3126/9/6253
f 3079/9/6254 3362/9/6254 3363/9/6254
f 3334/9/6255 3336/9/6255 3364/9/6255
f 3116/9/6256 3328/9/6256 3365/9/6256
f 3127/9/6257 3361/9/6258 3322/9/6259
f 3286/9/6260 3366/9/6260 3367/9/6260
f 3079/9/6261 3358/9/6261 3368/9/6261
f 3369/9/6262 3347/9/6262 3298/9/6262
f 3323/9/6263 3322/9/6259 3361/9/6258
f 3299/9/6264 3324/9/6264 3370/9/6264
f 3371/9/6265 3372/9/6266 3334/9/6267
f 3373/9/6268 3374/9/6268 3375/9/6268
f 3131/9/6269 3079/9/6269 3335/9/6269
f 3367/9/6270 3376/9/6270 3365/9/6270
f 3377/9/6271 3378/9/6271 3331/9/6271
f 3131/9/6272 3335/9/6272 3129/9/6272
f 3307/9/6273 3306/9/6273 3371/9/6273
f 3335/9/6274 3372/9/6274 3129/9/6274
f 3365/9/6275 3376/9/6275 3360/9/6275
f 3108/9/6276 3355/9/6276 3170/9/6276
f 3296/9/6277 3358/9/6277 3357/9/6277
f 3315/9/6278 3227/9/6278 3360/9/6278
f 3327/9/6279 3309/9/6279 3304/9/6279
f 3338/9/6280 3337/9/6281 3379/9/6282
f 3334/9/6283 3372/9/6283 3335/9/6283
f 3336/9/6284 3335/9/6284 3079/9/6284
f 3310/9/6285 3312/9/6285 3380/9/6285
f 3267/9/6286 3354/9/6287 3381/9/6288
f 3280/9/6289 3173/9/6289 3188/9/6289
f 3280/9/6290 3382/9/6290 3269/9/6290
f 3071/9/6291 3341/9/6291 3294/9/6291
f 3383/9/6292 3071/9/6292 3384/9/6292
f 3215/9/6293 3322/9/6293 3163/9/6293
f 3370/9/6294 3359/9/6294 3300/9/6294
f 3152/9/6295 3340/9/6295 3271/9/6295
f 3343/9/6296 3320/9/6296 3273/9/6296
f 3126/9/5799 3129/9/5801 3372/9/6297
f 3371/9/6298 3323/9/6298 3361/9/6298
f 3385/9/6299 3316/9/6299 3282/9/6299
f 3337/9/6300 3344/9/6300 3379/9/6300
f 3181/9/6301 3116/9/6301 3365/9/6301
f 3315/9/6302 3360/9/6302 3376/9/6302
f 3327/9/6303 3386/9/6303 3326/9/6303
f 3302/9/6304 3301/9/6304 3352/9/6304
f 3368/9/6305 3362/9/6305 3079/9/6305
f 3364/9/6306 3307/9/6307 3334/9/6308
f 3071/9/6309 3266/9/6309 3182/9/6309
f 3266/9/6310 3279/9/6310 3183/9/6310
f 3382/9/6311 3279/9/6311 3267/9/6311
f 3387/9/6312 3276/9/6312 3376/9/6312
f 3386/9/6313 3278/9/6314 3388/9/6315
f 3079/9/6316 3325/9/6316 3357/9/6316
f 3358/9/6317 3296/9/6317 3368/9/6317
f 3388/9/6318 3301/9/6319 3303/9/6320
f 3296/9/6321 3302/9/6321 3297/9/6321
f 3363/9/6322 3362/9/6322 3389/9/6322
f 3153/9/6323 3164/9/6323 3300/9/6323
f 3271/9/6324 3340/9/6324 3339/9/6324
f 3300/9/6325 3340/9/6325 3153/9/6325
f 3370/9/6326 3300/9/6326 3299/9/6326
f 3271/9/6327 3339/9/6327 3272/9/6327
f 3121/9/6328 3271/9/6328 3320/9/6328
f 3390/9/6329 3388/9/6318 3278/9/6330
f 3390/9/6331 3353/9/6332 3301/9/6333
f 3391/9/6334 3392/9/6334 3393/9/6334
f 3356/9/6335 3319/9/6335 3394/9/6335
f 3395/9/6336 3396/9/6336 3319/9/6336
f 3317/9/6337 3350/9/6337 3349/9/6337
f 3397/9/6338 3329/9/6338 3318/9/6338
f 3307/9/6339 3345/9/6339 3305/9/6339
f 3349/9/6340 3359/9/6340 3370/9/6340
f 3348/9/6341 3339/9/6341 3359/9/6341
f 3370/9/6342 3398/9/6342 3349/9/6342
f 3317/9/6343 3397/9/6343 3318/9/6343
f 3398/9/6344 3399/9/6344 3349/9/6344
f 3400/9/6345 3395/9/6345 3330/9/6345
f 3401/9/6346 3310/9/6346 3380/9/6346
f 3283/9/6347 3402/9/6347 3403/9/6347
f 3404/9/6348 3394/9/6348 3405/9/6348
f 3288/9/6349 3283/9/6349 3273/9/6349
f 3349/9/6350 3397/9/6350 3317/9/6350
f 3406/9/6351 3305/9/6351 3345/9/6351
f 3405/9/6352 3380/9/6352 3404/9/6352
f 3404/9/6353 3380/9/6353 3333/9/6353
f 3329/9/6354 3397/9/6354 3406/9/6354
f 3351/9/6355 3330/9/6355 3407/9/6355
f 3348/9/6356 3272/9/6356 3339/9/6356
f 3272/9/6357 3348/9/6358 3288/9/6359
f 3356/9/6360 3288/9/6360 3350/9/6360
f 3394/9/6361 3404/9/6361 3402/9/6361
f 3407/9/6362 3330/9/6362 3329/9/6362
f 3408/9/6363 3400/9/6363 3392/9/6363
f 3391/9/6364 3409/9/6364 3408/9/6364
f 3396/9/6365 3375/9/6366 3401/9/6367
f 3292/9/6368 3275/9/6368 3290/9/6368
f 3409/9/6369 3410/9/6369 3374/9/6369
f 3411/9/6370 3071/9/6370 3295/9/6370
f 3381/9/6371 3412/9/6371 3290/9/6371
f 3349/9/6372 3348/9/6372 3359/9/6372
f 3348/9/6358 3350/9/6373 3288/9/6359
f 3395/9/6374 3319/9/6374 3318/9/6374
f 3405/9/6375 3394/9/6375 3319/9/6375
f 3398/9/6376 3370/9/6376 3324/9/6376
f 3399/9/6377 3398/9/6377 3305/9/6377
f 3401/9/6378 3380/9/6378 3405/9/6378
f 3312/9/6379 3342/9/6380 3333/9/6381
f 3413/9/6382 3414/9/6382 3291/9/6382
f 3310/9/6383 3415/9/6383 3311/9/6383
f 3402/9/6384 3283/9/6384 3288/9/6384
f 3283/9/6385 3403/9/6385 3281/9/6385
f 3394/9/6386 3402/9/6386 3288/9/6386
f 3402/9/6387 3404/9/6387 3332/9/6387
f 3386/9/6388 3327/9/6388 3304/9/6388
f 3278/9/6389 3304/9/6389 3276/9/6389
f 3326/9/6390 3386/9/6390 3388/9/6390
f 3278/9/6314 3386/9/6313 3304/9/6391
f 3390/9/6392 3278/9/6392 3277/9/6392
f 3353/9/6393 3390/9/6393 3277/9/6393
f 3388/9/6318 3390/9/6329 3301/9/6319
f 3277/9/6394 3387/9/6394 3416/9/6394
f 3353/9/6395 3392/9/6395 3351/9/6395
f 3367/9/6396 3387/9/6396 3376/9/6396
f 3366/9/6397 3409/9/6397 3391/9/6397
f 3293/9/6398 3284/9/6398 3313/9/6398
f 3409/9/6399 3374/9/6399 3408/9/6399
f 3330/9/6400 3351/9/6400 3392/9/6400
f 3417/9/6401 3302/9/6401 3352/9/6401
f 3384/9/6402 3379/9/6402 3377/9/6402
f 3384/9/6403 3071/9/6403 3338/9/6403
f 3385/9/6404 3378/9/6404 3379/9/6404
f 3418/9/6405 3341/9/6405 3383/9/6405
f 3364/9/6406 3363/9/6406 3389/9/6406
f 3336/9/6407 3079/9/6407 3363/9/6407
f 3345/9/6408 3307/9/6307 3364/9/6306
f 3345/9/6408 3364/9/6306 3389/9/6409
f 3305/9/6410 3398/9/6410 3306/9/6410
f 3276/9/6411 3315/9/6411 3376/9/6411
f 3185/9/6412 3315/9/6412 3287/9/6412
f 3326/9/6413 3388/9/6413 3325/9/6413
f 3367/9/6414 3366/9/6414 3419/9/6414
f 3303/9/6415 3325/9/6415 3388/9/6415
f 3336/9/6416 3363/9/6416 3364/9/6416
f 3346/9/6417 3362/9/6417 3368/9/6417
f 3365/9/6418 3360/9/6418 3181/9/6418
f 3367/9/6419 3365/9/6419 3328/9/6419
f 3367/9/6420 3328/9/6420 3314/9/6420
f 3367/9/6421 3419/9/6421 3387/9/6421
f 3416/9/6422 3387/9/6422 3419/9/6422
f 3276/9/6423 3387/9/6423 3277/9/6423
f 3280/9/6424 3269/9/6424 3268/9/6424
f 3275/9/6425 3269/9/6425 3382/9/6425
f 3382/9/6426 3381/9/6426 3290/9/6426
f 3275/9/6427 3292/9/6427 3274/9/6427
f 3382/9/6428 3290/9/6428 3275/9/6428
f 3291/9/6429 3415/9/6429 3310/9/6429
f 3274/9/6430 3292/9/6430 3285/9/6430
f 3293/9/6431 3270/9/6431 3274/9/6431
f 3285/9/6432 3414/9/6432 3410/9/6432
f 3366/9/6433 3420/9/6433 3409/9/6433
f 3285/9/6434 3293/9/6434 3274/9/6434
f 3289/9/6435 3293/9/6435 3313/9/6435
f 3148/9/6436 3289/9/6436 3313/9/6436
f 3289/9/6437 3147/9/6437 3171/9/6437
f 3285/9/6438 3284/9/6438 3293/9/6438
f 3286/9/6439 3367/9/6439 3314/9/6439
f 3286/9/6440 3314/9/6440 3284/9/6440
f 3321/9/6441 3328/9/6219 3200/9/6218
f 3313/9/6217 3321/9/6442 3196/9/6215
f 3328/9/6443 3321/9/6443 3314/9/6443
f 3312/9/6444 3333/9/6444 3380/9/6444
f 3333/9/6445 3418/9/6445 3331/9/6445
f 3383/9/6446 3341/9/6446 3071/9/6446
f 3342/9/6447 3341/9/6447 3418/9/6447
f 3377/9/6448 3418/9/6448 3383/9/6448
f 3311/9/6449 3295/9/6449 3294/9/6449
f 3354/9/6450 3411/9/6450 3412/9/6450
f 3330/9/6451 3395/9/6451 3318/9/6451
f 3396/9/6452 3395/9/6452 3373/9/6452
f 3378/9/6453 3281/9/6453 3403/9/6453
f 3385/9/6454 3282/9/6454 3281/9/6454
f 3331/9/6455 3378/9/6455 3403/9/6455
f 3379/9/6456 3378/9/6456 3377/9/6456
f 3331/9/6457 3403/9/6457 3332/9/6457
f 3377/9/6458 3331/9/6458 3418/9/6458
f 3402/9/6459 3332/9/6459 3403/9/6459
f 3333/9/6460 3332/9/6460 3404/9/6460
f 3415/9/6461 3291/9/6461 3290/9/6461
f 3413/9/6462 3291/9/6462 3310/9/6462
f 3290/9/6463 3412/9/6463 3415/9/6463
f 3415/9/6464 3412/9/6464 3311/9/6464
f 3295/9/6465 3311/9/6465 3412/9/6465
f 3294/9/6466 3312/9/6466 3311/9/6466
f 3299/9/6467 3163/9/6468 3322/9/6469
f 3398/9/6470 3324/9/6471 3323/9/6472
f 3322/9/6469 3324/9/6473 3299/9/6467
f 3322/9/6474 3215/9/6474 3127/9/6474
f 3283/9/6475 3343/9/6475 3273/9/6475
f 3355/9/6476 3343/9/6476 3282/9/6476
f 3316/9/6244 3355/9/6243 3282/9/6477
f 3107/9/6478 3355/9/6478 3108/9/6478
f 3401/9/6367 3405/9/6479 3396/9/6365
f 3310/9/6480 3401/9/6480 3413/9/6480
f 3267/9/6481 3381/9/6481 3382/9/6481
f 3354/9/6287 3412/9/6482 3381/9/6288
f 3396/9/6483 3373/9/6483 3375/9/6483
f 3319/9/6484 3396/9/6484 3405/9/6484
f 3373/9/6485 3408/9/6485 3374/9/6485
f 3413/9/6486 3401/9/6486 3375/9/6486
f 3409/9/6487 3420/9/6487 3410/9/6487
f 3413/9/6488 3375/9/6488 3374/9/6488
f 3414/9/6489 3285/9/6489 3292/9/6489
f 3413/9/6490 3374/9/6490 3410/9/6490
f 3291/9/6491 3414/9/6491 3292/9/6491
f 3413/9/6492 3410/9/6492 3414/9/6492
f 3400/9/6493 3408/9/6493 3373/9/6493
f 3391/9/6494 3408/9/6494 3392/9/6494
f 3395/9/6495 3400/9/6495 3373/9/6495
f 3392/9/6496 3400/9/6496 3330/9/6496
f 3393/9/6497 3392/9/6497 3353/9/6497
f 3366/9/6498 3391/9/6498 3419/9/6498
f 3280/9/6499 3268/9/6499 3173/9/6499
f 3382/9/6500 3280/9/6500 3279/9/6500
f 3378/9/6501 3385/9/6501 3281/9/6501
f 3385/9/6502 3379/9/6503 3344/9/6504
f 3346/9/6505 3345/9/6505 3389/9/6505
f 3406/9/6506 3345/9/6506 3347/9/6506
f 3329/9/6507 3406/9/6507 3347/9/6507
f 3399/9/6508 3406/9/6509 3397/9/6510
f 3416/9/6511 3353/9/6511 3277/9/6511
f 3419/9/6512 3391/9/6512 3393/9/6512
f 3419/9/6513 3393/9/6513 3416/9/6513
f 3353/9/6514 3416/9/6514 3393/9/6514
f 3333/9/6381 3342/9/6380 3418/9/6515
f 3312/9/6516 3294/9/6516 3342/9/6516
f 3372/9/6266 3371/9/6265 3361/9/6517
f 3307/9/6518 3371/9/6518 3334/9/6518
f 3304/9/6519 3309/9/6519 3308/9/6519
f 3213/9/6520 3308/9/6520 3309/9/6520
f 3126/9/6521 3372/9/6521 3361/9/6521
f 3087/9/6522 3344/9/6522 3337/9/6522
f 3385/9/6502 3344/9/6504 3316/9/6523
f 3297/9/6524 3302/9/6524 3417/9/6524
f 3303/9/6525 3296/9/6525 3357/9/6525
f 3369/9/6526 3297/9/6526 3417/9/6526
f 3347/9/6527 3346/9/6527 3298/9/6527
f 3407/9/6528 3369/9/6529 3417/9/6530
f 3329/9/6531 3347/9/6531 3369/9/6531
f 3353/9/6332 3352/9/6532 3301/9/6333
f 3417/9/6533 3352/9/6533 3351/9/6533
f 3296/9/6534 3303/9/6534 3302/9/6534
f 3303/9/6535 3357/9/6535 3325/9/6535
f 3362/9/6536 3346/9/6536 3389/9/6536
f 3298/9/6537 3346/9/6538 3368/9/6539
f 3296/9/6540 3298/9/6537 3368/9/6539
f 3298/9/6541 3297/9/6541 3369/9/6541
f 3319/9/6542 3356/9/6542 3317/9/6542
f 3288/9/6543 3356/9/6543 3394/9/6543
f 3369/9/6529 3407/9/6528 3329/9/6544
f 3351/9/6545 3407/9/6545 3417/9/6545
f 3406/9/6509 3399/9/6508 3305/9/6546
f 3349/9/6547 3399/9/6547 3397/9/6547
f 3079/9/6548 3327/9/6548 3326/9/6548
f 3420/9/6549 3286/9/6549 3285/9/6549
f 3286/9/6550 3420/9/6550 3366/9/6550
f 3410/9/6551 3420/9/6551 3285/9/6551
f 3379/9/6282 3384/9/6552 3338/9/6280
f 3383/9/6553 3384/9/6553 3377/9/6553
f 3398/9/6470 3323/9/6472 3306/9/6554
f 3371/9/6555 3306/9/6555 3323/9/6555
f 3071/9/6556 3411/9/6556 3354/9/6556
f 3295/9/6557 3412/9/6557 3411/9/6557
